datetime,distance_m,air_temp_C,RH_pct,soil_temp_C,snow_depth_m,field_distance_m,field_snow_depth_m
2025-02-11 15:00:00,1.4976,-4.016,48.3,,0.4123999999999999,,
2025-02-11 16:00:00,1.5102,-3.568,51.1,,0.39979999999999993,,
2025-02-11 17:00:00,1.5102,-5.11,43.8,,0.39979999999999993,,
2025-02-11 18:00:00,1.5102,-5.979,47.4,,0.39979999999999993,,
2025-02-11 19:00:00,1.5039,-6.388,50.4,,0.4060999999999999,,
2025-02-11 20:00:00,1.5102,-6.357,47.9,,0.39979999999999993,,
2025-02-11 21:00:00,1.5259,-6.262,50.5,,0.3840999999999999,,
2025-02-11 22:00:00,1.5259,-6.231,49.7,,0.3840999999999999,,
2025-02-11 23:00:00,1.5322,-5.698,44.8,,0.3777999999999999,,
2025-02-12 00:00:00,1.5259,-5.295,49.3,,0.3840999999999999,,
2025-02-12 01:00:00,1.5196,-5.574,50.5,,0.39039999999999986,,
2025-02-12 02:00:00,1.5196,-5.574,50.7,,0.39039999999999986,,
2025-02-12 03:00:00,1.5133,-5.542,50.9,,0.39669999999999983,,
2025-02-12 04:00:00,1.5102,-5.449,48.2,,0.39979999999999993,,
2025-02-12 05:00:00,1.507,-5.636,48.3,,0.403,,
2025-02-12 06:00:00,1.5133,-6.01,47.2,,0.39669999999999983,,
2025-02-12 07:00:00,1.5039,-6.388,48.4,,0.4060999999999999,,
2025-02-12 08:00:00,1.5102,-6.515,46.8,,0.39979999999999993,,
2025-02-12 09:00:00,1.5165,-6.579,49.0,,0.39349999999999996,,
2025-02-12 10:00:00,1.529,-5.76,49.5,,0.381,,
2025-02-12 11:00:00,1.5447,-4.59,49.7,,0.36529999999999996,,
2025-02-12 12:00:00,,-3.777,46.3,,,,
2025-02-12 13:00:00,1.5353,-3.657,49.1,,0.3746999999999998,,
2025-02-12 14:00:00,1.5133,-2.918,47.2,,0.39669999999999983,,
2025-02-12 15:00:00,1.5039,-2.771,55.0,,0.4060999999999999,,
2025-02-12 16:00:00,1.5008,-3.124,57.2,,0.4092,,
2025-02-12 17:00:00,1.4976,-3.777,52.4,,0.4123999999999999,,
2025-02-12 18:00:00,1.4914,-4.499,60.1,,0.41859999999999986,,
2025-02-12 19:00:00,1.4914,-5.636,55.1,,0.41859999999999986,,
2025-02-12 20:00:00,1.4882,-5.636,52.6,,0.42179999999999995,,
2025-02-12 21:00:00,1.5039,-5.326,47.8,,0.4060999999999999,,
2025-02-12 22:00:00,1.5102,-5.357,49.1,,0.39979999999999993,,
2025-02-12 23:00:00,1.5133,-4.957,46.0,,0.39669999999999983,,
2025-02-13 00:00:00,1.5102,-4.773,45.9,,0.39979999999999993,,
2025-02-13 01:00:00,1.5165,-5.326,55.5,,0.39349999999999996,,
2025-02-13 02:00:00,1.5196,-5.202,56.8,,0.39039999999999986,,
2025-02-13 03:00:00,1.5165,-5.079,54.7,,0.39349999999999996,,
2025-02-13 04:00:00,1.5133,-4.469,52.3,,0.39669999999999983,,
2025-02-13 05:00:00,1.5165,-4.469,51.0,,0.39349999999999996,,
2025-02-13 06:00:00,1.5133,-4.197,47.7,,0.39669999999999983,,
2025-02-13 07:00:00,1.5102,-3.807,47.1,,0.39979999999999993,,
2025-02-13 08:00:00,1.5133,-2.683,41.1,,0.39669999999999983,,
2025-02-13 09:00:00,1.5102,-2.654,44.0,,0.39979999999999993,,
2025-02-13 10:00:00,1.5039,-2.479,45.7,,0.4060999999999999,,
2025-02-13 11:00:00,1.5039,-0.704,43.3,,0.4060999999999999,,
2025-02-13 12:00:00,1.4976,-0.845,47.4,,0.4123999999999999,,
2025-02-13 13:00:00,1.5008,-1.015,53.7,,0.4092,,
2025-02-13 14:00:00,1.4976,-0.311,55.9,,0.4123999999999999,,
2025-02-13 15:00:00,1.4945,-0.902,54.8,,0.4155,,
2025-02-13 16:00:00,1.4976,-1.213,55.0,,0.4123999999999999,,
2025-02-13 17:00:00,1.4945,-1.441,59.6,,0.4155,,
2025-02-13 18:00:00,1.4945,-1.958,57.0,,0.4155,,
2025-02-13 19:00:00,1.4914,-2.363,59.5,,0.41859999999999986,,
2025-02-13 20:00:00,1.5008,-2.566,59.8,,0.4092,,
2025-02-13 21:00:00,1.5008,-2.83,63.3,,0.4092,,
2025-02-13 22:00:00,1.5039,-3.212,59.0,,0.4060999999999999,,
2025-02-13 23:00:00,1.5039,-3.479,57.8,,0.4060999999999999,,
2025-02-14 00:00:00,,-3.627,58.7,,,,
2025-02-14 01:00:00,1.5039,-3.807,54.4,,0.4060999999999999,,
2025-02-14 02:00:00,1.5039,-4.227,56.8,,0.4060999999999999,,
2025-02-14 03:00:00,1.5039,-4.53,56.3,,0.4060999999999999,,
2025-02-14 04:00:00,1.4976,-4.834,56.1,,0.4123999999999999,,
2025-02-14 05:00:00,1.4976,-5.11,59.9,,0.4123999999999999,,
2025-02-14 06:00:00,1.4976,-5.388,62.2,,0.4123999999999999,,
2025-02-14 07:00:00,1.4945,-5.636,61.7,,0.4155,,
2025-02-14 08:00:00,1.4945,-6.073,62.1,,0.4155,,
2025-02-14 09:00:00,1.4945,-6.262,67.1,,0.4155,,
2025-02-14 10:00:00,1.4945,-5.636,69.2,,0.4155,,
2025-02-14 11:00:00,1.4945,-5.357,79.1,,0.4155,,
2025-02-14 12:00:00,1.4945,-4.016,69.1,,0.4155,,
2025-02-14 13:00:00,1.4976,-3.153,64.7,,0.4123999999999999,,
2025-02-14 14:00:00,1.4976,-2.947,69.1,,0.4123999999999999,,
2025-02-14 15:00:00,1.5039,-2.712,71.7,,0.4060999999999999,,
2025-02-14 16:00:00,1.5102,-2.625,74.0,,0.39979999999999993,,
2025-02-14 17:00:00,1.5102,-2.947,78.7,,0.39979999999999993,,
2025-02-14 18:00:00,1.507,-3.094,77.2,,0.403,,
2025-02-14 19:00:00,1.5102,-3.124,79.9,,0.39979999999999993,,
2025-02-14 20:00:00,1.5133,-3.36,79.9,,0.39669999999999983,,
2025-02-14 21:00:00,1.5133,-3.094,80.0,,0.39669999999999983,,
2025-02-14 22:00:00,1.5133,-2.683,80.2,,0.39669999999999983,,
2025-02-14 23:00:00,1.5133,-2.566,84.8,,0.39669999999999983,,
2025-02-15 00:00:00,1.5165,-2.044,82.4,,0.39349999999999996,,
2025-02-15 01:00:00,1.5165,-2.015,85.5,,0.39349999999999996,,
2025-02-15 02:00:00,1.5165,-1.584,82.4,,0.39349999999999996,,
2025-02-15 03:00:00,1.5165,-1.785,88.9,,0.39349999999999996,,
2025-02-15 04:00:00,1.5165,-2.044,88.7,,0.39349999999999996,,
2025-02-15 05:00:00,1.5227,-2.16,87.7,,0.3873,,
2025-02-15 06:00:00,1.507,-2.276,88.8,,0.403,,
2025-02-15 07:00:00,1.5133,-2.742,88.5,,0.39669999999999983,,
2025-02-15 08:00:00,1.5322,-3.301,90.0,,0.3777999999999999,,
2025-02-15 09:00:00,1.4976,-3.598,93.8,,0.4123999999999999,,
2025-02-15 10:00:00,1.5196,-3.36,94.4,,0.39039999999999986,,
2025-02-15 11:00:00,1.5133,-3.301,94.2,,0.39669999999999983,,
2025-02-15 12:00:00,1.5196,-3.538,94.8,,0.39039999999999986,,
2025-02-15 13:00:00,1.4882,-3.657,94.8,,0.42179999999999995,,
2025-02-15 14:00:00,1.5384,-3.627,95.2,,0.37159999999999993,,
2025-02-15 15:00:00,1.5918,-3.687,95.4,,0.3181999999999998,,
2025-02-15 16:00:00,,-3.538,95.5,,,,
2025-02-15 17:00:00,1.5667,-3.598,95.7,,0.34329999999999994,,
2025-02-15 18:00:00,1.573,-3.836,95.6,,0.33699999999999997,,
2025-02-15 19:00:00,,-3.956,95.9,,,,
2025-02-15 20:00:00,1.5384,-3.956,95.9,,0.37159999999999993,,
2025-02-15 21:00:00,1.5165,-3.926,95.9,,0.39349999999999996,,
2025-02-15 22:00:00,1.5824,-3.479,96.3,,0.3275999999999999,,
2025-02-15 23:00:00,1.6451,-2.654,96.7,,0.2648999999999999,,
2025-02-16 00:00:00,1.5478,-3.33,96.0,,0.36219999999999986,,
2025-02-16 01:00:00,1.5259,-3.39,96.0,,0.3840999999999999,,
2025-02-16 02:00:00,1.5478,-2.742,96.2,,0.36219999999999986,,
2025-02-16 03:00:00,1.5102,-2.421,96.8,,0.39979999999999993,,
2025-02-16 04:00:00,1.507,-2.218,96.0,,0.403,,
2025-02-16 05:00:00,1.5133,-1.699,96.3,,0.39669999999999983,,
2025-02-16 06:00:00,1.5133,-1.842,97.1,,0.39669999999999983,,
2025-02-16 07:00:00,1.5133,-1.356,97.1,,0.39669999999999983,,
2025-02-16 08:00:00,1.5165,-0.789,96.8,,0.39349999999999996,,
2025-02-16 09:00:00,1.5165,-0.423,96.8,,0.39349999999999996,,
2025-02-16 10:00:00,1.5227,-0.088,96.2,,0.3873,,
2025-02-16 11:00:00,1.5227,0.356,94.2,,0.3873,,
2025-02-16 12:00:00,1.5322,0.439,93.7,,0.3777999999999999,,
2025-02-16 13:00:00,1.529,0.329,93.0,,0.381,,
2025-02-16 14:00:00,1.4882,0.742,92.8,,0.42179999999999995,,
2025-02-16 15:00:00,1.4537,0.632,93.7,,0.45629999999999993,,
2025-02-16 16:00:00,1.4537,0.301,94.4,,0.45629999999999993,,
2025-02-16 17:00:00,1.4663,-0.143,94.1,,0.4437,,
2025-02-16 18:00:00,1.4631,-0.451,94.3,,0.44689999999999985,,
2025-02-16 19:00:00,1.46,-0.704,94.2,,0.44999999999999996,,
2025-02-16 20:00:00,1.4631,-0.423,92.7,,0.44689999999999985,,
2025-02-16 21:00:00,1.4631,-0.199,91.8,,0.44689999999999985,,
2025-02-16 22:00:00,1.4631,-0.283,92.9,,0.44689999999999985,,
2025-02-16 23:00:00,1.4631,-0.423,93.0,,0.44689999999999985,,
2025-02-17 00:00:00,1.4663,-0.171,91.0,,0.4437,,
2025-02-17 01:00:00,1.4631,-0.367,91.5,,0.44689999999999985,,
2025-02-17 02:00:00,1.4631,0.079,90.5,,0.44689999999999985,,
2025-02-17 03:00:00,1.4631,-0.283,92.1,,0.44689999999999985,,
2025-02-17 04:00:00,1.4631,-0.199,92.5,,0.44689999999999985,,
2025-02-17 05:00:00,1.4631,-0.311,92.1,,0.44689999999999985,,
2025-02-17 06:00:00,1.46,-0.732,92.3,,0.44999999999999996,,
2025-02-17 07:00:00,1.46,-0.817,92.1,,0.44999999999999996,,
2025-02-17 08:00:00,1.4631,-0.789,92.1,,0.44689999999999985,,
2025-02-17 09:00:00,1.46,-0.62,91.1,,0.44999999999999996,,
2025-02-17 10:00:00,1.4631,0.051,91.7,,0.44689999999999985,,
2025-02-17 11:00:00,1.4694,0.934,90.9,,0.4405999999999999,,
2025-02-17 12:00:00,1.4694,1.126,88.8,,0.4405999999999999,,
2025-02-17 13:00:00,1.46,1.344,88.2,,0.44999999999999996,,
2025-02-17 14:00:00,1.46,1.099,91.3,,0.44999999999999996,,
2025-02-17 15:00:00,1.4568,1.235,92.1,,0.4531999999999998,,
2025-02-17 16:00:00,1.4474,1.344,93.3,,0.4625999999999999,,
2025-02-17 17:00:00,1.4506,1.153,93.6,,0.45940000000000003,,
2025-02-17 18:00:00,1.4568,0.632,94.5,,0.4531999999999998,,
2025-02-17 19:00:00,1.4537,0.356,94.8,,0.45629999999999993,,
2025-02-17 20:00:00,1.4537,0.439,95.0,,0.45629999999999993,,
2025-02-17 21:00:00,1.4568,0.107,94.7,,0.4531999999999998,,
2025-02-17 22:00:00,1.4537,-0.199,94.6,,0.45629999999999993,,
2025-02-17 23:00:00,1.4506,-0.311,94.6,,0.45940000000000003,,
2025-02-18 00:00:00,1.4506,-0.367,94.2,,0.45940000000000003,,
2025-02-18 01:00:00,1.4506,-0.62,94.8,,0.45940000000000003,,
2025-02-18 02:00:00,1.4506,-0.62,94.7,,0.45940000000000003,,
2025-02-18 03:00:00,1.4506,-0.563,93.0,,0.45940000000000003,,
2025-02-18 04:00:00,1.4506,-0.93,93.7,,0.45940000000000003,,
2025-02-18 05:00:00,1.4506,-1.242,96.9,,0.45940000000000003,,
2025-02-18 06:00:00,1.4537,-1.441,97.5,,0.45629999999999993,,
2025-02-18 07:00:00,1.4506,-1.327,96.0,,0.45940000000000003,,
2025-02-18 08:00:00,1.4537,-1.327,96.2,,0.45629999999999993,,
2025-02-18 09:00:00,1.4506,-0.732,92.5,,0.45940000000000003,,
2025-02-18 10:00:00,1.4506,-0.732,93.1,,0.45940000000000003,,
2025-02-18 11:00:00,1.4568,-0.845,95.5,,0.4531999999999998,,
2025-02-18 12:00:00,1.4568,-0.676,95.0,,0.4531999999999998,,
2025-02-18 13:00:00,1.4568,-0.591,95.2,,0.4531999999999998,,
2025-02-18 14:00:00,1.46,-0.76,96.5,,0.44999999999999996,,
2025-02-18 15:00:00,1.4663,-0.817,97.4,,0.4437,,
2025-02-18 16:00:00,1.4631,-0.845,97.9,,0.44689999999999985,,
2025-02-18 17:00:00,1.4631,-0.902,98.6,,0.44689999999999985,,
2025-02-18 18:00:00,1.4663,-0.93,98.8,,0.4437,,
2025-02-18 19:00:00,1.4725,-0.93,98.6,,0.4375,,
2025-02-18 20:00:00,1.4725,-0.845,98.9,,0.4375,,
2025-02-18 21:00:00,1.4694,-0.704,99.2,,0.4405999999999999,,
2025-02-18 22:00:00,1.4694,-0.451,99.6,,0.4405999999999999,,
2025-02-18 23:00:00,1.4725,-0.507,99.7,,0.4375,,
2025-02-19 00:00:00,1.507,-0.648,99.7,,0.403,,
2025-02-19 01:00:00,1.5133,-0.648,99.8,,0.39669999999999983,,
2025-02-19 02:00:00,1.5102,-0.789,99.8,,0.39979999999999993,,
2025-02-19 03:00:00,1.4694,-0.902,99.8,,0.4405999999999999,,
2025-02-19 04:00:00,1.5102,-1.1,99.7,,0.39979999999999993,,
2025-02-19 05:00:00,1.4506,-1.071,99.7,,0.45940000000000003,,
2025-02-19 06:00:00,1.4851,-1.128,99.7,,0.42489999999999983,,
2025-02-19 07:00:00,1.5384,-1.213,99.7,,0.37159999999999993,,
2025-02-19 08:00:00,,-1.242,99.6,,,,
2025-02-19 09:00:00,,-1.157,99.7,,,,
2025-02-19 10:00:00,,-0.732,100.0,,,,
2025-02-19 11:00:00,,-0.395,100.0,,,,
2025-02-19 12:00:00,,-0.339,100.0,,,,
2025-02-19 13:00:00,1.5384,-0.06,100.0,,0.37159999999999993,,
2025-02-19 14:00:00,1.4914,0.107,100.0,,0.41859999999999986,,
2025-02-19 15:00:00,1.4349,0.135,100.0,,0.47509999999999986,,
2025-02-19 16:00:00,1.4474,0.024,100.0,,0.4625999999999999,,
2025-02-19 17:00:00,1.4568,-0.004,100.0,,0.4531999999999998,,
2025-02-19 18:00:00,1.4568,-0.06,100.0,,0.4531999999999998,,
2025-02-19 19:00:00,1.4411,-0.116,100.0,,0.4688999999999999,,
2025-02-19 20:00:00,1.4192,-0.116,100.0,,0.4907999999999999,,
2025-02-19 21:00:00,1.4192,-0.116,100.0,,0.4907999999999999,,
2025-02-19 22:00:00,1.4098,-0.004,100.0,,0.5002,,
2025-02-19 23:00:00,1.4066,-0.255,100.0,,0.5033999999999998,,
2025-02-20 00:00:00,1.4035,-0.088,100.0,,0.5065,,
2025-02-20 01:00:00,1.4035,-0.227,100.0,,0.5065,,
2025-02-20 02:00:00,1.4035,-0.451,100.0,,0.5065,,
2025-02-20 03:00:00,1.4035,-0.676,100.0,,0.5065,,
2025-02-20 04:00:00,1.4066,-1.128,99.7,,0.5033999999999998,,
2025-02-20 05:00:00,1.4317,-1.67,99.5,,0.47829999999999995,,
2025-02-20 06:00:00,1.4317,-1.384,99.6,,0.47829999999999995,,
2025-02-20 07:00:00,1.4411,-0.563,100.0,,0.4688999999999999,,
2025-02-20 08:00:00,,-0.199,100.0,,,,
2025-02-20 09:00:00,1.4003,0.495,98.6,,0.5096999999999998,,
2025-02-20 10:00:00,1.3847,0.687,98.6,,0.5252999999999999,,
2025-02-20 11:00:00,1.3941,0.797,100.0,,0.5159,,
2025-02-20 12:00:00,1.3847,0.77,100.0,,0.5252999999999999,,
2025-02-20 13:00:00,1.3878,0.825,100.0,,0.5222,,
2025-02-20 14:00:00,1.3941,0.77,100.0,,0.5159,,
2025-02-20 15:00:00,1.3941,0.605,100.0,,0.5159,,
2025-02-20 16:00:00,1.4066,0.934,100.0,,0.5033999999999998,,
2025-02-20 17:00:00,1.3909,0.742,100.0,,0.5190999999999999,,
2025-02-20 18:00:00,1.3972,0.687,100.0,,0.5127999999999999,,
2025-02-20 19:00:00,1.3941,0.439,100.0,,0.5159,,
2025-02-20 20:00:00,1.3878,0.329,100.0,,0.5222,,
2025-02-20 21:00:00,1.3941,0.384,100.0,,0.5159,,
2025-02-20 22:00:00,1.3941,0.135,100.0,,0.5159,,
2025-02-20 23:00:00,1.4066,0.163,100.0,,0.5033999999999998,,
2025-02-21 00:00:00,1.4035,0.439,100.0,,0.5065,,
2025-02-21 01:00:00,1.3909,0.301,100.0,,0.5190999999999999,,
2025-02-21 02:00:00,1.4035,0.301,100.0,,0.5065,,
2025-02-21 03:00:00,1.4035,0.384,100.0,,0.5065,,
2025-02-21 04:00:00,1.4317,0.356,100.0,,0.47829999999999995,,
2025-02-21 05:00:00,1.4035,0.412,100.0,,0.5065,,
2025-02-21 06:00:00,1.4192,0.273,100.0,,0.4907999999999999,,
2025-02-21 07:00:00,1.4192,-0.004,100.0,,0.4907999999999999,,
2025-02-21 08:00:00,,-0.199,100.0,,,,
2025-02-21 09:00:00,1.3909,0.079,100.0,,0.5190999999999999,,
2025-02-21 10:00:00,1.3972,0.19,100.0,,0.5127999999999999,,
2025-02-21 11:00:00,1.3721,0.577,100.0,,0.5378999999999998,,
2025-02-21 12:00:00,1.3784,0.495,100.0,,0.5315999999999999,,
2025-02-21 13:00:00,1.3627,0.715,100.0,,0.5472999999999999,,
2025-02-21 14:00:00,1.3784,0.467,100.0,,0.5315999999999999,,
2025-02-21 15:00:00,1.3847,0.77,100.0,,0.5252999999999999,,
2025-02-21 16:00:00,1.3972,0.907,100.0,,0.5127999999999999,,
2025-02-21 17:00:00,1.3595,0.495,100.0,,0.5505,,
2025-02-21 18:00:00,1.3627,0.77,100.0,,0.5472999999999999,,
2025-02-21 19:00:00,1.3721,1.099,100.0,,0.5378999999999998,,
2025-02-21 20:00:00,1.3658,1.561,100.0,,0.5442,,
2025-02-21 21:00:00,1.3784,1.615,100.0,,0.5315999999999999,,
2025-02-21 22:00:00,1.3878,1.913,100.0,,0.5222,,
2025-02-21 23:00:00,1.3784,1.534,100.0,,0.5315999999999999,,
2025-02-22 00:00:00,1.3815,1.643,100.0,,0.5285,,
2025-02-22 01:00:00,1.3658,1.534,99.6,,0.5442,,
2025-02-22 02:00:00,1.3847,1.588,99.3,,0.5252999999999999,,
2025-02-22 03:00:00,1.369,1.398,99.5,,0.5409999999999999,,
2025-02-22 04:00:00,1.3784,0.934,100.0,,0.5315999999999999,,
2025-02-22 05:00:00,1.3752,1.507,100.0,,0.5347999999999999,,
2025-02-22 06:00:00,1.3815,1.425,100.0,,0.5285,,
2025-02-22 07:00:00,1.3941,1.099,100.0,,0.5159,,
2025-02-22 08:00:00,1.3878,1.208,99.2,,0.5222,,
2025-02-22 09:00:00,1.3909,2.101,98.3,,0.5190999999999999,,
2025-02-22 10:00:00,1.4066,1.371,100.0,,0.5033999999999998,,
2025-02-22 11:00:00,1.4098,1.071,100.0,,0.5002,,
2025-02-22 12:00:00,1.4098,0.467,100.0,,0.5002,,
2025-02-22 13:00:00,,0.88,100.0,,,,
2025-02-22 14:00:00,1.4035,2.021,100.0,,0.5065,,
2025-02-22 15:00:00,1.4035,2.637,100.0,,0.5065,,
2025-02-22 16:00:00,1.3815,2.423,100.0,,0.5285,,
2025-02-22 17:00:00,1.4066,2.423,100.0,,0.5033999999999998,,
2025-02-22 18:00:00,1.3972,1.832,100.0,,0.5127999999999999,,
2025-02-22 19:00:00,1.4003,1.588,100.0,,0.5096999999999998,,
2025-02-22 20:00:00,1.4066,1.099,100.0,,0.5033999999999998,,
2025-02-22 21:00:00,1.4129,0.715,100.0,,0.4970999999999999,,
2025-02-22 22:00:00,1.4066,0.218,100.0,,0.5033999999999998,,
2025-02-22 23:00:00,1.4129,0.107,100.0,,0.4970999999999999,,
2025-02-23 00:00:00,1.4129,0.079,100.0,,0.4970999999999999,,
2025-02-23 01:00:00,1.4129,-0.06,100.0,,0.4970999999999999,,
2025-02-23 02:00:00,1.416,-0.199,100.0,,0.494,,
2025-02-23 03:00:00,1.4192,-0.143,100.0,,0.4907999999999999,,
2025-02-23 04:00:00,1.416,-0.199,99.9,,0.494,,
2025-02-23 05:00:00,1.4192,-0.283,100.0,,0.4907999999999999,,
2025-02-23 06:00:00,1.4192,-0.283,99.0,,0.4907999999999999,,
2025-02-23 07:00:00,1.4192,-0.479,99.4,,0.4907999999999999,,
2025-02-23 08:00:00,1.416,-0.479,98.9,,0.494,,
2025-02-23 09:00:00,1.416,-0.171,98.7,,0.494,,
2025-02-23 10:00:00,1.416,0.329,98.3,,0.494,,
2025-02-23 11:00:00,1.416,1.126,96.3,,0.494,,
2025-02-23 12:00:00,1.416,1.534,96.5,,0.494,,
2025-02-23 13:00:00,1.416,1.859,93.6,,0.494,,
2025-02-23 14:00:00,1.416,0.797,97.4,,0.494,,
2025-02-23 15:00:00,1.4192,0.55,99.2,,0.4907999999999999,,
2025-02-23 16:00:00,1.4223,0.495,99.5,,0.4877,,
2025-02-23 17:00:00,1.4317,0.218,100.0,,0.47829999999999995,,
2025-02-23 18:00:00,1.4411,-0.06,100.0,,0.4688999999999999,,
2025-02-23 19:00:00,1.4506,0.329,100.0,,0.45940000000000003,,
2025-02-23 20:00:00,1.4568,-0.032,100.0,,0.4531999999999998,,
2025-02-23 21:00:00,1.4506,-0.06,100.0,,0.45940000000000003,,
2025-02-23 22:00:00,1.4474,-0.032,100.0,,0.4625999999999999,,
2025-02-23 23:00:00,1.4286,-0.199,100.0,,0.48139999999999983,,
2025-02-24 00:00:00,1.416,-0.311,100.0,,0.494,,
2025-02-24 01:00:00,1.4223,-0.199,100.0,,0.4877,,
2025-02-24 02:00:00,1.4725,-0.283,100.0,,0.4375,,
2025-02-24 03:00:00,1.4819,-0.255,100.0,,0.4280999999999999,,
2025-02-24 04:00:00,1.416,-0.255,100.0,,0.494,,
2025-02-24 05:00:00,1.4286,-0.311,100.0,,0.48139999999999983,,
2025-02-24 06:00:00,1.4255,-0.62,100.0,,0.48449999999999993,,
2025-02-24 07:00:00,1.4506,-0.648,100.0,,0.45940000000000003,,
2025-02-24 08:00:00,1.46,-0.789,100.0,,0.44999999999999996,,
2025-02-24 09:00:00,1.5039,-0.76,100.0,,0.4060999999999999,,
2025-02-24 10:00:00,1.5039,-0.451,100.0,,0.4060999999999999,,
2025-02-24 11:00:00,1.4976,-0.451,100.0,,0.4123999999999999,,
2025-02-24 12:00:00,1.4914,-0.227,100.0,,0.41859999999999986,,
2025-02-24 13:00:00,1.4757,-0.339,100.0,,0.4342999999999999,,
2025-02-24 14:00:00,1.4757,-0.563,100.0,,0.4342999999999999,,
2025-02-24 15:00:00,1.4317,-0.563,100.0,,0.47829999999999995,,
2025-02-24 16:00:00,1.4255,-0.648,100.0,,0.48449999999999993,,
2025-02-24 17:00:00,1.3941,-0.93,100.0,,0.5159,,
2025-02-24 18:00:00,1.4349,-0.958,100.0,,0.47509999999999986,,
2025-02-24 19:00:00,1.4819,-0.986,100.0,,0.4280999999999999,,
2025-02-24 20:00:00,1.4694,-0.648,100.0,,0.4405999999999999,,
2025-02-24 21:00:00,1.438,-0.789,100.0,,0.472,,
2025-02-24 22:00:00,1.4474,-0.535,100.0,,0.4625999999999999,,
2025-02-24 23:00:00,1.3909,-0.311,100.0,,0.5190999999999999,,
2025-02-25 00:00:00,1.3941,-0.283,100.0,,0.5159,,
2025-02-25 01:00:00,1.4192,-0.283,100.0,,0.4907999999999999,,
2025-02-25 02:00:00,1.3909,-0.227,100.0,,0.5190999999999999,,
2025-02-25 03:00:00,1.4035,-0.227,100.0,,0.5065,,
2025-02-25 04:00:00,1.3909,-0.311,100.0,,0.5190999999999999,,
2025-02-25 05:00:00,1.4098,-0.395,100.0,,0.5002,,
2025-02-25 06:00:00,1.4129,-0.367,100.0,,0.4970999999999999,,
2025-02-25 07:00:00,1.416,-0.395,100.0,,0.494,,
2025-02-25 08:00:00,1.4255,-0.451,100.0,,0.48449999999999993,,
2025-02-25 09:00:00,1.4223,-0.283,100.0,,0.4877,,
2025-02-25 10:00:00,1.4317,-0.032,100.0,,0.47829999999999995,,
2025-02-25 11:00:00,1.4286,0.107,100.0,,0.48139999999999983,,
2025-02-25 12:00:00,1.3533,0.715,100.0,,0.5567,,
2025-02-25 13:00:00,1.3941,0.797,100.0,,0.5159,,
2025-02-25 14:00:00,1.347,0.907,100.0,,0.563,,
2025-02-25 15:00:00,1.3627,0.962,100.0,,0.5472999999999999,,
2025-02-25 16:00:00,1.3972,1.208,100.0,,0.5127999999999999,,
2025-02-25 17:00:00,1.3815,0.852,100.0,,0.5285,,
2025-02-25 18:00:00,1.3721,0.687,100.0,,0.5378999999999998,,
2025-02-25 19:00:00,1.3878,0.66,100.0,,0.5222,,
2025-02-25 20:00:00,1.3784,0.495,100.0,,0.5315999999999999,,
2025-02-25 21:00:00,1.3784,0.356,100.0,,0.5315999999999999,,
2025-02-25 22:00:00,1.3784,-0.06,100.0,,0.5315999999999999,,
2025-02-25 23:00:00,1.3721,-0.171,100.0,,0.5378999999999998,,
2025-02-26 00:00:00,1.3784,-0.116,96.4,,0.5315999999999999,,
2025-02-26 01:00:00,1.3784,-0.116,94.8,,0.5315999999999999,,
2025-02-26 02:00:00,1.3784,-0.116,92.6,,0.5315999999999999,,
2025-02-26 03:00:00,1.3784,0.051,91.6,,0.5315999999999999,,
2025-02-26 04:00:00,1.3721,-0.171,88.8,,0.5378999999999998,,
2025-02-26 05:00:00,1.3784,-0.283,89.1,,0.5315999999999999,,
2025-02-26 06:00:00,1.3784,-0.648,93.0,,0.5315999999999999,,
2025-02-26 07:00:00,1.3784,-0.535,85.5,,0.5315999999999999,,
2025-02-26 08:00:00,1.3784,-0.789,85.0,,0.5315999999999999,,
2025-02-26 09:00:00,1.3752,-0.143,79.8,,0.5347999999999999,,
2025-02-26 10:00:00,1.3784,1.994,74.5,,0.5315999999999999,,
2025-02-26 11:00:00,1.3815,2.209,80.1,,0.5285,,
2025-02-26 12:00:00,,3.274,75.2,,,,
2025-02-26 13:00:00,1.3752,3.696,71.1,,0.5347999999999999,,
2025-02-26 14:00:00,1.3721,3.801,73.5,,0.5378999999999998,,
2025-02-26 15:00:00,1.3721,3.67,72.7,,0.5378999999999998,,
2025-02-26 16:00:00,1.3909,3.854,65.7,,0.5190999999999999,,
2025-02-26 17:00:00,1.4003,4.376,59.5,,0.5096999999999998,,
2025-02-26 18:00:00,1.3909,4.844,48.6,,0.5190999999999999,,
2025-02-26 19:00:00,1.3878,4.869,42.8,,0.5222,,
2025-02-26 20:00:00,1.4035,4.999,36.8,,0.5065,,
2025-02-26 21:00:00,1.3972,4.792,33.8,,0.5127999999999999,,
2025-02-26 22:00:00,1.3941,4.766,36.0,,0.5159,,
2025-02-26 23:00:00,1.3941,4.22,45.2,,0.5159,,
2025-02-27 00:00:00,1.3972,3.327,58.3,,0.5127999999999999,,
2025-02-27 01:00:00,1.3972,0.135,93.5,,0.5127999999999999,,
2025-02-27 02:00:00,1.3972,0.715,94.5,,0.5127999999999999,,
2025-02-27 03:00:00,,1.153,95.4,,,,
2025-02-27 04:00:00,1.3752,1.044,96.5,,0.5347999999999999,,
2025-02-27 05:00:00,1.3909,1.643,98.0,,0.5190999999999999,,
2025-02-27 06:00:00,1.4003,1.588,98.4,,0.5096999999999998,,
2025-02-27 07:00:00,1.4035,1.507,98.1,,0.5065,,
2025-02-27 08:00:00,1.416,1.425,97.9,,0.494,,
2025-02-27 09:00:00,1.3909,1.425,98.3,,0.5190999999999999,,
2025-02-27 10:00:00,1.3972,1.805,98.8,,0.5127999999999999,,
2025-02-27 11:00:00,1.3941,2.101,99.0,,0.5159,,
2025-02-27 12:00:00,1.4003,2.289,99.3,,0.5096999999999998,,
2025-02-27 13:00:00,1.3941,2.262,99.3,,0.5159,,
2025-02-27 14:00:00,1.416,2.423,99.4,,0.494,,
2025-02-27 15:00:00,1.3909,2.637,99.1,,0.5190999999999999,,
2025-02-27 16:00:00,1.3941,2.69,99.7,,0.5159,,
2025-02-27 17:00:00,1.3941,2.343,98.9,,0.5159,,
2025-02-27 18:00:00,1.4035,1.697,99.3,,0.5065,,
2025-02-27 19:00:00,1.4129,1.588,99.3,,0.4970999999999999,,
2025-02-27 20:00:00,1.4223,1.371,99.2,,0.4877,,
2025-02-27 21:00:00,1.4129,1.453,99.4,,0.4970999999999999,,
2025-02-27 22:00:00,1.416,2.021,99.6,,0.494,,
2025-02-27 23:00:00,1.4098,2.128,99.7,,0.5002,,
2025-02-28 00:00:00,1.4129,1.453,99.4,,0.4970999999999999,,
2025-02-28 01:00:00,1.4129,1.344,98.9,,0.4970999999999999,,
2025-02-28 02:00:00,1.4098,1.126,98.7,,0.5002,,
2025-02-28 03:00:00,1.416,0.522,98.5,,0.494,,
2025-02-28 04:00:00,1.4223,0.632,98.5,,0.4877,,
2025-02-28 05:00:00,1.4223,0.55,98.2,,0.4877,,
2025-02-28 06:00:00,1.4192,0.632,98.0,,0.4907999999999999,,
2025-02-28 07:00:00,1.4192,0.439,95.0,,0.4907999999999999,,
2025-02-28 08:00:00,1.4192,0.55,88.1,,0.4907999999999999,,
2025-02-28 09:00:00,1.4192,1.344,82.1,,0.4907999999999999,,
2025-02-28 10:00:00,1.4192,2.155,85.1,,0.4907999999999999,,
2025-02-28 11:00:00,1.4286,3.009,82.2,,0.48139999999999983,,
2025-02-28 12:00:00,1.4317,3.301,84.3,,0.47829999999999995,,
2025-02-28 13:00:00,1.4192,3.459,90.8,,0.4907999999999999,,
2025-02-28 14:00:00,1.4286,4.714,70.5,,0.48139999999999983,,
2025-02-28 15:00:00,1.416,2.903,90.1,,0.494,,
2025-02-28 16:00:00,1.4192,4.089,65.6,,0.4907999999999999,,
2025-02-28 17:00:00,1.4349,3.696,67.6,,0.47509999999999986,,
2025-02-28 18:00:00,1.4411,2.983,63.1,,0.4688999999999999,,
2025-02-28 19:00:00,1.4317,3.564,57.5,,0.47829999999999995,,
2025-02-28 20:00:00,1.4349,3.617,56.4,,0.47509999999999986,,
2025-02-28 21:00:00,1.4349,3.063,61.0,,0.47509999999999986,,
2025-02-28 22:00:00,1.4192,3.142,61.3,,0.4907999999999999,,
2025-02-28 23:00:00,1.4255,3.063,58.4,,0.48449999999999993,,
2025-03-01 00:00:00,1.4223,4.376,43.0,,0.4877,,
2025-03-01 01:00:00,1.4349,4.037,47.3,,0.47509999999999986,,
2025-03-01 02:00:00,1.4411,4.141,44.1,,0.4688999999999999,,
2025-03-01 03:00:00,1.4411,3.722,48.9,,0.4688999999999999,,
2025-03-01 04:00:00,1.4411,3.168,51.8,,0.4688999999999999,,
2025-03-01 05:00:00,1.4506,3.195,52.5,,0.45940000000000003,,
2025-03-01 06:00:00,1.4506,3.564,48.3,,0.45940000000000003,,
2025-03-01 07:00:00,1.4506,3.089,56.2,,0.45940000000000003,,
2025-03-01 08:00:00,1.4443,2.877,58.0,,0.4657,,
2025-03-01 09:00:00,1.4411,2.93,60.6,,0.4688999999999999,,
2025-03-01 10:00:00,1.4568,3.88,59.5,,0.4531999999999998,,
2025-03-01 11:00:00,1.4474,4.168,61.8,,0.4625999999999999,,
2025-03-01 12:00:00,1.4411,4.011,67.4,,0.4688999999999999,,
2025-03-01 13:00:00,1.4506,3.749,69.0,,0.45940000000000003,,
2025-03-01 14:00:00,1.4537,2.182,86.1,,0.45629999999999993,,
2025-03-01 15:00:00,1.4506,1.886,91.6,,0.45940000000000003,,
2025-03-01 16:00:00,1.46,1.588,94.4,,0.44999999999999996,,
2025-03-01 17:00:00,1.4474,1.235,94.5,,0.4625999999999999,,
2025-03-01 18:00:00,1.4568,0.934,95.1,,0.4531999999999998,,
2025-03-01 19:00:00,1.4443,0.715,96.2,,0.4657,,
2025-03-01 20:00:00,1.4411,0.412,96.6,,0.4688999999999999,,
2025-03-01 21:00:00,1.4411,0.439,97.1,,0.4688999999999999,,
2025-03-01 22:00:00,,0.107,97.8,,,,
2025-03-01 23:00:00,1.4411,0.163,97.9,,0.4688999999999999,,
2025-03-02 00:00:00,1.4474,0.051,98.1,,0.4625999999999999,,
2025-03-02 01:00:00,1.4506,-0.032,98.5,,0.45940000000000003,,
2025-03-02 02:00:00,1.4443,0.19,98.4,,0.4657,,
2025-03-02 03:00:00,1.4506,-0.032,98.8,,0.45940000000000003,,
2025-03-02 04:00:00,1.4474,-0.032,99.2,,0.4625999999999999,,
2025-03-02 05:00:00,1.4537,-0.004,99.5,,0.45629999999999993,,
2025-03-02 06:00:00,1.4474,-0.088,99.7,,0.4625999999999999,,
2025-03-02 07:00:00,1.4474,-0.004,100.0,,0.4625999999999999,,
2025-03-02 08:00:00,1.4506,-0.004,100.0,,0.45940000000000003,,
2025-03-02 09:00:00,1.4537,0.135,100.0,,0.45629999999999993,,
2025-03-02 10:00:00,1.4537,0.135,100.0,,0.45629999999999993,,
2025-03-02 11:00:00,1.4568,0.163,100.0,,0.4531999999999998,,
2025-03-02 12:00:00,1.4317,0.246,100.0,,0.47829999999999995,,
2025-03-02 13:00:00,1.4411,0.439,100.0,,0.4688999999999999,,
2025-03-02 14:00:00,1.4537,0.66,100.0,,0.45629999999999993,,
2025-03-02 15:00:00,1.4474,0.55,100.0,,0.4625999999999999,,
2025-03-02 16:00:00,1.4474,0.742,100.0,,0.4625999999999999,,
2025-03-02 17:00:00,1.4411,0.301,100.0,,0.4688999999999999,,
2025-03-02 18:00:00,1.4286,-0.088,100.0,,0.48139999999999983,,
2025-03-02 19:00:00,1.4223,-0.423,100.0,,0.4877,,
2025-03-02 20:00:00,1.4223,-0.535,100.0,,0.4877,,
2025-03-02 21:00:00,1.4317,-0.817,100.0,,0.47829999999999995,,
2025-03-02 22:00:00,1.4192,-1.128,100.0,,0.4907999999999999,,
2025-03-02 23:00:00,1.4255,-0.255,100.0,,0.48449999999999993,,
2025-03-03 00:00:00,1.4223,-1.185,100.0,,0.4877,,
2025-03-03 01:00:00,1.4255,-0.958,100.0,,0.48449999999999993,,
2025-03-03 02:00:00,1.4223,0.163,100.0,,0.4877,,
2025-03-03 03:00:00,1.4286,0.079,100.0,,0.48139999999999983,,
2025-03-03 04:00:00,1.4286,-0.171,100.0,,0.48139999999999983,,
2025-03-03 05:00:00,1.4317,-0.227,99.8,,0.47829999999999995,,
2025-03-03 06:00:00,1.4317,-0.171,95.7,,0.47829999999999995,,
2025-03-03 07:00:00,1.4255,-0.06,92.5,,0.48449999999999993,,
2025-03-03 08:00:00,1.4255,0.77,92.8,,0.48449999999999993,,
2025-03-03 09:00:00,1.438,0.825,92.0,,0.472,,
2025-03-03 10:00:00,1.4317,1.561,91.7,,0.47829999999999995,,
2025-03-03 11:00:00,1.4474,2.396,92.2,,0.4625999999999999,,
2025-03-03 12:00:00,1.4568,2.289,94.9,,0.4531999999999998,,
2025-03-03 13:00:00,1.4443,2.074,93.5,,0.4657,,
2025-03-03 14:00:00,1.4317,2.236,93.8,,0.47829999999999995,,
2025-03-03 15:00:00,1.4286,2.182,95.6,,0.48139999999999983,,
2025-03-03 16:00:00,1.4286,2.047,97.8,,0.48139999999999983,,
2025-03-03 17:00:00,1.4286,1.534,98.2,,0.48139999999999983,,
2025-03-03 18:00:00,1.4474,1.208,99.1,,0.4625999999999999,,
2025-03-03 19:00:00,1.4568,0.825,98.3,,0.4531999999999998,,
2025-03-03 20:00:00,1.4537,0.66,97.1,,0.45629999999999993,,
2025-03-03 21:00:00,1.4568,0.989,95.7,,0.4531999999999998,,
2025-03-03 22:00:00,1.46,0.825,97.4,,0.44999999999999996,,
2025-03-03 23:00:00,1.46,0.632,96.4,,0.44999999999999996,,
2025-03-04 00:00:00,1.4631,0.577,95.7,,0.44689999999999985,,
2025-03-04 01:00:00,1.4568,0.495,94.7,,0.4531999999999998,,
2025-03-04 02:00:00,1.4568,0.273,95.6,,0.4531999999999998,,
2025-03-04 03:00:00,1.46,0.246,94.1,,0.44999999999999996,,
2025-03-04 04:00:00,1.4537,-0.143,96.0,,0.45629999999999993,,
2025-03-04 05:00:00,1.4506,-0.367,95.0,,0.45940000000000003,,
2025-03-04 06:00:00,1.4506,-0.451,93.2,,0.45940000000000003,,
2025-03-04 07:00:00,1.4506,-0.845,94.3,,0.45940000000000003,,
2025-03-04 08:00:00,1.4506,-1.071,94.3,,0.45940000000000003,,
2025-03-04 09:00:00,1.4537,-1.242,97.4,,0.45629999999999993,,
2025-03-04 10:00:00,1.4568,-1.27,98.5,,0.4531999999999998,,
2025-03-04 11:00:00,1.4663,-1.213,99.3,,0.4437,,
2025-03-04 12:00:00,1.4694,-0.986,99.3,,0.4405999999999999,,
2025-03-04 13:00:00,1.4694,-0.93,99.9,,0.4405999999999999,,
2025-03-04 14:00:00,1.4694,-1.015,99.6,,0.4405999999999999,,
2025-03-04 15:00:00,1.4788,-0.93,99.9,,0.4312,,
2025-03-04 16:00:00,1.4788,-0.789,100.0,,0.4312,,
2025-03-04 17:00:00,1.4914,-0.958,99.4,,0.41859999999999986,,
2025-03-04 18:00:00,1.4976,-0.958,100.0,,0.4123999999999999,,
2025-03-04 19:00:00,1.4976,-1.842,98.6,,0.4123999999999999,,
2025-03-04 20:00:00,1.4914,-2.015,98.1,,0.41859999999999986,,
2025-03-04 21:00:00,1.4914,-1.641,96.2,,0.41859999999999986,,
2025-03-04 22:00:00,1.5102,-1.441,97.2,,0.39979999999999993,,
2025-03-04 23:00:00,1.5039,-1.584,98.2,,0.4060999999999999,,
2025-03-05 00:00:00,1.5102,-1.584,96.9,,0.39979999999999993,,
2025-03-05 01:00:00,1.4788,-1.641,95.6,,0.4312,,
2025-03-05 02:00:00,1.4788,-1.814,95.3,,0.4312,,
2025-03-05 03:00:00,1.4788,-1.842,95.8,,0.4312,,
2025-03-05 04:00:00,1.4945,-1.871,96.4,,0.4155,,
2025-03-05 05:00:00,1.4914,-1.986,94.9,,0.41859999999999986,,
2025-03-05 06:00:00,1.4914,-2.16,94.8,,0.41859999999999986,,
2025-03-05 07:00:00,1.4882,-2.276,94.6,,0.42179999999999995,,
2025-03-05 08:00:00,1.4882,-2.189,95.1,,0.42179999999999995,,
2025-03-05 09:00:00,1.5008,-1.871,97.1,,0.4092,,
2025-03-05 10:00:00,1.5039,-1.384,97.0,,0.4060999999999999,,
2025-03-05 11:00:00,1.5039,-1.527,98.6,,0.4060999999999999,,
2025-03-05 12:00:00,1.507,-0.845,96.5,,0.403,,
2025-03-05 13:00:00,1.5039,-0.676,100.0,,0.4060999999999999,,
2025-03-05 14:00:00,1.4976,-0.563,98.7,,0.4123999999999999,,
2025-03-05 15:00:00,1.4976,-0.817,97.9,,0.4123999999999999,,
2025-03-05 16:00:00,1.507,-0.535,99.4,,0.403,,
2025-03-05 17:00:00,,-1.327,99.6,,,,
2025-03-05 18:00:00,1.5039,-1.157,98.4,,0.4060999999999999,,
2025-03-05 19:00:00,1.5008,-2.015,97.3,,0.4092,,
2025-03-05 20:00:00,1.5008,-2.479,95.8,,0.4092,,
2025-03-05 21:00:00,1.5008,-2.683,94.8,,0.4092,,
2025-03-05 22:00:00,1.4976,-2.712,94.1,,0.4123999999999999,,
2025-03-05 23:00:00,1.4976,-2.8,94.5,,0.4123999999999999,,
2025-03-06 00:00:00,1.4976,-2.83,95.8,,0.4123999999999999,,
2025-03-06 01:00:00,1.4976,-2.83,95.9,,0.4123999999999999,,
2025-03-06 02:00:00,1.5008,-3.035,94.8,,0.4092,,
2025-03-06 03:00:00,1.5039,-2.976,93.2,,0.4060999999999999,,
2025-03-06 04:00:00,1.5039,-2.918,89.9,,0.4060999999999999,,
2025-03-06 05:00:00,1.5039,-2.8,87.9,,0.4060999999999999,,
2025-03-06 06:00:00,1.507,-2.654,86.6,,0.403,,
2025-03-06 07:00:00,1.5102,-2.363,83.4,,0.39979999999999993,,
2025-03-06 08:00:00,1.507,-2.334,82.4,,0.403,,
2025-03-06 09:00:00,1.5008,-2.16,81.5,,0.4092,,
2025-03-06 10:00:00,1.5008,-1.584,83.7,,0.4092,,
2025-03-06 11:00:00,1.5008,0.024,78.6,,0.4092,,
2025-03-06 12:00:00,1.4882,1.126,75.0,,0.42179999999999995,,
2025-03-06 13:00:00,1.4945,1.67,75.3,,0.4155,,
2025-03-06 14:00:00,1.4851,1.913,75.0,,0.42489999999999983,,
2025-03-06 15:00:00,1.4537,1.994,81.8,,0.45629999999999993,,
2025-03-06 16:00:00,1.4506,2.021,82.1,,0.45940000000000003,,
2025-03-06 17:00:00,1.46,1.588,79.5,,0.44999999999999996,,
2025-03-06 18:00:00,1.4914,0.742,83.3,,0.41859999999999986,,
2025-03-06 19:00:00,1.4882,0.163,87.1,,0.42179999999999995,,
2025-03-06 20:00:00,1.4882,0.079,80.8,,0.42179999999999995,,
2025-03-06 21:00:00,1.4851,0.135,74.7,,0.42489999999999983,,
2025-03-06 22:00:00,1.4788,0.273,72.0,,0.4312,,
2025-03-06 23:00:00,1.4819,0.329,58.8,,0.4280999999999999,,
2025-03-07 00:00:00,1.4788,0.356,55.6,,0.4312,,
2025-03-07 01:00:00,1.4757,0.024,60.2,,0.4342999999999999,,
2025-03-07 02:00:00,1.4631,0.051,59.4,,0.44689999999999985,,
2025-03-07 03:00:00,1.4443,0.329,53.1,,0.4657,,
2025-03-07 04:00:00,1.4506,-0.704,67.9,,0.45940000000000003,,
2025-03-07 05:00:00,1.4568,-1.071,80.4,,0.4531999999999998,,
2025-03-07 06:00:00,1.4568,-0.06,79.0,,0.4531999999999998,,
2025-03-07 07:00:00,1.4568,0.024,81.0,,0.4531999999999998,,
2025-03-07 08:00:00,1.4474,-0.732,83.3,,0.4625999999999999,,
2025-03-07 09:00:00,1.4506,0.024,82.8,,0.45940000000000003,,
2025-03-07 10:00:00,1.4506,0.024,84.4,,0.45940000000000003,,
2025-03-07 11:00:00,1.4537,-0.143,87.2,,0.45629999999999993,,
2025-03-07 12:00:00,1.46,-0.171,92.1,,0.44999999999999996,,
2025-03-07 13:00:00,1.4725,0.218,92.1,,0.4375,,
2025-03-07 14:00:00,1.4882,0.051,92.4,,0.42179999999999995,,
2025-03-07 15:00:00,1.4851,-0.199,95.3,,0.42489999999999983,,
2025-03-07 16:00:00,1.4976,-0.535,96.8,,0.4123999999999999,,
2025-03-07 17:00:00,1.5259,-0.479,97.4,,0.3840999999999999,,
2025-03-07 18:00:00,1.5165,-0.423,95.9,,0.39349999999999996,,
2025-03-07 19:00:00,1.5165,-0.423,97.5,,0.39349999999999996,,
2025-03-07 20:00:00,1.4663,-0.255,98.7,,0.4437,,
2025-03-07 21:00:00,1.4757,-0.116,98.6,,0.4342999999999999,,
2025-03-07 22:00:00,1.4411,-0.06,98.4,,0.4688999999999999,,
2025-03-07 23:00:00,1.4725,-0.004,99.4,,0.4375,,
2025-03-08 00:00:00,1.4631,0.107,99.3,,0.44689999999999985,,
2025-03-08 01:00:00,1.5322,0.218,99.6,,0.3777999999999999,,
2025-03-08 02:00:00,1.4663,0.246,99.6,,0.4437,,
2025-03-08 03:00:00,1.4129,0.273,99.7,,0.4970999999999999,,
2025-03-08 04:00:00,1.3941,0.439,99.0,,0.5159,,
2025-03-08 05:00:00,1.4003,0.356,99.4,,0.5096999999999998,,
2025-03-08 06:00:00,1.3909,0.66,98.8,,0.5190999999999999,,
2025-03-08 07:00:00,1.3972,0.687,98.4,,0.5127999999999999,,
2025-03-08 08:00:00,1.3878,0.687,98.5,,0.5222,,
2025-03-08 09:00:00,1.3847,0.632,98.9,,0.5252999999999999,,
2025-03-08 10:00:00,1.4098,0.55,99.3,,0.5002,,
2025-03-08 11:00:00,1.4066,0.273,99.8,,0.5033999999999998,,
2025-03-08 12:00:00,1.416,0.163,100.0,,0.494,,
2025-03-08 13:00:00,1.438,-0.088,99.4,,0.472,,
2025-03-08 14:00:00,1.4411,-0.143,100.0,,0.4688999999999999,,
2025-03-08 15:00:00,1.4255,-0.143,99.5,,0.48449999999999993,,
2025-03-08 16:00:00,1.3721,-0.76,100.0,,0.5378999999999998,,
2025-03-08 17:00:00,1.3784,-0.789,99.1,,0.5315999999999999,,
2025-03-08 18:00:00,1.3878,-0.817,98.9,,0.5222,,
2025-03-08 19:00:00,1.3941,-0.817,99.6,,0.5159,,
2025-03-08 20:00:00,1.4035,-0.873,100.0,,0.5065,,
2025-03-08 21:00:00,1.4255,-0.902,100.0,,0.48449999999999993,,
2025-03-08 22:00:00,1.4192,-0.93,99.5,,0.4907999999999999,,
2025-03-08 23:00:00,1.4003,-0.986,99.7,,0.5096999999999998,,
2025-03-09 00:00:00,1.3752,-1.015,99.6,,0.5347999999999999,,
2025-03-09 01:00:00,1.4192,-1.1,99.4,,0.4907999999999999,,
2025-03-09 02:00:00,1.4129,-1.128,99.0,,0.4970999999999999,,
2025-03-09 03:00:00,1.369,-1.185,99.4,,0.5409999999999999,,
2025-03-09 04:00:00,1.3909,-1.299,100.0,,0.5190999999999999,,
2025-03-09 05:00:00,1.4003,-1.527,99.2,,0.5096999999999998,,
2025-03-09 06:00:00,,-1.584,99.7,,,,
2025-03-09 07:00:00,1.4129,-1.814,99.8,,0.4970999999999999,,
2025-03-09 08:00:00,1.4506,-1.986,99.6,,0.45940000000000003,,
2025-03-09 09:00:00,1.3721,-2.102,99.2,,0.5378999999999998,,
2025-03-09 10:00:00,1.4066,-2.218,99.6,,0.5033999999999998,,
2025-03-09 11:00:00,1.3501,-2.276,99.3,,0.5598999999999998,,
2025-03-09 12:00:00,1.4035,-2.683,98.7,,0.5065,,
2025-03-09 13:00:00,1.4003,-2.015,98.5,,0.5096999999999998,,
2025-03-09 14:00:00,1.3941,-1.727,99.4,,0.5159,,
2025-03-09 15:00:00,1.3972,-2.073,98.2,,0.5127999999999999,,
2025-03-09 16:00:00,1.3533,-2.16,99.8,,0.5567,,
2025-03-09 17:00:00,1.3784,-2.276,100.0,,0.5315999999999999,,
2025-03-09 18:00:00,1.3533,-2.566,99.7,,0.5567,,
2025-03-09 19:00:00,1.3658,-2.976,99.7,,0.5442,,
2025-03-09 20:00:00,1.3564,-3.212,99.6,,0.5535999999999999,,
2025-03-09 21:00:00,1.3564,-3.271,99.7,,0.5535999999999999,,
2025-03-09 22:00:00,1.3595,-3.568,99.4,,0.5505,,
2025-03-09 23:00:00,1.3752,-3.747,99.4,,0.5347999999999999,,
2025-03-10 00:00:00,1.3376,-4.046,99.0,,0.5724,,
2025-03-10 01:00:00,1.3407,-4.743,98.7,,0.5692999999999999,,
2025-03-10 02:00:00,1.3407,-5.079,98.5,,0.5692999999999999,,
2025-03-10 03:00:00,1.3407,-4.895,98.6,,0.5692999999999999,,
2025-03-10 04:00:00,1.3439,-4.651,98.6,,0.5660999999999998,,
2025-03-10 05:00:00,1.3595,-4.804,98.4,,0.5505,,
2025-03-10 06:00:00,1.3564,-4.682,98.1,,0.5535999999999999,,
2025-03-10 07:00:00,1.3595,-4.53,97.9,,0.5505,,
2025-03-10 08:00:00,1.3501,-4.621,98.1,,0.5598999999999998,,
2025-03-10 09:00:00,,-4.106,98.1,,,,
2025-03-10 10:00:00,1.3344,-3.777,97.3,,0.5755999999999999,,
2025-03-10 11:00:00,1.3595,-3.598,96.6,,0.5505,,
2025-03-10 12:00:00,1.3909,-3.153,97.0,,0.5190999999999999,,
2025-03-10 13:00:00,1.3187,-3.006,98.2,,0.5912999999999999,,
2025-03-10 14:00:00,1.3501,-2.654,98.7,,0.5598999999999998,,
2025-03-10 15:00:00,1.3439,-2.421,98.8,,0.5660999999999998,,
2025-03-10 16:00:00,1.3093,-2.566,98.8,,0.6007,,
2025-03-10 17:00:00,1.3093,-2.742,99.4,,0.6007,,
2025-03-10 18:00:00,1.3187,-2.918,99.5,,0.5912999999999999,,
2025-03-10 19:00:00,1.3062,-2.888,99.7,,0.6037999999999999,,
2025-03-10 20:00:00,1.2999,-2.771,99.7,,0.6100999999999999,,
2025-03-10 21:00:00,1.3344,-2.918,99.7,,0.5755999999999999,,
2025-03-10 22:00:00,1.3062,-2.712,99.8,,0.6037999999999999,,
2025-03-10 23:00:00,1.3062,-2.859,99.8,,0.6037999999999999,,
2025-03-11 00:00:00,1.3125,-3.419,99.4,,0.5974999999999999,,
2025-03-11 01:00:00,,-3.627,99.5,,,,
2025-03-11 02:00:00,1.2842,-3.926,99.4,,0.6257999999999999,,
2025-03-11 03:00:00,1.2842,-4.197,99.3,,0.6257999999999999,,
2025-03-11 04:00:00,1.278,-4.59,98.9,,0.6319999999999999,,
2025-03-11 05:00:00,1.278,-5.141,98.5,,0.6319999999999999,,
2025-03-11 06:00:00,1.2748,-5.388,98.4,,0.6352,,
2025-03-11 07:00:00,1.2717,-6.01,98.0,,0.6382999999999999,,
2025-03-11 08:00:00,1.2748,-6.452,97.7,,0.6352,,
2025-03-11 09:00:00,1.2748,-6.388,97.6,,0.6352,,
2025-03-11 10:00:00,1.278,-5.885,97.8,,0.6319999999999999,,
2025-03-11 11:00:00,1.2811,-4.439,98.3,,0.6289,,
2025-03-11 12:00:00,1.2842,-3.065,98.6,,0.6257999999999999,,
2025-03-11 13:00:00,1.2842,-3.065,98.7,,0.6257999999999999,,
2025-03-11 14:00:00,1.2842,-3.065,98.3,,0.6257999999999999,,
2025-03-11 15:00:00,1.2874,-3.271,98.6,,0.6225999999999998,,
2025-03-11 16:00:00,1.2874,-3.479,98.7,,0.6225999999999998,,
2025-03-11 17:00:00,1.2874,-3.36,98.8,,0.6225999999999998,,
2025-03-11 18:00:00,1.2936,-3.508,99.2,,0.6163999999999998,,
2025-03-11 19:00:00,1.3533,-3.717,99.3,,0.5567,,
2025-03-11 20:00:00,1.2905,-3.717,99.4,,0.6194999999999999,,
2025-03-11 21:00:00,1.256,-3.568,99.4,,0.6539999999999999,,
2025-03-11 22:00:00,1.2685,-3.419,99.6,,0.6415,,
2025-03-11 23:00:00,1.3125,-3.419,99.6,,0.5974999999999999,,
2025-03-12 00:00:00,1.2874,-3.39,99.6,,0.6225999999999998,,
2025-03-12 01:00:00,1.2246,-3.33,99.6,,0.6854,,
2025-03-12 02:00:00,1.2497,-3.271,99.6,,0.6602999999999999,,
2025-03-12 03:00:00,1.2591,-3.271,99.8,,0.6508999999999998,,
2025-03-12 04:00:00,,-3.094,99.9,,,,
2025-03-12 05:00:00,1.2309,-2.888,99.9,,0.6790999999999998,,
2025-03-12 06:00:00,1.1901,-2.479,100.0,,0.7199,,
2025-03-12 07:00:00,1.2685,-2.247,100.0,,0.6415,,
2025-03-12 08:00:00,1.1838,-2.247,100.0,,0.7262,,
2025-03-12 09:00:00,1.2026,-2.276,100.0,,0.7074,,
2025-03-12 10:00:00,1.2058,-2.421,99.8,,0.7041999999999999,,
2025-03-12 11:00:00,1.2089,-2.189,99.7,,0.7010999999999998,,
2025-03-12 12:00:00,1.2089,-2.45,99.8,,0.7010999999999998,,
2025-03-12 13:00:00,1.212,-2.392,99.9,,0.698,,
2025-03-12 14:00:00,1.1901,-2.421,99.9,,0.7199,,
2025-03-12 15:00:00,1.1964,-2.247,99.9,,0.7136,,
2025-03-12 16:00:00,1.2058,-2.16,100.0,,0.7041999999999999,,
2025-03-12 17:00:00,1.2246,-2.247,100.0,,0.6854,,
2025-03-12 18:00:00,1.1901,-2.683,100.0,,0.7199,,
2025-03-12 19:00:00,1.1964,-3.124,100.0,,0.7136,,
2025-03-12 20:00:00,,-3.183,100.0,,,,
2025-03-12 21:00:00,1.1869,-3.598,99.7,,0.7230999999999999,,
2025-03-12 22:00:00,1.2246,-4.439,99.3,,0.6854,,
2025-03-12 23:00:00,1.2246,-5.326,98.8,,0.6854,,
2025-03-13 00:00:00,1.2277,-5.698,98.6,,0.6822999999999999,,
2025-03-13 01:00:00,1.2309,-6.01,98.3,,0.6790999999999998,,
2025-03-13 02:00:00,1.2277,-6.105,98.3,,0.6822999999999999,,
2025-03-13 03:00:00,1.2215,-6.136,98.2,,0.6884999999999999,,
2025-03-13 04:00:00,1.2277,-6.231,98.1,,0.6822999999999999,,
2025-03-13 05:00:00,1.2277,-6.199,98.2,,0.6822999999999999,,
2025-03-13 06:00:00,1.2372,-6.231,98.1,,0.6727999999999998,,
2025-03-13 07:00:00,1.2372,-6.262,98.0,,0.6727999999999998,,
2025-03-13 08:00:00,1.2434,-6.01,98.2,,0.6665999999999999,,
2025-03-13 09:00:00,1.2466,-5.948,98.2,,0.6634,,
2025-03-13 10:00:00,1.234,-5.511,98.3,,0.6759999999999999,,
2025-03-13 11:00:00,1.2403,-4.957,98.6,,0.6697,,
2025-03-13 12:00:00,1.2434,-3.777,98.8,,0.6665999999999999,,
2025-03-13 13:00:00,1.1964,-2.83,99.2,,0.7136,,
2025-03-13 14:00:00,1.2528,-2.8,98.8,,0.6572,,
2025-03-13 15:00:00,1.2717,-2.918,99.4,,0.6382999999999999,,
2025-03-13 16:00:00,1.2277,-3.657,99.3,,0.6822999999999999,,
2025-03-13 17:00:00,1.2277,-3.896,99.3,,0.6822999999999999,,
2025-03-13 18:00:00,1.2654,-4.137,99.2,,0.6445999999999998,,
2025-03-13 19:00:00,1.278,-4.59,99.0,,0.6319999999999999,,
2025-03-13 20:00:00,1.2685,-4.987,98.8,,0.6415,,
2025-03-13 21:00:00,,-5.823,98.3,,,,
2025-03-13 22:00:00,,-6.262,98.1,,,,
2025-03-13 23:00:00,,-6.388,97.9,,,,
2025-03-14 00:00:00,,-5.979,98.0,,,,
2025-03-14 01:00:00,,-5.979,98.1,,,,
2025-03-14 02:00:00,,-5.979,98.0,,,,
2025-03-14 03:00:00,,-5.885,98.2,,,,
2025-03-14 04:00:00,,-5.667,98.1,,,,
2025-03-14 05:00:00,1.2811,-5.636,98.0,,0.6289,,
2025-03-14 06:00:00,1.2623,-5.698,98.0,,0.6476999999999999,,
2025-03-14 07:00:00,1.2717,-5.729,98.1,,0.6382999999999999,,
2025-03-14 08:00:00,1.2905,-5.326,98.2,,0.6194999999999999,,
2025-03-14 09:00:00,1.3062,-4.773,98.6,,0.6037999999999999,,
2025-03-14 10:00:00,1.278,-4.137,98.7,,0.6319999999999999,,
2025-03-14 11:00:00,1.2748,-3.807,98.9,,0.6352,,
2025-03-14 12:00:00,1.2591,-3.419,99.1,,0.6508999999999998,,
2025-03-14 13:00:00,1.2215,-2.859,98.9,,0.6884999999999999,,
2025-03-14 14:00:00,1.2246,-2.683,99.2,,0.6854,,
2025-03-14 15:00:00,1.2183,-2.625,99.2,,0.6917,,
2025-03-14 16:00:00,1.2748,-2.305,99.4,,0.6352,,
2025-03-14 17:00:00,1.256,-2.8,99.4,,0.6539999999999999,,
2025-03-14 18:00:00,1.2528,-3.183,99.5,,0.6572,,
2025-03-14 19:00:00,1.2591,-3.538,99.0,,0.6508999999999998,,
2025-03-14 20:00:00,1.2497,-3.777,98.7,,0.6602999999999999,,
2025-03-14 21:00:00,1.2591,-4.076,97.8,,0.6508999999999998,,
2025-03-14 22:00:00,1.2528,-4.287,96.9,,0.6572,,
2025-03-14 23:00:00,1.2403,-4.287,96.2,,0.6697,,
2025-03-15 00:00:00,1.2434,-4.106,97.0,,0.6665999999999999,,
2025-03-15 01:00:00,1.2403,-4.016,96.1,,0.6697,,
2025-03-15 02:00:00,1.2685,-3.777,95.6,,0.6415,,
2025-03-15 03:00:00,1.2685,-3.717,95.0,,0.6415,,
2025-03-15 04:00:00,1.2717,-3.627,95.6,,0.6382999999999999,,
2025-03-15 05:00:00,1.3156,-3.807,95.6,,0.5943999999999998,,
2025-03-15 06:00:00,1.3062,-3.687,95.5,,0.6037999999999999,,
2025-03-15 07:00:00,,-3.568,95.7,,,,
2025-03-15 08:00:00,1.2372,-3.36,97.1,,0.6727999999999998,,
2025-03-15 09:00:00,,-3.212,98.6,,,,
2025-03-15 10:00:00,1.2842,-3.212,98.6,,0.6257999999999999,,
2025-03-15 11:00:00,1.2215,-2.83,97.6,,0.6884999999999999,,
2025-03-15 12:00:00,1.1964,-2.218,98.0,,0.7136,,
2025-03-15 13:00:00,1.1838,-2.044,98.8,,0.7262,,
2025-03-15 14:00:00,1.1807,-2.102,96.9,,0.7292999999999998,,
2025-03-15 15:00:00,,-2.276,98.9,,,,
2025-03-15 16:00:00,,-2.276,98.1,,,,
2025-03-15 17:00:00,1.2623,-2.625,99.4,,0.6476999999999999,,
2025-03-15 18:00:00,1.1744,-2.712,99.4,,0.7355999999999998,,
2025-03-15 19:00:00,,-2.771,98.9,,,,
2025-03-15 20:00:00,1.1807,-2.83,99.1,,0.7292999999999998,,
2025-03-15 21:00:00,,-2.8,98.9,,,,
2025-03-15 22:00:00,1.1085,-2.8,98.8,,0.8014999999999999,,
2025-03-15 23:00:00,1.1053,-2.83,98.1,,0.8047,,
2025-03-16 00:00:00,1.1085,-2.859,98.1,,0.8014999999999999,,
2025-03-16 01:00:00,1.1556,-3.065,98.6,,0.7544,,
2025-03-16 02:00:00,1.1461,-2.947,97.4,,0.7639,,
2025-03-16 03:00:00,1.1022,-3.035,97.5,,0.8077999999999999,,
2025-03-16 04:00:00,1.1367,-3.212,97.3,,0.7732999999999999,,
2025-03-16 05:00:00,1.1399,-3.479,98.7,,0.7701,,
2025-03-16 06:00:00,,-3.39,98.8,,,,
2025-03-16 07:00:00,1.1304,-3.39,98.6,,0.7795999999999998,,
2025-03-16 08:00:00,1.1242,-3.212,97.5,,0.7857999999999998,,
2025-03-16 09:00:00,1.1273,-3.035,97.9,,0.7827,,
2025-03-16 10:00:00,1.1304,-3.006,97.3,,0.7795999999999998,,
2025-03-16 11:00:00,1.1336,-2.247,96.0,,0.7764,,
2025-03-16 12:00:00,1.1367,-1.842,96.8,,0.7732999999999999,,
2025-03-16 13:00:00,1.1399,-1.727,95.4,,0.7701,,
2025-03-16 14:00:00,1.1116,-1.756,94.1,,0.7984,,
2025-03-16 15:00:00,1.1116,-1.727,94.8,,0.7984,,
2025-03-16 16:00:00,1.0959,-2.479,98.8,,0.8140999999999998,,
2025-03-16 17:00:00,1.074,-3.449,97.3,,0.8359999999999999,,
2025-03-16 18:00:00,1.074,-3.568,97.9,,0.8359999999999999,,
2025-03-16 19:00:00,1.0583,-3.687,98.7,,0.8516999999999999,,
2025-03-16 20:00:00,1.0645,-4.076,97.9,,0.8454999999999999,,
2025-03-16 21:00:00,1.0614,-4.318,97.5,,0.8486,,
2025-03-16 22:00:00,1.0614,-4.53,97.4,,0.8486,,
2025-03-16 23:00:00,1.0614,-4.651,97.3,,0.8486,,
2025-03-17 00:00:00,1.0614,-4.682,97.6,,0.8486,,
2025-03-17 01:00:00,1.0614,-4.957,96.7,,0.8486,,
2025-03-17 02:00:00,1.0645,-5.202,95.5,,0.8454999999999999,,
2025-03-17 03:00:00,1.0645,-5.449,95.8,,0.8454999999999999,,
2025-03-17 04:00:00,1.0677,-5.605,96.7,,0.8422999999999998,,
2025-03-17 05:00:00,1.0645,-6.325,95.2,,0.8454999999999999,,
2025-03-17 06:00:00,1.0645,-6.77,95.3,,0.8454999999999999,,
2025-03-17 07:00:00,1.0677,-6.802,95.4,,0.8422999999999998,,
2025-03-17 08:00:00,1.0677,-6.105,94.4,,0.8422999999999998,,
2025-03-17 09:00:00,1.0677,-5.48,95.5,,0.8422999999999998,,
2025-03-17 10:00:00,1.0708,-5.049,94.1,,0.8392,,
2025-03-17 11:00:00,1.074,-4.56,94.5,,0.8359999999999999,,
2025-03-17 12:00:00,1.0771,-3.956,91.8,,0.8329,,
2025-03-17 13:00:00,1.0771,-3.836,94.6,,0.8329,,
2025-03-17 14:00:00,,-3.242,94.9,,,,
2025-03-17 15:00:00,1.0771,-2.888,95.7,,0.8329,,
2025-03-17 16:00:00,1.0834,-3.449,97.1,,0.8266,,
2025-03-17 17:00:00,1.0897,-3.627,98.4,,0.8203,,
2025-03-17 18:00:00,1.0928,-4.257,98.8,,0.8171999999999999,,
2025-03-17 19:00:00,1.0959,-4.651,97.4,,0.8140999999999998,,
2025-03-17 20:00:00,1.0959,-4.926,97.0,,0.8140999999999998,,
2025-03-17 21:00:00,1.0928,-5.449,96.6,,0.8171999999999999,,
2025-03-17 22:00:00,1.0959,-5.449,96.4,,0.8140999999999998,,
2025-03-17 23:00:00,1.0991,-5.854,95.7,,0.8109,,
2025-03-18 00:00:00,1.1022,-6.073,95.6,,0.8077999999999999,,
2025-03-18 01:00:00,1.1022,-6.073,95.3,,0.8077999999999999,,
2025-03-18 02:00:00,1.1053,-5.791,94.9,,0.8047,,
2025-03-18 03:00:00,1.1085,-5.885,94.7,,0.8014999999999999,,
2025-03-18 04:00:00,1.1116,-6.105,94.7,,0.7984,,
2025-03-18 05:00:00,1.1116,-6.262,94.2,,0.7984,,
2025-03-18 06:00:00,1.1148,-6.325,92.4,,0.7951999999999999,,
2025-03-18 07:00:00,1.1148,-6.199,91.7,,0.7951999999999999,,
2025-03-18 08:00:00,1.1273,-5.916,91.5,,0.7827,,
2025-03-18 09:00:00,1.1242,-5.418,86.3,,0.7857999999999998,,
2025-03-18 10:00:00,1.1304,-4.046,86.8,,0.7795999999999998,,
2025-03-18 11:00:00,1.1242,-2.596,82.6,,0.7857999999999998,,
2025-03-18 12:00:00,1.1179,-1.67,79.3,,0.7921,,
2025-03-18 13:00:00,1.121,-1.413,80.4,,0.7889999999999999,,
2025-03-18 14:00:00,1.1116,-1.9,85.8,,0.7984,,
2025-03-18 15:00:00,1.1148,-1.785,86.2,,0.7951999999999999,,
2025-03-18 16:00:00,1.1148,-1.958,88.7,,0.7951999999999999,,
2025-03-18 17:00:00,1.1116,-2.073,91.1,,0.7984,,
2025-03-18 18:00:00,1.1179,-2.537,94.5,,0.7921,,
2025-03-18 19:00:00,1.165,-2.537,93.8,,0.7449999999999999,,
2025-03-18 20:00:00,,-2.508,96.0,,,,
2025-03-18 21:00:00,1.1618,-2.421,95.5,,0.7482,,
2025-03-18 22:00:00,1.1587,-2.479,97.0,,0.7512999999999999,,
2025-03-18 23:00:00,1.1179,-2.596,98.5,,0.7921,,
2025-03-19 00:00:00,1.0991,-2.712,99.0,,0.8109,,
2025-03-19 01:00:00,1.1085,-2.712,99.3,,0.8014999999999999,,
2025-03-19 02:00:00,1.1775,-2.596,99.3,,0.7324999999999999,,
2025-03-19 03:00:00,1.1022,-2.508,99.3,,0.8077999999999999,,
2025-03-19 04:00:00,1.1085,-2.537,99.5,,0.8014999999999999,,
2025-03-19 05:00:00,1.1524,-2.771,99.6,,0.7575999999999998,,
2025-03-19 06:00:00,1.0834,-2.566,99.8,,0.8266,,
2025-03-19 07:00:00,1.0708,-2.479,99.7,,0.8392,,
2025-03-19 08:00:00,1.0802,-2.363,100.0,,0.8297999999999999,,
2025-03-19 09:00:00,1.0928,-2.131,100.0,,0.8171999999999999,,
2025-03-19 10:00:00,1.0991,-1.9,100.0,,0.8109,,
2025-03-19 11:00:00,1.052,-1.871,100.0,,0.8579999999999999,,
2025-03-19 12:00:00,1.0677,-1.727,100.0,,0.8422999999999998,,
2025-03-19 13:00:00,1.0802,-1.756,100.0,,0.8297999999999999,,
2025-03-19 14:00:00,1.0959,-1.814,100.0,,0.8140999999999998,,
2025-03-19 15:00:00,,-2.102,100.0,,,,
2025-03-19 16:00:00,1.0614,-2.16,100.0,,0.8486,,
2025-03-19 17:00:00,1.0614,-2.16,100.0,,0.8486,,
2025-03-19 18:00:00,1.0363,-2.218,100.0,,0.8736999999999999,,
2025-03-19 19:00:00,1.0363,-2.131,100.0,,0.8736999999999999,,
2025-03-19 20:00:00,1.0112,-1.929,100.0,,0.8987999999999998,,
2025-03-19 21:00:00,1.0551,-2.044,100.0,,0.8549,,
2025-03-19 22:00:00,,-2.015,100.0,,,,
2025-03-19 23:00:00,,-2.218,100.0,,,,
2025-03-20 00:00:00,,-2.363,100.0,,,,
2025-03-20 01:00:00,,-2.625,100.0,,,,
2025-03-20 02:00:00,1.0206,-3.449,100.0,,0.8894,,
2025-03-20 03:00:00,1.0112,-3.926,99.6,,0.8987999999999998,,
2025-03-20 04:00:00,1.0143,-4.59,99.3,,0.8956999999999999,,
2025-03-20 05:00:00,1.0206,-3.449,99.9,,0.8894,,
2025-03-20 06:00:00,1.0112,-2.976,100.0,,0.8987999999999998,,
2025-03-20 07:00:00,1.0175,-2.859,100.0,,0.8924999999999998,,
2025-03-20 08:00:00,1.0112,-2.625,100.0,,0.8987999999999998,,
2025-03-20 09:00:00,1.0237,-2.363,100.0,,0.8862999999999999,,
2025-03-20 10:00:00,,-2.421,100.0,,,,
2025-03-20 11:00:00,,-2.218,100.0,,,,
2025-03-20 12:00:00,1.0049,-1.814,100.0,,0.9051,,
2025-03-20 13:00:00,,-1.67,100.0,,,,
2025-03-20 14:00:00,,-1.413,100.0,,,,
2025-03-20 15:00:00,,-1.213,100.0,,,,
2025-03-20 16:00:00,,-1.527,100.0,,,,
2025-03-20 17:00:00,,-1.67,100.0,,,,
2025-03-20 18:00:00,,-1.756,100.0,,,,
2025-03-20 19:00:00,,-1.584,100.0,,,,
2025-03-20 20:00:00,,-1.699,100.0,,,,
2025-03-20 21:00:00,,-1.727,100.0,,,,
2025-03-20 22:00:00,,-1.958,100.0,,,,
2025-03-20 23:00:00,,-2.683,100.0,,,,
2025-03-21 00:00:00,,-2.976,100.0,,,,
2025-03-21 01:00:00,,-3.094,100.0,,,,
2025-03-21 02:00:00,,-3.094,100.0,,,,
2025-03-21 03:00:00,,-3.124,100.0,,,,
2025-03-21 04:00:00,,-3.36,100.0,,,,
2025-03-21 05:00:00,,-3.39,100.0,,,,
2025-03-21 06:00:00,,-3.538,100.0,,,,
2025-03-21 07:00:00,,-3.419,100.0,,,,
2025-03-21 08:00:00,,-3.065,100.0,,,,
2025-03-21 09:00:00,,-2.8,100.0,,,,
2025-03-21 10:00:00,,-2.392,100.0,,,,
2025-03-21 11:00:00,,-2.305,100.0,,,,
2025-03-21 12:00:00,,-2.334,100.0,,,,
2025-03-21 13:00:00,,-2.015,100.0,,,,
2025-03-21 14:00:00,,-1.958,100.0,,,,
2025-03-21 15:00:00,,-2.566,100.0,,,,
2025-03-21 16:00:00,,-2.596,100.0,,,,
2025-03-21 17:00:00,,-2.537,100.0,,,,
2025-03-21 18:00:00,,-2.625,100.0,,,,
2025-03-21 19:00:00,,-3.065,100.0,,,,
2025-03-21 20:00:00,,-3.124,100.0,,,,
2025-03-21 21:00:00,,-3.124,100.0,,,,
2025-03-21 22:00:00,,-3.153,100.0,,,,
2025-03-21 23:00:00,,-3.271,100.0,,,,
2025-03-22 00:00:00,,-3.301,100.0,,,,
2025-03-22 01:00:00,,-3.777,100.0,,,,
2025-03-22 02:00:00,,-4.53,99.5,,,,
2025-03-22 03:00:00,,-4.926,99.4,,,,
2025-03-22 04:00:00,,-5.079,99.2,,,,
2025-03-22 05:00:00,,-4.895,99.4,,,,
2025-03-22 06:00:00,,-4.804,99.3,,,,
2025-03-22 07:00:00,,-4.621,99.4,,,,
2025-03-22 08:00:00,,-4.318,99.5,,,,
2025-03-22 09:00:00,,-3.598,99.7,,,,
2025-03-22 10:00:00,,-2.859,99.9,,,,
2025-03-22 11:00:00,,-2.363,100.0,,,,
2025-03-22 12:00:00,,-1.958,100.0,,,,
2025-03-22 13:00:00,,-2.247,100.0,,,,
2025-03-22 14:00:00,,-2.45,100.0,,,,
2025-03-22 15:00:00,,-2.45,100.0,,,,
2025-03-22 16:00:00,,-2.654,100.0,,,,
2025-03-22 17:00:00,,-2.566,100.0,,,,
2025-03-22 18:00:00,,-2.537,100.0,,,,
2025-03-22 19:00:00,,-2.45,100.0,,,,
2025-03-22 20:00:00,,-2.334,100.0,,,,
2025-03-22 21:00:00,,-2.102,100.0,,,,
2025-03-22 22:00:00,,-1.727,100.0,,,,
2025-03-22 23:00:00,,-1.327,100.0,,,,
2025-03-23 00:00:00,,-0.986,100.0,,,,
2025-03-23 01:00:00,,-0.76,100.0,,,,
2025-03-23 02:00:00,,-0.62,100.0,,,,
2025-03-23 03:00:00,,-0.732,100.0,,,,
2025-03-23 04:00:00,,-0.986,100.0,,,,
2025-03-23 05:00:00,,-0.845,100.0,,,,
2025-03-23 06:00:00,,-0.817,100.0,,,,
2025-03-23 07:00:00,,-0.367,100.0,,,,
2025-03-23 08:00:00,,0.19,100.0,,,,
2025-03-23 09:00:00,,0.329,100.0,,,,
2025-03-23 10:00:00,,0.632,100.0,,,,
2025-03-23 11:00:00,,1.262,100.0,,,,
2025-03-23 12:00:00,,1.697,100.0,,,,
2025-03-23 13:00:00,,1.561,100.0,,,,
2025-03-23 14:00:00,,2.021,100.0,,,,
2025-03-23 15:00:00,,2.155,100.0,,,,
2025-03-23 16:00:00,,2.423,100.0,,,,
2025-03-23 17:00:00,,1.913,100.0,,,,
2025-03-23 18:00:00,,2.021,100.0,,,,
2025-03-23 19:00:00,,2.021,100.0,,,,
2025-03-23 20:00:00,,1.561,100.0,,,,
2025-03-23 21:00:00,,0.989,100.0,,,,
2025-03-23 22:00:00,,0.742,100.0,,,,
2025-03-23 23:00:00,,0.218,100.0,,,,
2025-03-24 00:00:00,,0.577,100.0,,,,
2025-03-24 01:00:00,,1.044,100.0,,,,
2025-03-24 02:00:00,,0.77,100.0,,,,
2025-03-24 03:00:00,,0.907,100.0,,,,
2025-03-24 04:00:00,,0.825,100.0,,,,
2025-03-24 05:00:00,,0.632,100.0,,,,
2025-03-24 06:00:00,,0.687,100.0,,,,
2025-03-24 07:00:00,,0.687,100.0,,,,
2025-03-24 08:00:00,,0.907,100.0,,,,
2025-03-24 09:00:00,,1.071,100.0,,,,
2025-03-24 10:00:00,,1.561,100.0,,,,
2025-03-24 11:00:00,,1.643,100.0,,,,
2025-03-24 12:00:00,,2.423,100.0,,,,
2025-03-24 13:00:00,,2.744,100.0,,,,
2025-03-24 14:00:00,,2.45,100.0,,,,
2025-03-24 15:00:00,,2.45,100.0,,,,
2025-03-24 16:00:00,,2.45,100.0,,,,
2025-03-24 17:00:00,,2.316,100.0,,,,
2025-03-24 18:00:00,,2.074,100.0,,,,
2025-03-24 19:00:00,,1.588,100.0,,,,
2025-03-24 20:00:00,,2.101,100.0,,,,
2025-03-24 21:00:00,,2.53,100.0,,,,
2025-03-24 22:00:00,,2.637,100.0,,,,
2025-03-24 23:00:00,,2.69,100.0,,,,
2025-03-25 00:00:00,,3.063,100.0,,,,
2025-03-25 01:00:00,,3.538,100.0,,,,
2025-03-25 02:00:00,,2.983,100.0,,,,
2025-03-25 03:00:00,,3.301,100.0,,,,
2025-03-25 04:00:00,,3.591,100.0,,,,
2025-03-25 05:00:00,,3.248,100.0,,,,
2025-03-25 06:00:00,,2.69,100.0,,,,
2025-03-25 07:00:00,,2.209,100.0,,,,
2025-03-25 08:00:00,,2.983,100.0,,,,
2025-03-25 09:00:00,,3.88,100.0,,,,
2025-03-25 10:00:00,,4.324,100.0,,,,
2025-03-25 11:00:00,,4.584,100.0,,,,
2025-03-25 12:00:00,,3.696,100.0,,,,
2025-03-25 13:00:00,,4.35,100.0,,,,
2025-03-25 14:00:00,1.0049,4.688,100.0,,0.9051,,
2025-03-25 15:00:00,1.0081,4.298,100.0,,0.9018999999999999,,
2025-03-25 16:00:00,1.0237,4.818,100.0,,0.8862999999999999,,
2025-03-25 17:00:00,1.0206,4.636,100.0,,0.8894,,
2025-03-25 18:00:00,1.0237,4.089,100.0,,0.8862999999999999,,
2025-03-25 19:00:00,1.0237,3.958,100.0,,0.8862999999999999,,
2025-03-25 20:00:00,1.0426,3.985,100.0,,0.8674,,
2025-03-25 21:00:00,1.0583,4.194,100.0,,0.8516999999999999,,
2025-03-25 22:00:00,1.0457,3.88,100.0,,0.8642999999999998,,
2025-03-25 23:00:00,1.0551,3.88,100.0,,0.8549,,
2025-03-26 00:00:00,1.074,3.88,100.0,,0.8359999999999999,,
2025-03-26 01:00:00,1.0708,4.61,100.0,,0.8392,,
2025-03-26 02:00:00,1.074,4.141,100.0,,0.8359999999999999,,
2025-03-26 03:00:00,1.0928,4.324,100.0,,0.8171999999999999,,
2025-03-26 04:00:00,1.0802,4.792,100.0,,0.8297999999999999,,
2025-03-26 05:00:00,1.0897,5.949,98.5,,0.8203,,
2025-03-26 06:00:00,1.0959,5.796,97.2,,0.8140999999999998,,
2025-03-26 07:00:00,1.0991,5.975,95.1,,0.8109,,
2025-03-26 08:00:00,1.1179,7.041,89.9,,0.7921,,
2025-03-26 09:00:00,1.0959,7.167,82.6,,0.8140999999999998,,
2025-03-26 10:00:00,1.1273,7.569,80.0,,0.7827,,
2025-03-26 11:00:00,1.1085,7.945,78.5,,0.8014999999999999,,
2025-03-26 12:00:00,1.1273,8.369,85.1,,0.7827,,
2025-03-26 13:00:00,1.121,7.92,85.9,,0.7889999999999999,,
2025-03-26 14:00:00,1.1304,7.268,86.1,,0.7795999999999998,,
2025-03-26 15:00:00,1.1336,6.433,90.6,,0.7764,,
2025-03-26 16:00:00,1.143,5.975,93.1,,0.7669999999999999,,
2025-03-26 17:00:00,1.1399,6.051,95.1,,0.7701,,
2025-03-26 18:00:00,1.143,7.293,87.3,,0.7669999999999999,,
2025-03-26 19:00:00,1.165,4.324,96.7,,0.7449999999999999,,
2025-03-26 20:00:00,1.2058,4.558,99.4,,0.7041999999999999,,
2025-03-26 21:00:00,1.1681,4.947,100.0,,0.7419,,
2025-03-26 22:00:00,1.165,4.298,100.0,,0.7449999999999999,,
2025-03-26 23:00:00,1.1681,3.906,100.0,,0.7419,,
2025-03-27 00:00:00,1.1712,3.221,100.0,,0.7387999999999999,,
2025-03-27 01:00:00,1.1775,2.956,100.0,,0.7324999999999999,,
2025-03-27 02:00:00,,2.584,100.0,,,,
2025-03-27 03:00:00,1.2152,2.262,100.0,,0.6947999999999999,,
2025-03-27 04:00:00,1.1901,2.128,100.0,,0.7199,,
2025-03-27 05:00:00,1.2152,1.18,100.0,,0.6947999999999999,,
2025-03-27 06:00:00,1.1838,1.044,100.0,,0.7262,,
2025-03-27 07:00:00,1.1901,0.687,100.0,,0.7199,,
2025-03-27 08:00:00,1.1932,0.852,100.0,,0.7167999999999999,,
2025-03-27 09:00:00,1.1901,1.289,100.0,,0.7199,,
2025-03-27 10:00:00,1.1869,1.534,100.0,,0.7230999999999999,,
2025-03-27 11:00:00,1.1838,1.017,100.0,,0.7262,,
2025-03-27 12:00:00,1.1901,1.262,100.0,,0.7199,,
2025-03-27 13:00:00,1.1932,1.017,100.0,,0.7167999999999999,,
2025-03-27 14:00:00,1.2089,1.099,100.0,,0.7010999999999998,,
2025-03-27 15:00:00,1.2309,1.017,100.0,,0.6790999999999998,,
2025-03-27 16:00:00,1.2152,0.852,100.0,,0.6947999999999999,,
2025-03-27 17:00:00,1.2152,0.577,100.0,,0.6947999999999999,,
2025-03-27 18:00:00,1.2183,0.522,100.0,,0.6917,,
2025-03-27 19:00:00,1.1932,0.577,100.0,,0.7167999999999999,,
2025-03-27 20:00:00,1.1807,0.412,100.0,,0.7292999999999998,,
2025-03-27 21:00:00,1.1995,0.495,100.0,,0.7104999999999999,,
2025-03-27 22:00:00,1.2246,0.632,100.0,,0.6854,,
2025-03-27 23:00:00,1.2089,0.467,100.0,,0.7010999999999998,,
2025-03-28 00:00:00,1.2089,0.412,100.0,,0.7010999999999998,,
2025-03-28 01:00:00,1.2026,0.467,100.0,,0.7074,,
2025-03-28 02:00:00,1.2152,0.522,100.0,,0.6947999999999999,,
2025-03-28 03:00:00,1.2309,0.715,100.0,,0.6790999999999998,,
2025-03-28 04:00:00,1.2058,0.797,100.0,,0.7041999999999999,,
2025-03-28 05:00:00,1.1995,0.687,100.0,,0.7104999999999999,,
2025-03-28 06:00:00,1.2026,0.577,100.0,,0.7074,,
2025-03-28 07:00:00,1.1995,0.495,100.0,,0.7104999999999999,,
2025-03-28 08:00:00,1.2152,0.412,100.0,,0.6947999999999999,,
2025-03-28 09:00:00,1.2089,0.55,100.0,,0.7010999999999998,,
2025-03-28 10:00:00,1.2277,0.55,100.0,,0.6822999999999999,,
2025-03-28 11:00:00,1.2528,0.742,100.0,,0.6572,,
2025-03-28 12:00:00,1.2497,0.825,100.0,,0.6602999999999999,,
2025-03-28 13:00:00,1.2058,0.934,100.0,,0.7041999999999999,,
2025-03-28 14:00:00,1.2183,0.962,100.0,,0.6917,,
2025-03-28 15:00:00,1.1901,0.687,100.0,,0.7199,,
2025-03-28 16:00:00,1.2152,0.632,100.0,,0.6947999999999999,,
2025-03-28 17:00:00,1.2403,0.687,100.0,,0.6697,,
2025-03-28 18:00:00,1.2246,0.135,100.0,,0.6854,,
2025-03-28 19:00:00,1.2246,0.246,100.0,,0.6854,,
2025-03-28 20:00:00,1.2372,0.107,100.0,,0.6727999999999998,,
2025-03-28 21:00:00,1.2466,-0.088,100.0,,0.6634,,
2025-03-28 22:00:00,1.2434,-0.143,100.0,,0.6665999999999999,,
2025-03-28 23:00:00,1.2497,-0.088,100.0,,0.6602999999999999,,
2025-03-29 00:00:00,1.2466,-0.004,100.0,,0.6634,,
2025-03-29 01:00:00,1.2591,-0.116,100.0,,0.6508999999999998,,
2025-03-29 02:00:00,1.2623,-0.06,100.0,,0.6476999999999999,,
2025-03-29 03:00:00,1.2717,-0.143,100.0,,0.6382999999999999,,
2025-03-29 04:00:00,1.2717,-0.004,100.0,,0.6382999999999999,,
2025-03-29 05:00:00,1.2717,0.051,100.0,,0.6382999999999999,,
2025-03-29 06:00:00,1.278,0.107,100.0,,0.6319999999999999,,
2025-03-29 07:00:00,1.2717,0.246,100.0,,0.6382999999999999,,
2025-03-29 08:00:00,1.2685,0.301,100.0,,0.6415,,
2025-03-29 09:00:00,1.256,0.412,100.0,,0.6539999999999999,,
2025-03-29 10:00:00,1.256,0.467,100.0,,0.6539999999999999,,
2025-03-29 11:00:00,1.234,0.522,100.0,,0.6759999999999999,,
2025-03-29 12:00:00,1.2403,0.218,100.0,,0.6697,,
2025-03-29 13:00:00,1.2403,1.017,100.0,,0.6697,,
2025-03-29 14:00:00,1.2152,0.825,100.0,,0.6947999999999999,,
2025-03-29 15:00:00,1.2215,0.522,100.0,,0.6884999999999999,,
2025-03-29 16:00:00,1.1932,0.605,100.0,,0.7167999999999999,,
2025-03-29 17:00:00,1.1964,0.301,100.0,,0.7136,,
2025-03-29 18:00:00,1.2089,0.135,100.0,,0.7010999999999998,,
2025-03-29 19:00:00,1.2309,-0.171,100.0,,0.6790999999999998,,
2025-03-29 20:00:00,1.2183,-0.311,100.0,,0.6917,,
2025-03-29 21:00:00,1.2058,-0.479,100.0,,0.7041999999999999,,
2025-03-29 22:00:00,1.2183,-0.395,100.0,,0.6917,,
2025-03-29 23:00:00,1.2183,-0.535,100.0,,0.6917,,
2025-03-30 00:00:00,1.2277,-0.591,100.0,,0.6822999999999999,,
2025-03-30 01:00:00,1.2215,-0.648,100.0,,0.6884999999999999,,
2025-03-30 02:00:00,1.2215,-0.676,100.0,,0.6884999999999999,,
2025-03-30 03:00:00,1.2277,-0.676,100.0,,0.6822999999999999,,
2025-03-30 04:00:00,1.2215,-0.507,100.0,,0.6884999999999999,,
2025-03-30 05:00:00,1.2215,-0.563,100.0,,0.6884999999999999,,
2025-03-30 06:00:00,1.2215,-0.732,100.0,,0.6884999999999999,,
2025-03-30 07:00:00,1.2277,-0.62,100.0,,0.6822999999999999,,
2025-03-30 08:00:00,1.2277,-0.311,100.0,,0.6822999999999999,,
2025-03-30 09:00:00,1.2246,0.163,100.0,,0.6854,,
2025-03-30 10:00:00,1.2246,0.384,99.0,,0.6854,,
2025-03-30 11:00:00,1.2246,0.989,95.9,,0.6854,,
2025-03-30 12:00:00,1.2277,1.344,93.8,,0.6822999999999999,,
2025-03-30 13:00:00,,2.45,88.8,,,,
2025-03-30 14:00:00,1.234,3.168,80.9,,0.6759999999999999,,
2025-03-30 15:00:00,1.212,2.744,78.5,,0.698,,
2025-03-30 16:00:00,1.1964,2.37,81.2,,0.7136,,
2025-03-30 17:00:00,1.2026,2.584,83.5,,0.7074,,
2025-03-30 18:00:00,1.1901,2.289,78.6,,0.7199,,
2025-03-30 19:00:00,1.1901,1.099,85.4,,0.7199,,
2025-03-30 20:00:00,1.1932,1.453,80.6,,0.7167999999999999,,
2025-03-30 21:00:00,1.1964,0.962,84.9,,0.7136,,
2025-03-30 22:00:00,1.1964,0.989,86.8,,0.7136,,
2025-03-30 23:00:00,1.1964,1.071,87.0,,0.7136,,
2025-03-31 00:00:00,1.1932,1.153,87.1,,0.7167999999999999,,
2025-03-31 01:00:00,1.1964,1.18,87.2,,0.7136,,
2025-03-31 02:00:00,1.1964,1.697,85.7,,0.7136,,
2025-03-31 03:00:00,1.1995,1.208,89.9,,0.7104999999999999,,
2025-03-31 04:00:00,1.1995,0.77,94.2,,0.7104999999999999,,
2025-03-31 05:00:00,1.2089,0.412,97.1,,0.7010999999999998,,
2025-03-31 06:00:00,1.2026,0.163,98.5,,0.7074,,
2025-03-31 07:00:00,1.2026,0.273,98.7,,0.7074,,
2025-03-31 08:00:00,1.2152,0.467,97.3,,0.6947999999999999,,
2025-03-31 09:00:00,1.2152,0.715,99.3,,0.6947999999999999,,
2025-03-31 10:00:00,1.2277,1.017,100.0,,0.6822999999999999,,
2025-03-31 11:00:00,1.2183,0.962,99.8,,0.6917,,
2025-03-31 12:00:00,1.2246,1.099,100.0,,0.6854,,
2025-03-31 13:00:00,1.2623,0.907,98.0,,0.6476999999999999,,
2025-03-31 14:00:00,1.2466,1.153,97.3,,0.6634,,
2025-03-31 15:00:00,1.2434,1.588,95.1,,0.6665999999999999,,
2025-03-31 16:00:00,1.2403,0.439,99.9,,0.6697,,
2025-03-31 17:00:00,1.2654,-0.032,100.0,,0.6445999999999998,,
2025-03-31 18:00:00,1.2748,-0.032,100.0,,0.6352,,
2025-03-31 19:00:00,1.2811,-0.06,100.0,,0.6289,,
2025-03-31 20:00:00,1.2811,-0.143,100.0,,0.6289,,
2025-03-31 21:00:00,1.2842,-0.171,100.0,,0.6257999999999999,,
2025-03-31 22:00:00,1.2811,-0.199,100.0,,0.6289,,
2025-03-31 23:00:00,1.2623,-0.311,100.0,,0.6476999999999999,,
2025-04-01 00:00:00,1.2685,-0.367,100.0,,0.6415,,
2025-04-01 01:00:00,1.2717,-0.423,100.0,,0.6382999999999999,,
2025-04-01 02:00:00,1.2685,-0.732,100.0,,0.6415,,
2025-04-01 03:00:00,1.2717,-0.93,100.0,,0.6382999999999999,,
2025-04-01 04:00:00,1.2654,-1.641,100.0,,0.6445999999999998,,
2025-04-01 05:00:00,1.2685,-2.218,100.0,,0.6415,,
2025-04-01 06:00:00,1.2685,-2.247,100.0,,0.6415,,
2025-04-01 07:00:00,1.2717,-2.218,100.0,,0.6382999999999999,,
2025-04-01 08:00:00,1.2717,-1.986,100.0,,0.6382999999999999,,
2025-04-01 09:00:00,1.2717,-0.845,100.0,,0.6382999999999999,,
2025-04-01 10:00:00,1.2685,-0.339,100.0,,0.6415,,
2025-04-01 11:00:00,1.2528,0.051,100.0,,0.6572,,
2025-04-01 12:00:00,1.2748,0.412,100.0,,0.6352,,
2025-04-01 13:00:00,1.2528,0.522,100.0,,0.6572,,
2025-04-01 14:00:00,1.2497,0.439,100.0,,0.6602999999999999,,
2025-04-01 15:00:00,1.2277,0.107,100.0,,0.6822999999999999,,
2025-04-01 16:00:00,1.2623,-0.395,100.0,,0.6476999999999999,,
2025-04-01 17:00:00,1.2685,-0.704,100.0,,0.6415,,
2025-04-01 18:00:00,1.2497,-1.242,100.0,,0.6602999999999999,,
2025-04-01 19:00:00,1.2434,-1.699,100.0,,0.6665999999999999,,
2025-04-01 20:00:00,1.2403,-2.305,100.0,,0.6697,,
2025-04-01 21:00:00,1.2434,-3.124,100.0,,0.6665999999999999,,
2025-04-01 22:00:00,1.2497,-3.508,100.0,,0.6602999999999999,,
2025-04-01 23:00:00,1.2466,-3.598,100.0,,0.6634,,
2025-04-02 00:00:00,1.2403,-4.227,99.4,,0.6697,,
2025-04-02 01:00:00,1.2434,-4.016,99.9,,0.6665999999999999,,
2025-04-02 02:00:00,1.234,-4.804,98.6,,0.6759999999999999,,
2025-04-02 03:00:00,1.2403,-5.418,98.5,,0.6697,,
2025-04-02 04:00:00,1.2309,-5.574,97.7,,0.6790999999999998,,
2025-04-02 05:00:00,1.2466,-5.264,97.9,,0.6634,,
2025-04-02 06:00:00,1.2466,-5.418,97.3,,0.6634,,
2025-04-02 07:00:00,1.2434,-5.141,97.0,,0.6665999999999999,,
2025-04-02 08:00:00,1.2434,-4.651,96.2,,0.6665999999999999,,
2025-04-02 09:00:00,1.2403,-3.598,98.0,,0.6697,,
2025-04-02 10:00:00,1.2277,-2.83,97.9,,0.6822999999999999,,
2025-04-02 11:00:00,1.2277,-1.785,98.9,,0.6822999999999999,,
2025-04-02 12:00:00,1.2309,-1.071,99.3,,0.6790999999999998,,
2025-04-02 13:00:00,1.2277,-0.143,97.5,,0.6822999999999999,,
2025-04-02 14:00:00,1.2372,0.605,98.5,,0.6727999999999998,,
2025-04-02 15:00:00,1.2309,0.88,97.4,,0.6790999999999998,,
2025-04-02 16:00:00,1.2403,1.697,98.8,,0.6697,,
2025-04-02 17:00:00,1.1932,1.371,97.1,,0.7167999999999999,,
2025-04-02 18:00:00,1.1901,0.605,97.9,,0.7199,,
2025-04-02 19:00:00,1.1901,-0.116,98.7,,0.7199,,
2025-04-02 20:00:00,1.1901,-0.395,98.3,,0.7199,,
2025-04-02 21:00:00,1.1869,-0.704,96.8,,0.7230999999999999,,
2025-04-02 22:00:00,1.1869,-1.071,95.8,,0.7230999999999999,,
2025-04-02 23:00:00,1.1869,-1.327,92.7,,0.7230999999999999,,
2025-04-03 00:00:00,1.1869,-1.527,92.0,,0.7230999999999999,,
2025-04-03 01:00:00,1.1869,-1.67,90.6,,0.7230999999999999,,
2025-04-03 02:00:00,1.1869,-1.384,93.5,,0.7230999999999999,,
2025-04-03 03:00:00,1.1869,-1.157,91.5,,0.7230999999999999,,
2025-04-03 04:00:00,1.1869,-1.128,92.3,,0.7230999999999999,,
2025-04-03 05:00:00,1.1838,-0.986,92.1,,0.7262,,
2025-04-03 06:00:00,1.1838,-0.93,91.3,,0.7262,,
2025-04-03 07:00:00,1.1869,-0.648,90.1,,0.7230999999999999,,
2025-04-03 08:00:00,1.1869,-0.311,90.8,,0.7230999999999999,,
2025-04-03 09:00:00,1.1869,0.246,91.6,,0.7230999999999999,,
2025-04-03 10:00:00,1.1838,0.907,89.0,,0.7262,,
2025-04-03 11:00:00,1.1838,1.561,89.0,,0.7262,,
2025-04-03 12:00:00,1.1901,2.637,87.4,,0.7199,,
2025-04-03 13:00:00,1.2528,3.354,85.2,,0.6572,,
2025-04-03 14:00:00,1.2936,2.797,87.7,,0.6163999999999998,,
2025-04-03 15:00:00,,3.009,85.9,,,,
2025-04-03 16:00:00,1.2372,3.854,84.7,,0.6727999999999998,,
2025-04-03 17:00:00,1.2403,3.696,86.2,,0.6697,,
2025-04-03 18:00:00,1.2466,3.036,87.4,,0.6634,,
2025-04-03 19:00:00,1.2717,2.128,91.4,,0.6382999999999999,,
2025-04-03 20:00:00,1.2623,1.94,92.4,,0.6476999999999999,,
2025-04-03 21:00:00,1.2591,1.344,93.4,,0.6508999999999998,,
2025-04-03 22:00:00,1.2466,1.344,93.9,,0.6634,,
2025-04-03 23:00:00,1.2309,1.317,94.5,,0.6790999999999998,,
2025-04-04 00:00:00,1.2089,1.832,94.0,,0.7010999999999998,,
2025-04-04 01:00:00,1.2026,1.832,81.9,,0.7074,,
2025-04-04 02:00:00,1.1995,1.886,79.8,,0.7104999999999999,,
2025-04-04 03:00:00,1.2026,2.343,70.5,,0.7074,,
2025-04-04 04:00:00,1.2026,2.047,71.4,,0.7074,,
2025-04-04 05:00:00,1.2058,1.832,72.4,,0.7041999999999999,,
2025-04-04 06:00:00,1.2058,2.155,71.8,,0.7041999999999999,,
2025-04-04 07:00:00,1.2026,1.317,78.5,,0.7074,,
2025-04-04 08:00:00,1.2026,2.128,79.9,,0.7074,,
2025-04-04 09:00:00,1.2026,2.823,72.0,,0.7074,,
2025-04-04 10:00:00,1.256,3.906,67.8,,0.6539999999999999,1.298,
2025-04-04 11:00:00,1.2591,4.22,71.9,,0.6508999999999998,,
2025-04-04 12:00:00,1.2309,4.662,72.4,,0.6790999999999998,,
2025-04-04 13:00:00,1.234,6.509,67.6,,0.6759999999999999,,
2025-04-04 14:00:00,1.2685,6.102,70.7,,0.6415,,
2025-04-04 15:00:00,1.2591,6.535,71.2,,0.6508999999999998,,
2025-04-04 16:00:00,1.2246,6.102,73.3,,0.6854,,
2025-04-04 17:00:00,1.2685,6.026,73.7,,0.6415,,
2025-04-04 18:00:00,1.2685,5.334,76.5,,0.6415,,
2025-04-04 19:00:00,1.2591,3.775,82.3,,0.6508999999999998,,
2025-04-04 20:00:00,1.2717,2.983,85.3,,0.6382999999999999,,
2025-04-04 21:00:00,1.256,3.459,81.8,,0.6539999999999999,,
2025-04-04 22:00:00,1.2905,4.011,79.1,,0.6194999999999999,,
2025-04-04 23:00:00,1.278,3.88,77.0,,0.6319999999999999,,
2025-04-05 00:00:00,1.2874,4.168,66.0,,0.6225999999999998,,
2025-04-05 01:00:00,1.278,3.248,66.3,,0.6319999999999999,,
2025-04-05 02:00:00,1.278,3.538,60.6,,0.6319999999999999,,
2025-04-05 03:00:00,1.278,4.272,54.1,,0.6319999999999999,,
2025-04-05 04:00:00,1.2591,4.272,53.7,,0.6508999999999998,,
2025-04-05 05:00:00,1.2654,4.454,53.6,,0.6445999999999998,,
2025-04-05 06:00:00,1.2905,3.564,66.9,,0.6194999999999999,,
2025-04-05 07:00:00,1.2717,3.433,69.1,,0.6382999999999999,,
2025-04-05 08:00:00,1.3062,4.376,66.3,,0.6037999999999999,,
2025-04-05 09:00:00,1.2811,4.194,68.2,,0.6289,,
2025-04-05 10:00:00,1.2811,5.514,63.8,,0.6289,,
2025-04-05 11:00:00,1.2748,5.591,66.2,,0.6352,,
2025-04-05 12:00:00,1.2874,5.282,68.5,,0.6225999999999998,,
2025-04-05 13:00:00,1.3031,6.0,67.6,,0.6069,,
2025-04-05 14:00:00,1.2905,5.076,73.4,,0.6194999999999999,,
2025-04-05 15:00:00,1.2936,5.539,74.2,,0.6163999999999998,,
2025-04-05 16:00:00,1.2999,5.616,71.3,,0.6100999999999999,,
2025-04-05 17:00:00,1.278,5.231,73.2,,0.6319999999999999,,
2025-04-05 18:00:00,1.3093,4.714,75.6,,0.6007,,
2025-04-05 19:00:00,,3.749,78.8,,,,
2025-04-05 20:00:00,1.3125,3.643,85.7,,0.5974999999999999,,
2025-04-05 21:00:00,1.2968,3.88,84.1,,0.6132,,
2025-04-05 22:00:00,1.325,3.195,93.3,,0.585,,
2025-04-05 23:00:00,1.3031,3.221,94.3,,0.6069,,
2025-04-06 00:00:00,1.2811,2.637,95.0,,0.6289,,
2025-04-06 01:00:00,1.3187,2.557,96.1,,0.5912999999999999,,
2025-04-06 02:00:00,1.3062,2.37,96.0,,0.6037999999999999,,
2025-04-06 03:00:00,1.2999,2.717,93.8,,0.6100999999999999,,
2025-04-06 04:00:00,1.3093,2.289,95.7,,0.6007,,
2025-04-06 05:00:00,1.3125,2.262,96.8,,0.5974999999999999,,
2025-04-06 06:00:00,1.325,2.209,97.3,,0.585,,
2025-04-06 07:00:00,1.3282,2.182,96.9,,0.5817999999999999,,
2025-04-06 08:00:00,1.325,2.584,96.6,,0.585,,
2025-04-06 09:00:00,1.3219,2.503,96.4,,0.5880999999999998,,
2025-04-06 10:00:00,1.3282,2.209,99.0,,0.5817999999999999,,
2025-04-06 11:00:00,1.3376,2.155,98.2,,0.5724,,
2025-04-06 12:00:00,1.2968,1.778,98.9,,0.6132,,
2025-04-06 13:00:00,1.3093,2.45,99.7,,0.6007,,
2025-04-06 14:00:00,1.3282,2.37,100.0,,0.5817999999999999,,
2025-04-06 15:00:00,1.3187,2.262,100.0,,0.5912999999999999,,
2025-04-06 16:00:00,,1.967,100.0,,,,
2025-04-06 17:00:00,,1.044,99.9,,,,
2025-04-06 18:00:00,1.3125,0.577,100.0,,0.5974999999999999,,
2025-04-06 19:00:00,1.3219,0.329,100.0,,0.5880999999999998,,
2025-04-06 20:00:00,1.3187,0.301,98.5,,0.5912999999999999,,
2025-04-06 21:00:00,1.3187,0.107,98.9,,0.5912999999999999,,
2025-04-06 22:00:00,1.3219,0.577,96.0,,0.5880999999999998,,
2025-04-06 23:00:00,1.3219,0.577,96.2,,0.5880999999999998,,
2025-04-07 00:00:00,1.325,0.632,96.2,,0.585,,
2025-04-07 01:00:00,1.325,0.632,96.7,,0.585,,
2025-04-07 02:00:00,1.325,0.495,97.7,,0.585,,
2025-04-07 03:00:00,1.325,0.577,96.8,,0.585,,
2025-04-07 04:00:00,1.325,0.439,97.8,,0.585,,
2025-04-07 05:00:00,1.3313,0.107,99.6,,0.5787,,
2025-04-07 06:00:00,1.3313,-0.143,100.0,,0.5787,,
2025-04-07 07:00:00,1.3313,-0.143,100.0,,0.5787,,
2025-04-07 08:00:00,1.3407,-0.171,100.0,,0.5692999999999999,,
2025-04-07 09:00:00,1.3439,-0.227,100.0,,0.5660999999999998,,
2025-04-07 10:00:00,,0.301,99.5,,,,
2025-04-07 11:00:00,1.3439,0.495,97.8,,0.5660999999999998,,
2025-04-07 12:00:00,1.325,0.825,99.2,,0.585,,
2025-04-07 13:00:00,1.3219,0.605,98.7,,0.5880999999999998,,
2025-04-07 14:00:00,1.3376,0.77,98.1,,0.5724,,
2025-04-07 15:00:00,1.3219,0.522,97.8,,0.5880999999999998,,
2025-04-07 16:00:00,1.3187,0.439,96.7,,0.5912999999999999,,
2025-04-07 17:00:00,1.3156,0.135,96.2,,0.5943999999999998,,
2025-04-07 18:00:00,1.3093,-0.032,95.9,,0.6007,,
2025-04-07 19:00:00,1.3093,-0.283,97.5,,0.6007,,
2025-04-07 20:00:00,1.3125,-0.423,98.0,,0.5974999999999999,,
2025-04-07 21:00:00,1.3093,-0.311,96.4,,0.6007,,
2025-04-07 22:00:00,1.3093,-0.311,95.9,,0.6007,,
2025-04-07 23:00:00,1.3031,-0.283,95.0,,0.6069,,
2025-04-08 00:00:00,1.3093,-0.339,95.9,,0.6007,,
2025-04-08 01:00:00,1.3376,-0.535,97.2,,0.5724,,
2025-04-08 02:00:00,1.369,-0.62,98.4,,0.5409999999999999,,
2025-04-08 03:00:00,1.3721,-0.591,98.6,,0.5378999999999998,,
2025-04-08 04:00:00,1.3721,-0.423,97.6,,0.5378999999999998,,
2025-04-08 05:00:00,1.3595,-0.591,97.6,,0.5505,,
2025-04-08 06:00:00,1.3439,-0.591,98.2,,0.5660999999999998,,
2025-04-08 07:00:00,1.3439,-0.479,98.2,,0.5660999999999998,,
2025-04-08 08:00:00,1.347,-0.283,98.9,,0.563,,
2025-04-08 09:00:00,1.3533,-0.367,98.9,,0.5567,,
2025-04-08 10:00:00,1.3501,-0.171,99.5,,0.5598999999999998,,
2025-04-08 11:00:00,1.3533,0.079,99.0,,0.5567,,
2025-04-08 12:00:00,1.3815,0.107,100.0,,0.5285,,
2025-04-08 13:00:00,1.3439,0.079,100.0,,0.5660999999999998,,
2025-04-08 14:00:00,1.3344,0.329,100.0,,0.5755999999999999,,
2025-04-08 15:00:00,1.3062,0.135,100.0,,0.6037999999999999,,
2025-04-08 16:00:00,1.3439,0.218,100.0,,0.5660999999999998,,
2025-04-08 17:00:00,,0.329,100.0,,,,
2025-04-08 18:00:00,1.3187,0.163,100.0,,0.5912999999999999,,
2025-04-08 19:00:00,1.3313,0.051,100.0,,0.5787,,
2025-04-08 20:00:00,1.3282,-0.004,100.0,,0.5817999999999999,,
2025-04-08 21:00:00,1.3219,-0.143,100.0,,0.5880999999999998,,
2025-04-08 22:00:00,1.3219,-0.367,100.0,,0.5880999999999998,,
2025-04-08 23:00:00,1.3282,-0.507,100.0,,0.5817999999999999,,
2025-04-09 00:00:00,1.3282,-1.043,100.0,,0.5817999999999999,,
2025-04-09 01:00:00,1.3282,-1.071,100.0,,0.5817999999999999,,
2025-04-09 02:00:00,1.3282,-1.071,99.9,,0.5817999999999999,,
2025-04-09 03:00:00,1.3282,-1.157,99.6,,0.5817999999999999,,
2025-04-09 04:00:00,1.325,-1.299,99.6,,0.585,,
2025-04-09 05:00:00,1.325,-1.384,98.9,,0.585,,
2025-04-09 06:00:00,1.325,-1.299,99.1,,0.585,,
2025-04-09 07:00:00,1.325,-1.27,97.9,,0.585,,
2025-04-09 08:00:00,1.325,-0.93,97.6,,0.585,,
2025-04-09 09:00:00,1.3282,-0.507,97.8,,0.5817999999999999,,
2025-04-09 10:00:00,1.3282,-0.032,95.8,,0.5817999999999999,,
2025-04-09 11:00:00,1.3282,0.77,95.0,,0.5817999999999999,,
2025-04-09 12:00:00,1.3282,0.632,96.6,,0.5817999999999999,,
2025-04-09 13:00:00,1.3313,0.742,94.5,,0.5787,,
2025-04-09 14:00:00,1.3282,0.88,95.7,,0.5817999999999999,,
2025-04-09 15:00:00,1.3344,1.208,97.2,,0.5755999999999999,,
2025-04-09 16:00:00,1.3125,1.017,96.1,,0.5974999999999999,,
2025-04-09 17:00:00,1.3187,0.522,99.1,,0.5912999999999999,,
2025-04-09 18:00:00,1.325,0.467,98.2,,0.585,,
2025-04-09 19:00:00,1.3156,0.19,98.2,,0.5943999999999998,,
2025-04-09 20:00:00,1.3156,0.024,98.9,,0.5943999999999998,,
2025-04-09 21:00:00,1.3156,-0.06,100.0,,0.5943999999999998,,
2025-04-09 22:00:00,1.3125,0.107,98.7,,0.5974999999999999,,
2025-04-09 23:00:00,1.3125,-0.06,99.3,,0.5974999999999999,,
2025-04-10 00:00:00,1.3187,0.163,97.8,,0.5912999999999999,,
2025-04-10 01:00:00,1.3156,0.19,98.5,,0.5943999999999998,,
2025-04-10 02:00:00,1.3187,-0.06,100.0,,0.5912999999999999,,
2025-04-10 03:00:00,1.3282,-0.088,100.0,,0.5817999999999999,,
2025-04-10 04:00:00,1.3344,0.135,100.0,,0.5755999999999999,,
2025-04-10 05:00:00,1.3376,0.55,100.0,,0.5724,,
2025-04-10 06:00:00,1.3156,0.495,100.0,,0.5943999999999998,,
2025-04-10 07:00:00,1.3187,0.742,100.0,,0.5912999999999999,,
2025-04-10 08:00:00,1.3344,0.825,100.0,,0.5755999999999999,,
2025-04-10 09:00:00,1.2999,0.852,100.0,,0.6100999999999999,,
2025-04-10 10:00:00,1.3187,0.825,100.0,,0.5912999999999999,,
2025-04-10 11:00:00,1.3219,0.605,100.0,,0.5880999999999998,,
2025-04-10 12:00:00,1.3344,0.467,100.0,,0.5755999999999999,,
2025-04-10 13:00:00,1.2968,0.934,100.0,,0.6132,,
2025-04-10 14:00:00,1.3125,1.126,99.9,,0.5974999999999999,,
2025-04-10 15:00:00,1.3344,1.588,98.9,,0.5755999999999999,,
2025-04-10 16:00:00,1.3187,0.962,99.7,,0.5912999999999999,,
2025-04-10 17:00:00,1.325,0.467,100.0,,0.585,,
2025-04-10 18:00:00,1.3187,0.163,100.0,,0.5912999999999999,,
2025-04-10 19:00:00,1.3187,-0.004,100.0,,0.5912999999999999,,
2025-04-10 20:00:00,1.3282,-0.311,99.8,,0.5817999999999999,,
2025-04-10 21:00:00,1.3344,-0.479,100.0,,0.5755999999999999,,
2025-04-10 22:00:00,1.347,-0.902,100.0,,0.563,,
2025-04-10 23:00:00,1.3595,-1.27,100.0,,0.5505,,
2025-04-11 00:00:00,1.3564,-1.384,100.0,,0.5535999999999999,,
2025-04-11 01:00:00,1.347,-1.727,99.5,,0.563,,
2025-04-11 02:00:00,1.3439,-1.871,99.9,,0.5660999999999998,,
2025-04-11 03:00:00,1.3595,-2.392,100.0,,0.5505,,
2025-04-11 04:00:00,1.3627,-3.212,99.4,,0.5472999999999999,,
2025-04-11 05:00:00,1.3533,-3.538,98.9,,0.5567,,
2025-04-11 06:00:00,1.347,-3.627,97.4,,0.563,,
2025-04-11 07:00:00,1.3439,-3.449,98.3,,0.5660999999999998,,
2025-04-11 08:00:00,1.3439,-3.242,99.3,,0.5660999999999998,,
2025-04-11 09:00:00,1.3407,-3.33,97.3,,0.5692999999999999,,
2025-04-11 10:00:00,1.3407,-2.625,95.1,,0.5692999999999999,,
2025-04-11 11:00:00,1.3407,-1.871,98.8,,0.5692999999999999,,
2025-04-11 12:00:00,1.3376,-1.67,97.2,,0.5724,,
2025-04-11 13:00:00,1.3439,-1.1,99.4,,0.5660999999999998,,
2025-04-11 14:00:00,1.3439,-0.873,99.5,,0.5660999999999998,,
2025-04-11 15:00:00,1.3439,-1.128,100.0,,0.5660999999999998,,
2025-04-11 16:00:00,1.3501,-1.9,98.7,,0.5598999999999998,,
2025-04-11 17:00:00,,-1.699,99.7,,,,
2025-04-11 18:00:00,1.3533,-2.247,97.1,,0.5567,,
2025-04-11 19:00:00,1.3439,-2.218,99.9,,0.5660999999999998,,
2025-04-11 20:00:00,1.3533,-2.421,99.2,,0.5567,,
2025-04-11 21:00:00,1.3533,-2.625,99.2,,0.5567,,
2025-04-11 22:00:00,1.3533,-2.742,99.3,,0.5567,,
2025-04-11 23:00:00,1.3501,-2.918,99.6,,0.5598999999999998,,
2025-04-12 00:00:00,1.3439,-2.976,100.0,,0.5660999999999998,,
2025-04-12 01:00:00,1.3439,-3.094,100.0,,0.5660999999999998,,
2025-04-12 02:00:00,1.3407,-3.36,100.0,,0.5692999999999999,,
2025-04-12 03:00:00,1.3407,-3.508,99.7,,0.5692999999999999,,
2025-04-12 04:00:00,1.3407,-3.479,99.9,,0.5692999999999999,,
2025-04-12 05:00:00,1.3376,-3.33,100.0,,0.5724,,
2025-04-12 06:00:00,1.3376,-3.39,100.0,,0.5724,,
2025-04-12 07:00:00,1.3407,-3.094,100.0,,0.5692999999999999,,
2025-04-12 08:00:00,1.3407,-2.83,100.0,,0.5692999999999999,,
2025-04-12 09:00:00,1.3376,-3.153,100.0,,0.5724,,
2025-04-12 10:00:00,1.3407,-2.566,100.0,,0.5692999999999999,,
2025-04-12 11:00:00,1.3407,-2.015,99.1,,0.5692999999999999,,
2025-04-12 12:00:00,1.3407,-0.704,97.8,,0.5692999999999999,,
2025-04-12 13:00:00,1.3376,-0.004,94.7,,0.5724,,
2025-04-12 14:00:00,1.3533,0.384,95.2,,0.5567,,
2025-04-12 15:00:00,,0.412,95.5,,,,
2025-04-12 16:00:00,1.3344,0.301,96.9,,0.5755999999999999,,
2025-04-12 17:00:00,1.3219,-0.004,97.4,,0.5880999999999998,,
2025-04-12 18:00:00,1.3313,-0.227,93.9,,0.5787,,
2025-04-12 19:00:00,1.3313,-0.563,95.6,,0.5787,,
2025-04-12 20:00:00,1.325,-1.1,95.4,,0.585,,
2025-04-12 21:00:00,1.325,-1.498,95.0,,0.585,,
2025-04-12 22:00:00,1.3282,-1.986,93.3,,0.5817999999999999,,
2025-04-12 23:00:00,1.325,-1.641,95.8,,0.585,,
2025-04-13 00:00:00,1.325,-1.413,95.5,,0.585,,
2025-04-13 01:00:00,1.325,-1.327,95.1,,0.585,,
2025-04-13 02:00:00,1.3282,-1.157,94.2,,0.5817999999999999,,
2025-04-13 03:00:00,1.3282,-1.071,91.1,,0.5817999999999999,,
2025-04-13 04:00:00,1.325,-1.299,92.8,,0.585,,
2025-04-13 05:00:00,1.3313,-1.015,93.2,,0.5787,,
2025-04-13 06:00:00,1.3282,-0.676,92.9,,0.5817999999999999,,
2025-04-13 07:00:00,1.3344,0.384,90.6,,0.5755999999999999,,
2025-04-13 08:00:00,1.3344,-0.676,96.0,,0.5755999999999999,,
2025-04-13 09:00:00,1.3376,-0.76,98.8,,0.5724,,
2025-04-13 10:00:00,1.3219,1.371,97.2,,0.5880999999999998,,
2025-04-13 11:00:00,1.3219,1.561,98.1,,0.5880999999999998,,
2025-04-13 12:00:00,,1.967,97.9,,,,
2025-04-13 13:00:00,1.3282,2.236,97.0,,0.5817999999999999,,
2025-04-13 14:00:00,1.3219,2.236,97.8,,0.5880999999999998,,
2025-04-13 15:00:00,,2.289,98.3,,,,
2025-04-13 16:00:00,1.3156,2.155,98.7,,0.5943999999999998,,
2025-04-13 17:00:00,1.3282,2.074,99.4,,0.5817999999999999,,
2025-04-13 18:00:00,1.325,2.074,99.1,,0.585,,
2025-04-13 19:00:00,1.3219,1.778,99.9,,0.5880999999999998,,
2025-04-13 20:00:00,1.3125,1.588,99.4,,0.5974999999999999,,
2025-04-13 21:00:00,1.3031,1.561,99.5,,0.6069,,
2025-04-13 22:00:00,1.3187,1.588,99.6,,0.5912999999999999,,
2025-04-13 23:00:00,1.3156,1.805,99.6,,0.5943999999999998,,
2025-04-14 00:00:00,1.3407,1.832,99.4,,0.5692999999999999,,
2025-04-14 01:00:00,1.3282,1.886,99.5,,0.5817999999999999,,
2025-04-14 02:00:00,1.3282,1.94,99.3,,0.5817999999999999,,
2025-04-14 03:00:00,1.325,2.101,98.8,,0.585,,
2025-04-14 04:00:00,1.3156,1.994,99.6,,0.5943999999999998,,
2025-04-14 05:00:00,1.3062,1.994,100.0,,0.6037999999999999,,
2025-04-14 06:00:00,1.3031,1.967,99.6,,0.6069,,
2025-04-14 07:00:00,1.3313,2.316,100.0,,0.5787,,
2025-04-14 08:00:00,1.3313,2.45,100.0,,0.5787,,
2025-04-14 09:00:00,1.3219,2.93,100.0,,0.5880999999999998,,
2025-04-14 10:00:00,1.3093,3.195,99.8,,0.6007,,
2025-04-14 11:00:00,1.3125,3.722,99.5,,0.5974999999999999,,
2025-04-14 12:00:00,1.3407,3.538,100.0,,0.5692999999999999,,
2025-04-14 13:00:00,1.3501,3.617,100.0,,0.5598999999999998,,
2025-04-14 14:00:00,1.3376,3.089,100.0,,0.5724,,
2025-04-14 15:00:00,1.3344,3.301,100.0,,0.5755999999999999,,
2025-04-14 16:00:00,,2.93,100.0,,,,
2025-04-14 17:00:00,1.3093,2.584,100.0,,0.6007,,
2025-04-14 18:00:00,1.3344,3.168,100.0,,0.5755999999999999,,
2025-04-14 19:00:00,1.347,2.047,100.0,,0.563,,
2025-04-14 20:00:00,1.3156,1.588,100.0,,0.5943999999999998,,
2025-04-14 21:00:00,1.325,1.643,100.0,,0.585,,
2025-04-14 22:00:00,1.3031,1.534,100.0,,0.6069,,
2025-04-14 23:00:00,1.325,1.235,100.0,,0.585,,
2025-04-15 00:00:00,1.3376,1.071,100.0,,0.5724,,
2025-04-15 01:00:00,1.347,0.907,100.0,,0.563,,
2025-04-15 02:00:00,1.3439,0.687,100.0,,0.5660999999999998,,
2025-04-15 03:00:00,1.3407,0.246,100.0,,0.5692999999999999,,
2025-04-15 04:00:00,1.3282,-0.339,100.0,,0.5817999999999999,,
2025-04-15 05:00:00,1.3344,-0.535,100.0,,0.5755999999999999,,
2025-04-15 06:00:00,1.3282,-0.676,100.0,,0.5817999999999999,,
2025-04-15 07:00:00,1.3313,-0.451,100.0,,0.5787,,
2025-04-15 08:00:00,1.3313,-0.648,100.0,,0.5787,,
2025-04-15 09:00:00,1.3344,-0.958,100.0,,0.5755999999999999,,
2025-04-15 10:00:00,1.3313,-0.479,99.4,,0.5787,,
2025-04-15 11:00:00,1.3344,0.852,98.5,,0.5755999999999999,,
2025-04-15 12:00:00,1.3313,1.805,91.5,,0.5787,,
2025-04-15 13:00:00,1.3376,2.209,87.5,,0.5724,,
2025-04-15 14:00:00,1.347,2.423,79.6,,0.563,,
2025-04-15 15:00:00,1.3533,2.584,69.7,,0.5567,,
2025-04-15 16:00:00,1.3344,2.53,63.1,,0.5755999999999999,,
2025-04-15 17:00:00,,2.289,60.2,,,,
2025-04-15 18:00:00,1.347,1.18,76.2,,0.563,,
2025-04-15 19:00:00,1.347,0.55,74.8,,0.563,,
2025-04-15 20:00:00,1.3407,-0.563,73.2,,0.5692999999999999,,
2025-04-15 21:00:00,1.3407,-1.356,71.7,,0.5692999999999999,,
2025-04-15 22:00:00,1.3439,-1.413,75.5,,0.5660999999999998,,
2025-04-15 23:00:00,1.3439,-1.527,79.8,,0.5660999999999998,,
2025-04-16 00:00:00,1.3407,-1.699,86.4,,0.5692999999999999,,
2025-04-16 01:00:00,1.3376,-1.756,90.1,,0.5724,,
2025-04-16 02:00:00,1.347,-1.785,92.2,,0.563,,
2025-04-16 03:00:00,1.3439,-1.299,87.9,,0.5660999999999998,,
2025-04-16 04:00:00,1.3407,-1.015,82.1,,0.5692999999999999,,
2025-04-16 05:00:00,1.347,-1.071,77.0,,0.563,,
2025-04-16 06:00:00,1.3407,-0.451,68.3,,0.5692999999999999,,
2025-04-16 07:00:00,1.3439,-0.676,72.0,,0.5660999999999998,,
2025-04-16 08:00:00,1.347,0.246,72.2,,0.563,,
2025-04-16 09:00:00,1.347,1.18,66.3,,0.563,,
2025-04-16 10:00:00,1.347,2.047,69.8,,0.563,,
2025-04-16 11:00:00,1.3501,3.248,60.2,,0.5598999999999998,,
2025-04-16 12:00:00,1.3407,4.74,48.0,,0.5692999999999999,,
2025-04-16 13:00:00,,5.462,48.2,,,,
2025-04-16 14:00:00,1.3627,5.949,48.0,,0.5472999999999999,,
2025-04-16 15:00:00,1.3439,6.433,47.5,,0.5660999999999998,,
2025-04-16 16:00:00,1.3407,6.204,47.3,,0.5692999999999999,,
2025-04-16 17:00:00,1.3187,5.949,45.8,,0.5912999999999999,,
2025-04-16 18:00:00,1.3533,5.024,52.2,,0.5567,,
2025-04-16 19:00:00,1.3721,3.775,58.1,,0.5378999999999998,,
2025-04-16 20:00:00,1.3658,2.877,50.0,,0.5442,,
2025-04-16 21:00:00,1.369,3.009,52.7,,0.5409999999999999,,
2025-04-16 22:00:00,1.3501,3.009,48.5,,0.5598999999999998,,
2025-04-16 23:00:00,1.3439,2.823,48.0,,0.5660999999999998,,
2025-04-17 00:00:00,1.3501,2.823,45.6,,0.5598999999999998,,
2025-04-17 01:00:00,1.3187,3.009,44.0,,0.5912999999999999,,
2025-04-17 02:00:00,1.3093,2.93,43.7,,0.6007,,
2025-04-17 03:00:00,1.3093,2.797,44.7,,0.6007,,
2025-04-17 04:00:00,1.3093,2.53,45.6,,0.6007,,
2025-04-17 05:00:00,1.3093,2.423,44.0,,0.6007,,
2025-04-17 06:00:00,1.3093,2.744,42.0,,0.6007,,
2025-04-17 07:00:00,1.3156,2.823,42.8,,0.5943999999999998,,
2025-04-17 08:00:00,1.3313,3.195,42.4,,0.5787,,
2025-04-17 09:00:00,1.3407,4.011,41.5,,0.5692999999999999,,
2025-04-17 10:00:00,,4.844,41.3,,,,
2025-04-17 11:00:00,1.3564,5.719,41.9,,0.5535999999999999,,
2025-04-17 12:00:00,1.3156,6.914,45.6,,0.5943999999999998,,
2025-04-17 13:00:00,1.325,7.393,45.8,,0.585,,
2025-04-17 14:00:00,1.3595,7.845,45.3,,0.5505,,
2025-04-17 15:00:00,1.3282,7.67,54.7,,0.5817999999999999,,
2025-04-17 16:00:00,1.3156,8.07,47.7,,0.5943999999999998,,
2025-04-17 17:00:00,1.3344,7.393,49.6,,0.5755999999999999,,
2025-04-17 18:00:00,1.3658,6.737,50.0,,0.5442,,
2025-04-17 19:00:00,1.3031,6.051,50.9,,0.6069,,
2025-04-17 20:00:00,1.3282,5.205,44.2,,0.5817999999999999,,
2025-04-17 21:00:00,1.3125,5.462,49.6,,0.5974999999999999,,
2025-04-17 22:00:00,1.347,5.488,54.9,,0.563,,
2025-04-17 23:00:00,1.3187,5.847,55.8,,0.5912999999999999,,
2025-04-18 00:00:00,1.3282,6.408,59.0,,0.5817999999999999,,
2025-04-18 01:00:00,1.325,6.128,59.2,,0.585,,
2025-04-18 02:00:00,1.3282,6.788,59.0,,0.5817999999999999,,
2025-04-18 03:00:00,1.3972,6.965,56.6,,0.5127999999999999,,
2025-04-18 04:00:00,1.4098,6.661,58.4,,0.5002,,
2025-04-18 05:00:00,1.3313,7.268,59.1,,0.5787,,
2025-04-18 06:00:00,1.3344,6.204,63.0,,0.5755999999999999,,
2025-04-18 07:00:00,1.3282,6.281,65.7,,0.5817999999999999,,
2025-04-18 08:00:00,1.369,6.382,64.2,,0.5409999999999999,,
2025-04-18 09:00:00,1.3439,5.591,68.7,,0.5660999999999998,,
2025-04-18 10:00:00,1.3501,6.0,67.4,,0.5598999999999998,,
2025-04-18 11:00:00,1.4003,6.788,63.5,,0.5096999999999998,,
2025-04-18 12:00:00,1.4286,6.331,71.1,,0.48139999999999983,,
2025-04-18 13:00:00,1.4098,6.255,73.9,,0.5002,,
2025-04-18 14:00:00,1.4349,5.231,74.3,,0.47509999999999986,,
2025-04-18 15:00:00,1.4349,2.744,90.4,,0.47509999999999986,,
2025-04-18 16:00:00,1.416,2.343,95.1,,0.494,,
2025-04-18 17:00:00,1.4098,2.236,96.8,,0.5002,,
2025-04-18 18:00:00,1.4223,1.453,98.5,,0.4877,,
2025-04-18 19:00:00,1.4255,1.044,99.0,,0.48449999999999993,,
2025-04-18 20:00:00,1.4286,0.577,99.4,,0.48139999999999983,,
2025-04-18 21:00:00,1.4255,-0.004,99.5,,0.48449999999999993,,
2025-04-18 22:00:00,1.4286,-0.789,99.8,,0.48139999999999983,,
2025-04-18 23:00:00,1.4286,-2.073,99.4,,0.48139999999999983,,
2025-04-19 00:00:00,1.4286,-2.334,99.2,,0.48139999999999983,,
2025-04-19 01:00:00,1.4286,-1.986,99.2,,0.48139999999999983,,
2025-04-19 02:00:00,1.4286,-2.015,98.9,,0.48139999999999983,,
2025-04-19 03:00:00,1.4286,-1.842,99.0,,0.48139999999999983,,
2025-04-19 04:00:00,1.4286,-1.986,99.2,,0.48139999999999983,,
2025-04-19 05:00:00,1.4286,-2.421,98.8,,0.48139999999999983,,
2025-04-19 06:00:00,1.4286,-2.334,99.1,,0.48139999999999983,,
2025-04-19 07:00:00,1.4286,-2.276,99.3,,0.48139999999999983,,
2025-04-19 08:00:00,1.4317,-2.537,98.3,,0.47829999999999995,,
2025-04-19 09:00:00,1.4349,-2.015,99.1,,0.47509999999999986,,
2025-04-19 10:00:00,1.4349,-1.47,99.5,,0.47509999999999986,,
2025-04-19 11:00:00,1.4317,-1.1,99.7,,0.47829999999999995,,
2025-04-19 12:00:00,1.4317,-0.507,100.0,,0.47829999999999995,,
2025-04-19 13:00:00,1.4317,-0.395,99.6,,0.47829999999999995,,
2025-04-19 14:00:00,1.4286,-0.088,99.8,,0.48139999999999983,,
2025-04-19 15:00:00,1.4317,-0.143,100.0,,0.47829999999999995,,
2025-04-19 16:00:00,1.4317,0.135,99.2,,0.47829999999999995,,
2025-04-19 17:00:00,1.4317,0.107,99.7,,0.47829999999999995,,
2025-04-19 18:00:00,,-0.06,100.0,,,,
2025-04-19 19:00:00,1.4349,-0.143,99.9,,0.47509999999999986,,
2025-04-19 20:00:00,1.4349,-0.088,99.5,,0.47509999999999986,,
2025-04-19 21:00:00,1.438,-0.116,99.5,,0.472,,
2025-04-19 22:00:00,1.4349,-0.227,99.9,,0.47509999999999986,,
2025-04-19 23:00:00,1.4349,-0.535,100.0,,0.47509999999999986,,
2025-04-20 00:00:00,1.4349,-0.76,100.0,,0.47509999999999986,,
2025-04-20 01:00:00,1.4349,-0.76,100.0,,0.47509999999999986,,
2025-04-20 02:00:00,1.4349,-0.845,99.8,,0.47509999999999986,,
2025-04-20 03:00:00,1.4349,-0.732,99.7,,0.47509999999999986,,
2025-04-20 04:00:00,1.4411,-0.676,100.0,,0.4688999999999999,,
2025-04-20 05:00:00,1.4411,-0.704,100.0,,0.4688999999999999,,
2025-04-20 06:00:00,1.4411,-0.76,99.9,,0.4688999999999999,,
2025-04-20 07:00:00,1.438,-0.958,100.0,,0.472,,
2025-04-20 08:00:00,1.4411,-0.958,100.0,,0.4688999999999999,,
2025-04-20 09:00:00,1.438,-0.676,100.0,,0.472,,
2025-04-20 10:00:00,1.4411,-0.76,100.0,,0.4688999999999999,,
2025-04-20 11:00:00,,-0.311,97.4,,,,
2025-04-20 12:00:00,1.4411,-0.535,100.0,,0.4688999999999999,,
2025-04-20 13:00:00,1.438,-0.199,100.0,,0.472,,
2025-04-20 14:00:00,1.4255,-0.367,100.0,,0.48449999999999993,,
2025-04-20 15:00:00,1.4255,-0.283,100.0,,0.48449999999999993,,
2025-04-20 16:00:00,1.4286,-0.367,100.0,,0.48139999999999983,,
2025-04-20 17:00:00,1.4317,-0.704,100.0,,0.47829999999999995,,
2025-04-20 18:00:00,1.4317,-1.213,100.0,,0.47829999999999995,,
2025-04-20 19:00:00,1.4286,-1.958,100.0,,0.48139999999999983,,
2025-04-20 20:00:00,1.4286,-2.625,98.4,,0.48139999999999983,,
2025-04-20 21:00:00,1.4286,-2.918,99.3,,0.48139999999999983,,
2025-04-20 22:00:00,1.4286,-2.859,99.9,,0.48139999999999983,,
2025-04-20 23:00:00,1.4286,-3.124,100.0,,0.48139999999999983,,
2025-04-21 00:00:00,1.4286,-3.124,100.0,,0.48139999999999983,,
2025-04-21 01:00:00,1.4286,-3.39,99.5,,0.48139999999999983,,
2025-04-21 02:00:00,1.4286,-3.568,98.7,,0.48139999999999983,,
2025-04-21 03:00:00,1.4286,-3.449,99.2,,0.48139999999999983,,
2025-04-21 04:00:00,1.4286,-3.419,99.7,,0.48139999999999983,,
2025-04-21 05:00:00,1.4286,-3.687,99.1,,0.48139999999999983,,
2025-04-21 06:00:00,1.4286,-3.568,98.9,,0.48139999999999983,,
2025-04-21 07:00:00,1.4255,-3.36,98.4,,0.48449999999999993,,
2025-04-21 08:00:00,1.4286,-3.212,98.9,,0.48139999999999983,,
2025-04-21 09:00:00,1.4255,-2.742,97.5,,0.48449999999999993,,
2025-04-21 10:00:00,1.4317,-1.584,96.8,,0.47829999999999995,,
2025-04-21 11:00:00,1.4317,-0.676,97.1,,0.47829999999999995,,
2025-04-21 12:00:00,1.4223,0.301,93.6,,0.4877,,
2025-04-21 13:00:00,1.4286,1.099,93.0,,0.48139999999999983,,
2025-04-21 14:00:00,1.4223,0.989,91.8,,0.4877,,
2025-04-21 15:00:00,1.416,0.742,91.0,,0.494,,
2025-04-21 16:00:00,1.4098,0.907,91.1,,0.5002,,
2025-04-21 17:00:00,1.416,0.687,90.7,,0.494,,
2025-04-21 18:00:00,1.4129,0.495,90.5,,0.4970999999999999,,
2025-04-21 19:00:00,1.416,-0.395,94.7,,0.494,,
2025-04-21 20:00:00,1.4129,-1.1,92.8,,0.4970999999999999,,
2025-04-21 21:00:00,1.416,-1.613,92.6,,0.494,,
2025-04-21 22:00:00,1.4192,-1.842,92.8,,0.4907999999999999,,
2025-04-21 23:00:00,1.416,-1.9,92.9,,0.494,,
2025-04-22 00:00:00,1.416,-1.986,92.8,,0.494,,
2025-04-22 01:00:00,1.416,-2.044,94.1,,0.494,,
2025-04-22 02:00:00,1.416,-2.16,94.3,,0.494,,
2025-04-22 03:00:00,1.416,-2.102,93.4,,0.494,,
2025-04-22 04:00:00,1.4129,-2.247,94.1,,0.4970999999999999,,
2025-04-22 05:00:00,1.416,-2.189,93.6,,0.494,,
2025-04-22 06:00:00,1.4192,-2.073,93.0,,0.4907999999999999,,
2025-04-22 07:00:00,1.416,-1.958,92.4,,0.494,,
2025-04-22 08:00:00,1.4098,-1.9,93.0,,0.5002,,
2025-04-22 09:00:00,1.4098,-1.185,92.8,,0.5002,,
2025-04-22 10:00:00,1.4098,-0.255,93.3,,0.5002,,
2025-04-22 11:00:00,1.4066,1.262,88.1,,0.5033999999999998,,
2025-04-22 12:00:00,1.4098,2.101,87.2,,0.5002,,
2025-04-22 13:00:00,1.4192,3.221,82.3,,0.4907999999999999,,
2025-04-22 14:00:00,1.4286,4.115,78.2,,0.48139999999999983,,
2025-04-22 15:00:00,1.4098,3.827,82.1,,0.5002,,
2025-04-22 16:00:00,1.4349,3.485,84.8,,0.47509999999999986,,
2025-04-22 17:00:00,1.4411,3.089,84.8,,0.4688999999999999,,
2025-04-22 18:00:00,1.4349,2.047,87.6,,0.47509999999999986,,
2025-04-22 19:00:00,1.4349,1.371,89.9,,0.47509999999999986,,
2025-04-22 20:00:00,1.4317,0.88,88.1,,0.47829999999999995,,
2025-04-22 21:00:00,1.4317,0.77,86.9,,0.47829999999999995,,
2025-04-22 22:00:00,1.4317,0.797,85.2,,0.47829999999999995,,
2025-04-22 23:00:00,1.4349,0.934,81.7,,0.47509999999999986,,
2025-04-23 00:00:00,1.438,1.017,79.5,,0.472,,
2025-04-23 01:00:00,1.4317,0.577,81.9,,0.47829999999999995,,
2025-04-23 02:00:00,1.4317,0.577,80.8,,0.47829999999999995,,
2025-04-23 03:00:00,1.4317,0.218,77.2,,0.47829999999999995,,
2025-04-23 04:00:00,1.4317,0.107,78.0,,0.47829999999999995,,
2025-04-23 05:00:00,1.4255,0.384,74.9,,0.48449999999999993,,
2025-04-23 06:00:00,1.4286,0.55,73.6,,0.48139999999999983,,
2025-04-23 07:00:00,1.4286,0.989,76.2,,0.48139999999999983,,
2025-04-23 08:00:00,1.4286,1.344,79.1,,0.48139999999999983,,
2025-04-23 09:00:00,1.4349,1.859,79.5,,0.47509999999999986,,
2025-04-23 10:00:00,1.438,2.53,83.2,,0.472,,
2025-04-23 11:00:00,1.4286,3.406,84.0,,0.48139999999999983,,
2025-04-23 12:00:00,1.438,4.324,81.2,,0.472,,
2025-04-23 13:00:00,1.4317,5.154,74.6,,0.47829999999999995,,
2025-04-23 14:00:00,1.4474,5.385,71.6,,0.4625999999999999,,
2025-04-23 15:00:00,1.4474,5.411,70.0,,0.4625999999999999,,
2025-04-23 16:00:00,1.4286,5.642,71.1,,0.48139999999999983,,
2025-04-23 17:00:00,1.4537,5.411,73.6,,0.45629999999999993,,
2025-04-23 18:00:00,1.4537,4.844,79.5,,0.45629999999999993,,
2025-04-23 19:00:00,1.4349,3.67,81.1,,0.47509999999999986,,
2025-04-23 20:00:00,1.4631,3.195,81.5,,0.44689999999999985,,
2025-04-23 21:00:00,1.46,3.036,79.1,,0.44999999999999996,,
2025-04-23 22:00:00,1.4349,2.797,78.4,,0.47509999999999986,,
2025-04-23 23:00:00,1.4506,2.637,77.0,,0.45940000000000003,,
2025-04-24 00:00:00,1.4223,2.557,71.1,,0.4877,,
2025-04-24 01:00:00,1.4223,2.637,64.2,,0.4877,,
2025-04-24 02:00:00,1.416,2.983,55.8,,0.494,,
2025-04-24 03:00:00,1.4098,4.011,49.9,,0.5002,,
2025-04-24 04:00:00,1.4255,3.433,50.8,,0.48449999999999993,,
2025-04-24 05:00:00,1.4255,3.036,54.5,,0.48449999999999993,,
2025-04-24 06:00:00,1.4255,3.406,49.5,,0.48449999999999993,,
2025-04-24 07:00:00,1.4411,3.406,56.4,,0.4688999999999999,,
2025-04-24 08:00:00,1.4411,3.538,59.0,,0.4688999999999999,,
2025-04-24 09:00:00,1.4568,4.298,58.7,,0.4531999999999998,,
2025-04-24 10:00:00,1.4506,5.076,60.1,,0.45940000000000003,,
2025-04-24 11:00:00,,6.306,60.7,,,,
2025-04-24 12:00:00,1.4474,7.619,58.9,,0.4625999999999999,,
2025-04-24 13:00:00,1.4725,8.866,55.8,,0.4375,,
2025-04-24 14:00:00,1.4694,9.015,55.4,,0.4405999999999999,,
2025-04-24 15:00:00,1.4663,9.928,50.9,,0.4437,,
2025-04-24 16:00:00,1.4694,7.745,58.2,,0.4405999999999999,,
2025-04-24 17:00:00,1.416,7.393,60.0,,0.494,,
2025-04-24 18:00:00,1.4851,6.687,60.3,,0.42489999999999983,,
2025-04-24 19:00:00,1.4788,6.128,60.5,,0.4312,,
2025-04-24 20:00:00,1.4757,5.334,61.2,,0.4342999999999999,,
2025-04-24 21:00:00,1.4663,5.334,57.6,,0.4437,,
2025-04-24 22:00:00,1.4882,5.231,57.7,,0.42179999999999995,,
2025-04-24 23:00:00,1.4725,4.844,59.5,,0.4375,,
2025-04-25 00:00:00,1.4631,5.102,58.4,,0.44689999999999985,,
2025-04-25 01:00:00,1.4725,5.076,61.2,,0.4375,,
2025-04-25 02:00:00,1.4757,5.36,60.2,,0.4342999999999999,,
2025-04-25 03:00:00,1.4725,5.488,59.2,,0.4375,,
2025-04-25 04:00:00,1.4757,5.488,59.5,,0.4342999999999999,,
2025-04-25 05:00:00,1.4663,5.437,59.7,,0.4437,,
2025-04-25 06:00:00,1.4976,5.154,60.9,,0.4123999999999999,,
2025-04-25 07:00:00,1.4914,5.821,57.3,,0.41859999999999986,,
2025-04-25 08:00:00,1.4851,5.924,52.9,,0.42489999999999983,,
2025-04-25 09:00:00,1.5039,6.102,52.2,,0.4060999999999999,,
2025-04-25 10:00:00,1.5196,6.99,48.7,,0.39039999999999986,,
2025-04-25 11:00:00,,7.469,49.6,,,,
2025-04-25 12:00:00,1.4882,7.519,67.9,,0.42179999999999995,,
2025-04-25 13:00:00,1.4725,8.02,75.5,,0.4375,,
2025-04-25 14:00:00,1.5039,7.444,79.3,,0.4060999999999999,,
2025-04-25 15:00:00,1.4976,7.343,78.8,,0.4123999999999999,,
2025-04-25 16:00:00,1.4725,6.433,82.1,,0.4375,,
2025-04-25 17:00:00,1.5227,4.818,87.4,,0.3873,,
2025-04-25 18:00:00,1.5165,4.063,90.7,,0.39349999999999996,,
2025-04-25 19:00:00,1.5165,3.696,90.7,,0.39349999999999996,,
2025-04-25 20:00:00,1.529,3.354,87.6,,0.381,,
2025-04-25 21:00:00,1.5196,2.316,88.2,,0.39039999999999986,,
2025-04-25 22:00:00,1.5196,3.089,83.4,,0.39039999999999986,,
2025-04-25 23:00:00,1.5196,1.425,88.7,,0.39039999999999986,,
2025-04-26 00:00:00,1.5165,1.262,88.7,,0.39349999999999996,,
2025-04-26 01:00:00,1.5165,1.67,83.1,,0.39349999999999996,,
2025-04-26 02:00:00,1.5165,0.522,88.2,,0.39349999999999996,,
2025-04-26 03:00:00,1.5133,0.66,86.7,,0.39669999999999983,,
2025-04-26 04:00:00,1.5039,0.742,84.4,,0.4060999999999999,,
2025-04-26 05:00:00,1.507,0.715,81.1,,0.403,,
2025-04-26 06:00:00,1.5102,0.412,86.0,,0.39979999999999993,,
2025-04-26 07:00:00,1.507,0.797,81.8,,0.403,,
2025-04-26 08:00:00,1.5039,0.907,83.3,,0.4060999999999999,,
2025-04-26 09:00:00,1.5039,1.832,79.5,,0.4060999999999999,,
2025-04-26 10:00:00,1.507,2.021,89.7,,0.403,,
2025-04-26 11:00:00,1.4882,3.063,86.7,,0.42179999999999995,,
2025-04-26 12:00:00,1.5102,4.324,74.7,,0.39979999999999993,,
2025-04-26 13:00:00,1.529,5.821,72.5,,0.381,,
2025-04-26 14:00:00,1.529,5.719,70.3,,0.381,,
2025-04-26 15:00:00,1.5165,5.36,69.1,,0.39349999999999996,,
2025-04-26 16:00:00,1.529,5.282,70.2,,0.381,,
2025-04-26 17:00:00,1.5259,4.428,75.8,,0.3840999999999999,,
2025-04-26 18:00:00,1.5573,3.564,79.4,,0.3527,,
2025-04-26 19:00:00,1.5573,3.036,80.9,,0.3527,,
2025-04-26 20:00:00,1.551,1.805,80.7,,0.359,,
2025-04-26 21:00:00,1.5416,1.724,79.6,,0.36839999999999984,,
2025-04-26 22:00:00,1.5384,1.724,76.2,,0.37159999999999993,,
2025-04-26 23:00:00,1.5416,1.805,77.7,,0.36839999999999984,,
2025-04-27 00:00:00,1.5384,1.697,78.9,,0.37159999999999993,,
2025-04-27 01:00:00,1.5384,1.371,81.4,,0.37159999999999993,,
2025-04-27 02:00:00,1.5353,0.825,82.2,,0.3746999999999998,,
2025-04-27 03:00:00,1.5384,0.989,82.4,,0.37159999999999993,,
2025-04-27 04:00:00,1.5416,1.044,79.9,,0.36839999999999984,,
2025-04-27 05:00:00,1.5416,1.371,79.5,,0.36839999999999984,,
2025-04-27 06:00:00,1.5322,1.643,79.8,,0.3777999999999999,,
2025-04-27 07:00:00,1.5416,1.778,79.2,,0.36839999999999984,,
2025-04-27 08:00:00,1.5384,2.021,80.0,,0.37159999999999993,,
2025-04-27 09:00:00,1.5447,2.53,79.3,,0.36529999999999996,,
2025-04-27 10:00:00,1.5416,3.116,79.5,,0.36839999999999984,,
2025-04-27 11:00:00,1.551,4.141,82.3,,0.359,,
2025-04-27 12:00:00,1.5353,5.385,80.4,,0.3746999999999998,,
2025-04-27 13:00:00,1.5604,6.712,73.8,,0.3495999999999999,,
2025-04-27 14:00:00,1.5604,7.242,72.5,,0.3495999999999999,,
2025-04-27 15:00:00,1.5165,7.419,68.3,,0.39349999999999996,,
2025-04-27 16:00:00,1.5478,7.066,75.2,,0.36219999999999986,,
2025-04-27 17:00:00,1.573,6.737,75.6,,0.33699999999999997,,
2025-04-27 18:00:00,1.5635,6.535,75.3,,0.34650000000000003,,
2025-04-27 19:00:00,1.5635,5.872,77.5,,0.34650000000000003,,
2025-04-27 20:00:00,1.5667,4.584,81.6,,0.34329999999999994,,
2025-04-27 21:00:00,1.5761,4.454,83.9,,0.33389999999999986,,
2025-04-27 22:00:00,1.5604,4.61,84.4,,0.3495999999999999,,
2025-04-27 23:00:00,1.6075,4.947,83.7,,0.3025,,
2025-04-28 00:00:00,,4.506,76.6,,,,
2025-04-28 01:00:00,1.5635,4.011,71.2,,0.34650000000000003,,
2025-04-28 02:00:00,1.573,5.179,63.7,,0.33699999999999997,,
2025-04-28 03:00:00,1.551,3.538,74.1,,0.359,,
2025-04-28 04:00:00,1.5792,2.956,80.7,,0.3308,,
2025-04-28 05:00:00,1.551,2.101,88.6,,0.359,,
2025-04-28 06:00:00,1.5824,2.343,93.9,,0.3275999999999999,,
2025-04-28 07:00:00,1.5918,2.343,95.1,,0.3181999999999998,,
2025-04-28 08:00:00,1.5918,2.584,95.6,,0.3181999999999998,,
2025-04-28 09:00:00,1.5886,2.664,96.1,,0.3213999999999999,,
2025-04-28 10:00:00,1.5855,2.797,96.2,,0.3245,,
2025-04-28 11:00:00,1.5886,3.036,95.3,,0.3213999999999999,,
2025-04-28 12:00:00,1.6169,3.009,96.3,,0.2930999999999999,,
2025-04-28 13:00:00,1.6043,3.512,95.4,,0.30569999999999986,,
2025-04-28 14:00:00,1.6043,3.801,95.0,,0.30569999999999986,,
2025-04-28 15:00:00,1.5918,4.272,93.7,,0.3181999999999998,,
2025-04-28 16:00:00,1.6012,4.011,92.7,,0.30879999999999996,,
2025-04-28 17:00:00,1.5886,4.115,93.2,,0.3213999999999999,,
2025-04-28 18:00:00,1.6106,3.775,95.2,,0.2993999999999999,,
2025-04-28 19:00:00,1.5886,3.564,95.7,,0.3213999999999999,,
2025-04-28 20:00:00,1.5949,3.195,97.4,,0.31509999999999994,,
2025-04-28 21:00:00,1.5981,3.221,97.8,,0.31189999999999984,,
2025-04-28 22:00:00,1.5886,3.354,97.3,,0.3213999999999999,,
2025-04-28 23:00:00,1.6075,3.036,97.6,,0.3025,,
2025-04-29 00:00:00,1.5918,2.53,97.9,,0.3181999999999998,,
2025-04-29 01:00:00,1.5855,2.423,98.0,,0.3245,,
2025-04-29 02:00:00,1.6012,1.751,99.5,,0.30879999999999996,,
2025-04-29 03:00:00,1.6012,0.632,99.4,,0.30879999999999996,,
2025-04-29 04:00:00,1.6012,-0.004,99.8,,0.30879999999999996,,
2025-04-29 05:00:00,1.5949,-0.451,100.0,,0.31509999999999994,,
2025-04-29 06:00:00,1.5949,-0.648,100.0,,0.31509999999999994,,
2025-04-29 07:00:00,1.5886,-0.676,100.0,,0.3213999999999999,,
2025-04-29 08:00:00,1.5918,-0.62,100.0,,0.3181999999999998,,
2025-04-29 09:00:00,1.6012,-0.902,100.0,,0.30879999999999996,,
2025-04-29 10:00:00,1.6043,-0.283,100.0,,0.30569999999999986,,
2025-04-29 11:00:00,1.6106,0.329,100.0,,0.2993999999999999,,
2025-04-29 12:00:00,1.5855,1.017,99.8,,0.3245,,
2025-04-29 13:00:00,1.5792,1.697,97.8,,0.3308,,
2025-04-29 14:00:00,1.5855,2.744,98.8,,0.3245,,
2025-04-29 15:00:00,1.6043,2.37,94.9,,0.30569999999999986,,
2025-04-29 16:00:00,1.5886,2.903,95.6,,0.3213999999999999,,
2025-04-29 17:00:00,1.62,2.797,94.7,,0.2899999999999998,,
2025-04-29 18:00:00,1.5792,2.209,95.7,,0.3308,,
2025-04-29 19:00:00,1.5886,1.453,96.3,,0.3213999999999999,,
2025-04-29 20:00:00,1.6012,0.88,94.9,,0.30879999999999996,,
2025-04-29 21:00:00,1.6043,0.907,94.7,,0.30569999999999986,,
2025-04-29 22:00:00,1.6169,0.88,94.6,,0.2930999999999999,,
2025-04-29 23:00:00,1.6075,0.989,94.1,,0.3025,,
2025-04-30 00:00:00,1.6012,0.989,87.8,,0.30879999999999996,,
2025-04-30 01:00:00,1.6012,0.742,82.5,,0.30879999999999996,,
2025-04-30 02:00:00,1.5949,0.852,77.6,,0.31509999999999994,,
2025-04-30 03:00:00,1.5698,0.632,81.6,,0.34019999999999984,,
2025-04-30 04:00:00,1.5667,0.55,73.0,,0.34329999999999994,,
2025-04-30 05:00:00,1.5667,0.66,61.4,,0.34329999999999994,,
2025-04-30 06:00:00,1.5698,1.126,58.5,,0.34019999999999984,,
2025-04-30 07:00:00,1.573,1.778,49.8,,0.33699999999999997,,
2025-04-30 08:00:00,1.5761,1.913,53.3,,0.33389999999999986,,
2025-04-30 09:00:00,1.5918,2.289,71.1,,0.3181999999999998,,
2025-04-30 10:00:00,1.5886,3.248,77.2,,0.3213999999999999,1.62,
2025-04-30 11:00:00,1.5886,4.636,78.8,,0.3213999999999999,,
2025-04-30 12:00:00,1.62,5.77,79.0,,0.2899999999999998,,
2025-04-30 13:00:00,1.6326,7.343,73.7,,0.27739999999999987,,
2025-04-30 14:00:00,1.6483,8.195,70.4,,0.2616999999999998,,
2025-04-30 15:00:00,1.6138,8.618,65.3,,0.2962,,
2025-04-30 16:00:00,1.6012,8.618,67.2,,0.30879999999999996,,
2025-04-30 17:00:00,1.5949,8.02,70.0,,0.31509999999999994,,
2025-04-30 18:00:00,1.664,7.041,74.2,,0.246,,
2025-04-30 19:00:00,1.6734,6.153,76.9,,0.23659999999999992,,
2025-04-30 20:00:00,1.5886,5.102,80.1,,0.3213999999999999,,
2025-04-30 21:00:00,1.6608,4.792,82.9,,0.24919999999999987,,
2025-04-30 22:00:00,1.6546,4.376,84.2,,0.25539999999999985,,
2025-04-30 23:00:00,1.664,4.532,83.7,,0.246,,
2025-05-01 00:00:00,1.6389,4.324,84.8,,0.2710999999999999,,
2025-05-01 01:00:00,1.6546,4.35,85.3,,0.25539999999999985,,
2025-05-01 02:00:00,1.6546,4.714,82.1,,0.25539999999999985,,
2025-05-01 03:00:00,1.6514,4.272,82.6,,0.25859999999999994,,
2025-05-01 04:00:00,1.6734,4.35,71.0,,0.23659999999999992,,
2025-05-01 05:00:00,1.664,4.636,73.7,,0.246,,
2025-05-01 06:00:00,1.6232,4.844,64.6,,0.28679999999999994,,
2025-05-01 07:00:00,1.6828,4.921,61.5,,0.22719999999999985,,
2025-05-01 08:00:00,1.5886,5.102,61.8,,0.3213999999999999,,
2025-05-01 09:00:00,1.6671,6.204,59.1,,0.2428999999999999,,
2025-05-01 10:00:00,1.6702,6.306,67.7,,0.2398,,
2025-05-01 11:00:00,1.7173,8.817,58.2,,0.19269999999999987,,
2025-05-01 12:00:00,1.711,9.361,66.3,,0.19899999999999984,,
2025-05-01 13:00:00,1.6891,10.59,60.6,,0.22089999999999987,,
2025-05-01 14:00:00,,12.05,53.0,,,,
2025-05-01 15:00:00,,11.102,56.0,,,,
2025-05-01 16:00:00,1.5604,12.05,51.9,,0.3495999999999999,,
2025-05-01 17:00:00,1.5384,11.321,55.8,,0.37159999999999993,,
2025-05-01 18:00:00,1.529,9.952,62.9,,0.381,,
2025-05-01 19:00:00,1.5259,9.558,64.1,,0.3840999999999999,,
2025-05-01 20:00:00,1.5259,7.97,68.3,,0.3840999999999999,,
2025-05-01 21:00:00,1.5196,7.745,68.4,,0.39039999999999986,,
2025-05-01 22:00:00,1.5196,7.594,65.1,,0.39039999999999986,,
2025-05-01 23:00:00,1.5196,7.142,63.1,,0.39039999999999986,,
2025-05-02 00:00:00,1.5196,6.611,61.6,,0.39039999999999986,,
2025-05-02 01:00:00,1.5196,7.041,52.6,,0.39039999999999986,,
2025-05-02 02:00:00,1.5196,8.27,38.7,,0.39039999999999986,,
2025-05-02 03:00:00,1.5102,6.889,41.2,,0.39979999999999993,,
2025-05-02 04:00:00,1.5039,7.72,46.8,,0.4060999999999999,,
2025-05-02 05:00:00,1.7079,7.72,53.0,,0.20209999999999995,,
2025-05-02 06:00:00,1.7236,7.795,59.1,,0.1863999999999999,,
2025-05-02 07:00:00,1.5133,7.368,67.6,,0.39669999999999983,,
2025-05-02 08:00:00,1.4976,7.695,69.3,,0.4123999999999999,,
2025-05-02 09:00:00,1.4882,6.889,75.2,,0.42179999999999995,,
2025-05-02 10:00:00,1.4788,7.795,75.1,,0.4312,,
2025-05-02 11:00:00,1.4663,6.0,85.7,,0.4437,,
2025-05-02 12:00:00,1.4663,5.024,88.8,,0.4437,,
2025-05-02 13:00:00,1.4694,5.668,85.4,,0.4405999999999999,,
2025-05-02 14:00:00,1.4694,4.869,89.3,,0.4405999999999999,,
2025-05-02 15:00:00,,4.428,92.7,,,,
2025-05-02 16:00:00,1.4788,3.142,96.6,,0.4312,,
2025-05-02 17:00:00,1.4694,2.182,97.8,,0.4405999999999999,,
2025-05-02 18:00:00,1.4757,1.913,98.1,,0.4342999999999999,,
2025-05-02 19:00:00,1.7299,0.797,98.7,,0.18009999999999993,,
2025-05-02 20:00:00,1.7487,-0.088,98.9,,0.1613,,
2025-05-02 21:00:00,1.7361,-0.143,99.3,,0.17389999999999994,,
2025-05-02 22:00:00,1.7581,-0.311,99.6,,0.15189999999999992,,
2025-05-02 23:00:00,1.7487,-0.704,99.4,,0.1613,,
2025-05-03 00:00:00,1.755,-0.76,99.7,,0.15500000000000003,,
2025-05-03 01:00:00,1.755,-0.902,99.8,,0.15500000000000003,,
2025-05-03 02:00:00,1.755,-1.213,99.3,,0.15500000000000003,,
2025-05-03 03:00:00,1.7581,-1.413,98.5,,0.15189999999999992,,
2025-05-03 04:00:00,1.755,-1.242,99.5,,0.15500000000000003,,
2025-05-03 05:00:00,1.7487,-1.613,99.3,,0.1613,,
2025-05-03 06:00:00,1.7487,-1.584,99.5,,0.1613,,
2025-05-03 07:00:00,1.7487,-2.102,97.6,,0.1613,,
2025-05-03 08:00:00,1.7487,-1.814,98.1,,0.1613,,
2025-05-03 09:00:00,1.7487,-1.242,98.2,,0.1613,,
2025-05-03 10:00:00,1.7707,-0.648,97.1,,0.13929999999999998,,
2025-05-03 11:00:00,1.7738,-0.116,96.2,,0.13619999999999988,,
2025-05-03 12:00:00,,0.55,96.7,,,,
2025-05-03 13:00:00,1.7832,0.051,99.0,,0.12680000000000002,,
2025-05-03 14:00:00,1.7738,0.107,99.6,,0.13619999999999988,,
2025-05-03 15:00:00,1.7644,0.163,99.4,,0.14559999999999995,,
2025-05-03 16:00:00,1.7644,0.218,100.0,,0.14559999999999995,,
2025-05-03 17:00:00,1.7707,0.135,100.0,,0.13929999999999998,,
2025-05-03 18:00:00,1.7864,0.687,100.0,,0.12359999999999993,,
2025-05-03 19:00:00,1.7675,-0.06,100.0,,0.14249999999999985,,
2025-05-03 20:00:00,1.7644,-0.648,100.0,,0.14559999999999995,,
2025-05-03 21:00:00,1.7675,-0.62,100.0,,0.14249999999999985,,
2025-05-03 22:00:00,1.7707,-0.648,100.0,,0.13929999999999998,,
2025-05-03 23:00:00,1.7675,-0.62,100.0,,0.14249999999999985,,
2025-05-04 00:00:00,1.7675,-0.93,100.0,,0.14249999999999985,,
2025-05-04 01:00:00,1.7769,-1.157,100.0,,0.1331,,
2025-05-04 02:00:00,1.7738,-1.67,100.0,,0.13619999999999988,,
2025-05-04 03:00:00,1.7707,-1.556,100.0,,0.13929999999999998,,
2025-05-04 04:00:00,1.7707,-1.527,100.0,,0.13929999999999998,,
2025-05-04 05:00:00,1.7707,-1.613,100.0,,0.13929999999999998,,
2025-05-04 06:00:00,1.7738,-1.67,100.0,,0.13619999999999988,,
2025-05-04 07:00:00,1.7738,-1.556,100.0,,0.13619999999999988,,
2025-05-04 08:00:00,1.7675,-1.756,99.9,,0.14249999999999985,,
2025-05-04 09:00:00,1.7644,-1.071,100.0,,0.14559999999999995,,
2025-05-04 10:00:00,1.7895,-0.199,100.0,,0.12049999999999983,,
2025-05-04 11:00:00,,0.495,100.0,,,,
2025-05-04 12:00:00,1.7864,1.099,100.0,,0.12359999999999993,,
2025-05-04 13:00:00,1.7613,2.128,99.2,,0.14869999999999983,,
2025-05-04 14:00:00,1.7424,2.85,97.8,,0.16759999999999997,,
2025-05-04 15:00:00,1.7487,3.274,94.2,,0.1613,,
2025-05-04 16:00:00,1.755,4.063,95.4,,0.15500000000000003,,
2025-05-04 17:00:00,1.7581,3.801,97.8,,0.15189999999999992,,
2025-05-04 18:00:00,1.755,3.248,92.1,,0.15500000000000003,,
2025-05-04 19:00:00,1.755,2.503,91.8,,0.15500000000000003,,
2025-05-04 20:00:00,1.755,1.886,91.2,,0.15500000000000003,,
2025-05-04 21:00:00,1.7926,2.182,89.7,,0.11739999999999995,,
2025-05-04 22:00:00,1.7707,2.289,89.1,,0.13929999999999998,,
2025-05-04 23:00:00,1.7644,2.316,87.4,,0.14559999999999995,,
2025-05-05 00:00:00,1.7613,2.903,83.8,,0.14869999999999983,,
2025-05-05 01:00:00,1.7707,2.983,83.2,,0.13929999999999998,,
2025-05-05 02:00:00,1.7518,2.983,83.8,,0.1581999999999999,,
2025-05-05 03:00:00,1.7487,2.823,75.7,,0.1613,,
2025-05-05 04:00:00,1.7518,3.168,73.4,,0.1581999999999999,,
2025-05-05 05:00:00,1.7518,3.221,63.5,,0.1581999999999999,,
2025-05-05 06:00:00,1.7205,3.433,58.9,,0.1895,,
2025-05-05 07:00:00,1.7581,3.88,55.3,,0.15189999999999992,,
2025-05-05 08:00:00,1.7487,4.063,66.1,,0.1613,,
2025-05-05 09:00:00,,4.584,70.2,,,,
2025-05-05 10:00:00,1.7644,5.179,76.6,,0.14559999999999995,,
2025-05-05 11:00:00,1.7581,6.433,74.8,,0.15189999999999992,,
2025-05-05 12:00:00,1.7738,6.763,74.9,,0.13619999999999988,,
2025-05-05 13:00:00,1.7581,8.245,72.3,,0.15189999999999992,,
2025-05-05 14:00:00,1.7644,8.045,72.4,,0.14559999999999995,,
2025-05-05 15:00:00,,8.519,72.4,,,,
2025-05-05 16:00:00,1.7738,8.866,71.3,,0.13619999999999988,,
2025-05-05 17:00:00,1.755,7.845,74.9,,0.15500000000000003,,
2025-05-05 18:00:00,1.7738,7.795,75.0,,0.13619999999999988,,
2025-05-05 19:00:00,1.7895,6.458,79.2,,0.12049999999999983,,
2025-05-05 20:00:00,1.7801,5.872,81.0,,0.1298999999999999,,
2025-05-05 21:00:00,1.7613,5.616,82.0,,0.14869999999999983,,
2025-05-05 22:00:00,1.7518,5.642,81.0,,0.1581999999999999,,
2025-05-05 23:00:00,1.7801,6.179,78.1,,0.1298999999999999,,
2025-05-06 00:00:00,1.7832,6.408,75.9,,0.12680000000000002,,
2025-05-06 01:00:00,1.7769,6.382,75.8,,0.1331,,
2025-05-06 02:00:00,1.4568,6.535,73.4,,0.4531999999999998,,
2025-05-06 03:00:00,1.46,6.788,71.9,,0.44999999999999996,,
2025-05-06 04:00:00,1.7895,7.419,66.6,,0.12049999999999983,,
2025-05-06 05:00:00,1.7707,5.231,87.1,,0.13929999999999998,,
2025-05-06 06:00:00,1.7801,6.611,75.1,,0.1298999999999999,,
2025-05-06 07:00:00,1.7675,7.444,63.7,,0.14249999999999985,,
2025-05-06 08:00:00,,6.636,64.5,,,,
2025-05-06 09:00:00,,7.293,58.7,,,,
2025-05-06 10:00:00,,7.619,60.4,,,,
2025-05-06 11:00:00,1.7707,7.519,64.1,,0.13929999999999998,,
2025-05-06 12:00:00,1.7675,7.393,69.9,,0.14249999999999985,,
2025-05-06 13:00:00,1.8146,6.914,72.8,,0.09539999999999993,,
2025-05-06 14:00:00,1.8177,7.142,71.4,,0.09229999999999983,,
2025-05-06 15:00:00,1.7989,7.015,70.7,,0.11109999999999998,,
2025-05-06 16:00:00,1.8177,6.763,73.7,,0.09229999999999983,,
2025-05-06 17:00:00,1.4757,5.847,75.7,,0.4342999999999999,,
2025-05-06 18:00:00,1.4568,5.205,80.8,,0.4531999999999998,,
2025-05-06 19:00:00,1.46,4.376,84.4,,0.44999999999999996,,
2025-05-06 20:00:00,1.4725,3.722,91.8,,0.4375,,
2025-05-06 21:00:00,1.7895,3.221,93.8,,0.12049999999999983,,
2025-05-06 22:00:00,1.7864,2.93,95.2,,0.12359999999999993,,
2025-05-06 23:00:00,1.7393,2.77,96.4,,0.17069999999999985,,
2025-05-07 00:00:00,1.7581,2.983,97.1,,0.15189999999999992,,
2025-05-07 01:00:00,1.7487,2.69,96.4,,0.1613,,
2025-05-07 02:00:00,1.7832,2.37,97.3,,0.12680000000000002,,
2025-05-07 03:00:00,1.7518,0.715,98.7,,0.1581999999999999,,
2025-05-07 04:00:00,1.7487,0.107,99.1,,0.1613,,
2025-05-07 05:00:00,1.7581,-0.004,99.5,,0.15189999999999992,,
2025-05-07 06:00:00,1.7487,-0.451,99.6,,0.1613,,
2025-05-07 07:00:00,1.755,-0.676,99.2,,0.15500000000000003,,
2025-05-07 08:00:00,1.7487,-0.339,99.3,,0.1613,,
2025-05-07 09:00:00,1.7456,0.273,99.2,,0.16439999999999988,,
2025-05-07 10:00:00,1.7613,0.495,99.3,,0.14869999999999983,,
2025-05-07 11:00:00,1.7518,1.48,99.0,,0.1581999999999999,,
2025-05-07 12:00:00,,1.886,98.4,,,,
2025-05-07 13:00:00,1.7581,2.047,95.7,,0.15189999999999992,,
2025-05-07 14:00:00,1.7613,2.717,94.0,,0.14869999999999983,,
2025-05-07 15:00:00,1.7487,2.877,95.2,,0.1613,,
2025-05-07 16:00:00,1.7707,2.584,94.5,,0.13929999999999998,,
2025-05-07 17:00:00,1.755,1.099,92.2,,0.15500000000000003,,
2025-05-07 18:00:00,1.7769,0.329,96.4,,0.1331,,
2025-05-07 19:00:00,1.7801,0.495,96.0,,0.1298999999999999,,
2025-05-07 20:00:00,1.7707,0.218,96.2,,0.13929999999999998,,
2025-05-07 21:00:00,1.7675,-0.451,92.7,,0.14249999999999985,,
2025-05-07 22:00:00,1.7675,-0.676,94.8,,0.14249999999999985,,
2025-05-07 23:00:00,1.7644,-1.043,91.6,,0.14559999999999995,,
2025-05-08 00:00:00,1.7644,-1.185,87.8,,0.14559999999999995,,
2025-05-08 01:00:00,1.7675,-0.958,88.1,,0.14249999999999985,,
2025-05-08 02:00:00,1.755,-1.071,91.0,,0.15500000000000003,,
2025-05-08 03:00:00,1.7518,-1.213,91.0,,0.1581999999999999,,
2025-05-08 04:00:00,1.7487,-0.902,89.4,,0.1613,,
2025-05-08 05:00:00,1.7487,-0.732,88.5,,0.1613,,
2025-05-08 06:00:00,1.755,-0.451,88.0,,0.15500000000000003,,
2025-05-08 07:00:00,1.7644,-0.06,88.0,,0.14559999999999995,,
2025-05-08 08:00:00,1.7613,0.439,85.4,,0.14869999999999983,,
2025-05-08 09:00:00,1.7801,0.907,84.7,,0.1298999999999999,,
2025-05-08 10:00:00,1.7958,0.495,93.2,,0.11419999999999986,,
2025-05-08 11:00:00,1.7958,1.044,90.4,,0.11419999999999986,,
2025-05-08 12:00:00,1.7958,1.643,86.5,,0.11419999999999986,,
2025-05-08 13:00:00,1.7801,2.316,86.1,,0.1298999999999999,,
2025-05-08 14:00:00,1.7989,2.209,93.8,,0.11109999999999998,,
2025-05-08 15:00:00,1.7675,1.859,95.1,,0.14249999999999985,,
2025-05-08 16:00:00,1.8021,0.962,97.0,,0.10789999999999988,,
2025-05-08 17:00:00,1.7989,1.099,96.2,,0.11109999999999998,,
2025-05-08 18:00:00,1.8083,1.317,97.0,,0.1016999999999999,,
2025-05-08 19:00:00,1.8021,0.934,97.1,,0.10789999999999988,,
2025-05-08 20:00:00,1.7958,0.439,97.1,,0.11419999999999986,,
2025-05-08 21:00:00,1.7675,0.495,95.9,,0.14249999999999985,,
2025-05-08 22:00:00,1.7958,0.079,95.0,,0.11419999999999986,,
2025-05-08 23:00:00,1.7958,0.384,92.7,,0.11419999999999986,,
2025-05-09 00:00:00,1.7864,0.605,89.8,,0.12359999999999993,,
2025-05-09 01:00:00,1.7581,0.577,85.7,,0.15189999999999992,,
2025-05-09 02:00:00,1.7613,0.907,81.0,,0.14869999999999983,,
2025-05-09 03:00:00,1.7581,1.235,79.0,,0.15189999999999992,,
2025-05-09 04:00:00,1.7707,1.344,80.2,,0.13929999999999998,,
2025-05-09 05:00:00,1.7707,1.643,80.5,,0.13929999999999998,,
2025-05-09 06:00:00,1.7926,1.832,78.1,,0.11739999999999995,,
2025-05-09 07:00:00,1.7801,2.289,72.2,,0.1298999999999999,,
2025-05-09 08:00:00,1.7832,2.423,76.0,,0.12680000000000002,,
2025-05-09 09:00:00,1.7769,2.85,81.4,,0.1331,,
2025-05-09 10:00:00,1.7769,3.591,83.5,,0.1331,,
2025-05-09 11:00:00,1.7738,3.749,84.1,,0.13619999999999988,,
2025-05-09 12:00:00,1.755,5.024,72.0,,0.15500000000000003,,
2025-05-09 13:00:00,1.7769,5.334,71.4,,0.1331,,
2025-05-09 14:00:00,1.8021,4.818,73.2,,0.10789999999999988,,
2025-05-09 15:00:00,1.8083,4.766,73.1,,0.1016999999999999,,
2025-05-09 16:00:00,1.8083,4.74,73.8,,0.1016999999999999,,
2025-05-09 17:00:00,1.8052,4.298,80.3,,0.1048,,
2025-05-09 18:00:00,1.8021,5.154,77.8,,0.10789999999999988,,
2025-05-09 19:00:00,1.8052,4.35,80.7,,0.1048,,
2025-05-09 20:00:00,1.7989,3.354,84.4,,0.11109999999999998,,
2025-05-09 21:00:00,1.7989,3.221,85.1,,0.11109999999999998,,
2025-05-09 22:00:00,1.7895,3.142,84.6,,0.12049999999999983,,
2025-05-09 23:00:00,1.7864,2.93,82.0,,0.12359999999999993,,
2025-05-10 00:00:00,1.7864,2.903,80.6,,0.12359999999999993,,
2025-05-10 01:00:00,1.7832,3.009,79.7,,0.12680000000000002,,
2025-05-10 02:00:00,1.7738,2.903,80.4,,0.13619999999999988,,
2025-05-10 03:00:00,1.7644,3.009,78.3,,0.14559999999999995,,
2025-05-10 04:00:00,1.7738,2.45,76.6,,0.13619999999999988,,
2025-05-10 05:00:00,1.7958,2.53,73.9,,0.11419999999999986,,
2025-05-10 06:00:00,1.4663,2.983,73.2,,0.4437,,
2025-05-10 07:00:00,1.4694,3.221,77.7,,0.4405999999999999,,
2025-05-10 08:00:00,1.4694,3.775,73.6,,0.4405999999999999,,
2025-05-10 09:00:00,,3.906,79.3,,,,
2025-05-10 10:00:00,1.4725,3.643,81.1,,0.4375,,
2025-05-10 11:00:00,1.4757,3.406,80.1,,0.4342999999999999,,
2025-05-10 12:00:00,1.8052,1.778,90.6,,0.1048,,
2025-05-10 13:00:00,1.8083,2.717,94.3,,0.1016999999999999,,
2025-05-10 14:00:00,1.7989,2.983,96.3,,0.11109999999999998,,
2025-05-10 15:00:00,1.7958,2.744,95.2,,0.11419999999999986,,
2025-05-10 16:00:00,1.8021,2.77,95.9,,0.10789999999999988,,
2025-05-10 17:00:00,1.7958,2.903,96.4,,0.11419999999999986,,
2025-05-10 18:00:00,1.7926,2.85,94.8,,0.11739999999999995,,
2025-05-10 19:00:00,1.8021,2.477,93.6,,0.10789999999999988,,
2025-05-10 20:00:00,1.8052,2.236,95.7,,0.1048,,
2025-05-10 21:00:00,1.8052,2.209,95.4,,0.1048,,
2025-05-10 22:00:00,1.8052,2.396,93.9,,0.1048,,
2025-05-10 23:00:00,1.7958,2.182,95.4,,0.11419999999999986,,
2025-05-11 00:00:00,1.7926,2.155,95.0,,0.11739999999999995,,
2025-05-11 01:00:00,1.7864,1.859,95.9,,0.12359999999999993,,
2025-05-11 02:00:00,1.7926,1.67,96.3,,0.11739999999999995,,
2025-05-11 03:00:00,1.7801,1.507,96.3,,0.1298999999999999,,
2025-05-11 04:00:00,1.7769,1.507,95.4,,0.1331,,
2025-05-11 05:00:00,1.7769,1.344,95.3,,0.1331,,
2025-05-11 06:00:00,1.8146,1.235,96.6,,0.09539999999999993,,
2025-05-11 07:00:00,1.8021,1.507,94.5,,0.10789999999999988,,
2025-05-11 08:00:00,,1.507,95.6,,,,
2025-05-11 09:00:00,1.7989,2.343,98.5,,0.11109999999999998,,
2025-05-11 10:00:00,1.7832,3.116,99.3,,0.12680000000000002,,
2025-05-11 11:00:00,1.7738,3.327,94.8,,0.13619999999999988,,
2025-05-11 12:00:00,1.7738,4.454,91.5,,0.13619999999999988,,
2025-05-11 13:00:00,1.7832,2.983,94.6,,0.12680000000000002,,
2025-05-11 14:00:00,1.824,3.38,98.6,,0.08599999999999985,,
2025-05-11 15:00:00,1.7644,1.071,98.4,,0.14559999999999995,,
2025-05-11 16:00:00,1.755,2.396,99.3,,0.15500000000000003,,
2025-05-11 17:00:00,1.7707,2.744,99.9,,0.13929999999999998,,
2025-05-11 18:00:00,1.7801,2.823,100.0,,0.1298999999999999,,
2025-05-11 19:00:00,1.7707,2.262,100.0,,0.13929999999999998,,
2025-05-11 20:00:00,1.7832,1.832,100.0,,0.12680000000000002,,
2025-05-11 21:00:00,1.7801,1.697,99.8,,0.1298999999999999,,
2025-05-11 22:00:00,1.7989,1.67,99.8,,0.11109999999999998,,
2025-05-11 23:00:00,1.8021,1.724,99.7,,0.10789999999999988,,
2025-05-12 00:00:00,1.7958,1.67,99.8,,0.11419999999999986,,
2025-05-12 01:00:00,1.7989,1.534,100.0,,0.11109999999999998,,
2025-05-12 02:00:00,1.8021,1.697,100.0,,0.10789999999999988,,
2025-05-12 03:00:00,1.8021,1.832,100.0,,0.10789999999999988,,
2025-05-12 04:00:00,1.8083,1.886,100.0,,0.1016999999999999,,
2025-05-12 05:00:00,1.8052,1.67,100.0,,0.1048,,
2025-05-12 06:00:00,1.8021,1.697,100.0,,0.10789999999999988,,
2025-05-12 07:00:00,1.8021,1.751,100.0,,0.10789999999999988,,
2025-05-12 08:00:00,1.8052,2.155,100.0,,0.1048,,
2025-05-12 09:00:00,1.8083,2.45,100.0,,0.1016999999999999,,
2025-05-12 10:00:00,1.8115,3.354,100.0,,0.09849999999999981,,
2025-05-12 11:00:00,1.8083,4.324,100.0,,0.1016999999999999,,
2025-05-12 12:00:00,1.8052,5.05,100.0,,0.1048,,
2025-05-12 13:00:00,1.8146,6.153,99.5,,0.09539999999999993,,
2025-05-12 14:00:00,1.7895,7.519,95.5,,0.12049999999999983,,
2025-05-12 15:00:00,1.8021,7.895,91.7,,0.10789999999999988,,
2025-05-12 16:00:00,1.8083,8.22,90.4,,0.1016999999999999,,
2025-05-12 17:00:00,1.7769,7.87,92.1,,0.1331,,
2025-05-12 18:00:00,1.7864,7.393,92.7,,0.12359999999999993,,
2025-05-12 19:00:00,1.7895,7.066,91.0,,0.12049999999999983,,
2025-05-12 20:00:00,1.7801,5.282,92.9,,0.1298999999999999,,
2025-05-12 21:00:00,1.7926,5.05,93.1,,0.11739999999999995,,
2025-05-12 22:00:00,1.7801,4.947,93.4,,0.1298999999999999,,
2025-05-12 23:00:00,1.7864,4.973,94.6,,0.12359999999999993,,
2025-05-13 00:00:00,1.7864,5.179,95.4,,0.12359999999999993,,
2025-05-13 01:00:00,1.7801,4.921,95.4,,0.1298999999999999,,
2025-05-13 02:00:00,1.7769,4.844,93.0,,0.1331,,
2025-05-13 03:00:00,1.7832,4.714,91.6,,0.12680000000000002,,
2025-05-13 04:00:00,1.7769,3.354,95.0,,0.1331,,
2025-05-13 05:00:00,1.7895,3.142,85.2,,0.12049999999999983,,
2025-05-13 06:00:00,1.7801,3.512,71.9,,0.1298999999999999,,
2025-05-13 07:00:00,1.7707,3.009,73.7,,0.13929999999999998,,
2025-05-13 08:00:00,1.7613,2.983,70.9,,0.14869999999999983,,
2025-05-13 09:00:00,1.7864,3.643,79.4,,0.12359999999999993,,
2025-05-13 10:00:00,1.7864,4.22,85.3,,0.12359999999999993,,
2025-05-13 11:00:00,1.7895,5.924,76.9,,0.12049999999999983,,
2025-05-13 12:00:00,1.7675,6.763,78.9,,0.14249999999999985,,
2025-05-13 13:00:00,1.7707,7.795,76.8,,0.13929999999999998,,
2025-05-13 14:00:00,,8.419,75.6,,,,
2025-05-13 15:00:00,1.7644,6.788,79.9,,0.14559999999999995,,
2025-05-13 16:00:00,1.7769,6.0,81.8,,0.1331,,
2025-05-13 17:00:00,1.7864,5.745,85.9,,0.12359999999999993,,
2025-05-13 18:00:00,1.7895,5.719,86.6,,0.12049999999999983,,
2025-05-13 19:00:00,1.7895,4.688,90.3,,0.12049999999999983,,
2025-05-13 20:00:00,1.7801,3.801,92.5,,0.1298999999999999,,
2025-05-13 21:00:00,1.7801,2.717,92.0,,0.1298999999999999,,
2025-05-13 22:00:00,1.7581,2.236,92.4,,0.15189999999999992,,
2025-05-13 23:00:00,1.7613,1.967,92.7,,0.14869999999999983,,
2025-05-14 00:00:00,1.7644,1.778,94.7,,0.14559999999999995,,
2025-05-14 01:00:00,1.7613,1.534,95.8,,0.14869999999999983,,
2025-05-14 02:00:00,1.7644,1.398,97.2,,0.14559999999999995,,
2025-05-14 03:00:00,1.7644,0.797,96.6,,0.14559999999999995,,
2025-05-14 04:00:00,1.755,0.19,95.8,,0.15500000000000003,,
2025-05-14 05:00:00,1.755,-0.227,95.6,,0.15500000000000003,,
2025-05-14 06:00:00,1.755,-0.62,94.3,,0.15500000000000003,,
2025-05-14 07:00:00,1.7518,-0.704,93.1,,0.1581999999999999,,
2025-05-14 08:00:00,1.755,-0.676,93.7,,0.15500000000000003,,
2025-05-14 09:00:00,1.755,0.218,91.8,,0.15500000000000003,,
2025-05-14 10:00:00,1.7644,1.453,86.2,,0.14559999999999995,,
2025-05-14 11:00:00,1.7958,3.301,77.2,,0.11419999999999986,,
2025-05-14 12:00:00,1.8052,4.454,77.6,,0.1048,,
2025-05-14 13:00:00,1.8052,5.898,70.0,,0.1048,,
2025-05-14 14:00:00,1.7581,6.458,68.6,,0.15189999999999992,,
2025-05-14 15:00:00,1.8209,6.382,73.3,,0.08909999999999996,,
2025-05-14 16:00:00,1.7581,6.128,74.8,,0.15189999999999992,,
2025-05-14 17:00:00,1.7487,5.514,70.9,,0.1613,,
2025-05-14 18:00:00,1.7864,4.402,77.3,,0.12359999999999993,,
2025-05-14 19:00:00,1.824,3.406,78.9,,0.08599999999999985,,
2025-05-14 20:00:00,1.8209,2.53,73.8,,0.08909999999999996,,
2025-05-14 21:00:00,1.4631,2.128,51.8,,0.44689999999999985,,
2025-05-14 22:00:00,1.4474,2.45,43.2,,0.4625999999999999,,
2025-05-14 23:00:00,1.7267,3.643,45.2,,0.18330000000000002,,
2025-05-15 00:00:00,1.7424,3.485,59.8,,0.16759999999999997,,
2025-05-15 01:00:00,1.7958,3.301,69.8,,0.11419999999999986,,
2025-05-15 02:00:00,1.755,3.538,70.5,,0.15500000000000003,,
2025-05-15 03:00:00,1.7958,3.168,76.9,,0.11419999999999986,,
2025-05-15 04:00:00,1.755,2.877,80.8,,0.15500000000000003,,
2025-05-15 05:00:00,1.7456,2.877,78.5,,0.16439999999999988,,
2025-05-15 06:00:00,1.4474,2.53,82.6,,0.4625999999999999,,
2025-05-15 07:00:00,1.4411,1.615,88.9,,0.4688999999999999,,
2025-05-15 08:00:00,1.4631,1.48,95.3,,0.44689999999999985,,
2025-05-15 09:00:00,1.7581,1.18,97.5,,0.15189999999999992,,
2025-05-15 10:00:00,1.7424,1.289,98.7,,0.16759999999999997,,
2025-05-15 11:00:00,1.7832,1.643,99.2,,0.12680000000000002,,
2025-05-15 12:00:00,1.8146,1.67,99.5,,0.09539999999999993,,
2025-05-15 13:00:00,1.7613,2.396,99.2,,0.14869999999999983,,
2025-05-15 14:00:00,1.7613,2.61,97.9,,0.14869999999999983,,
2025-05-15 15:00:00,1.7424,2.557,98.3,,0.16759999999999997,,
2025-05-15 16:00:00,1.7424,2.637,97.5,,0.16759999999999997,,
2025-05-15 17:00:00,1.755,2.557,98.1,,0.15500000000000003,,
2025-05-15 18:00:00,1.7644,2.503,98.3,,0.14559999999999995,,
2025-05-15 19:00:00,1.7613,2.37,98.7,,0.14869999999999983,,
2025-05-15 20:00:00,1.7581,2.289,98.9,,0.15189999999999992,,
2025-05-15 21:00:00,1.7644,2.423,99.1,,0.14559999999999995,,
2025-05-15 22:00:00,1.7801,2.343,99.4,,0.1298999999999999,,
2025-05-15 23:00:00,1.7613,2.155,99.2,,0.14869999999999983,,
2025-05-16 00:00:00,1.7613,2.182,99.1,,0.14869999999999983,,
2025-05-16 01:00:00,,2.182,98.7,,,,
2025-05-16 02:00:00,1.7675,1.94,99.3,,0.14249999999999985,,
2025-05-16 03:00:00,1.7644,2.316,99.6,,0.14559999999999995,,
2025-05-16 04:00:00,1.7832,2.637,99.4,,0.12680000000000002,,
2025-05-16 05:00:00,1.7613,2.956,99.7,,0.14869999999999983,,
2025-05-16 06:00:00,1.7613,3.142,99.3,,0.14869999999999983,,
2025-05-16 07:00:00,1.7707,3.248,99.4,,0.13929999999999998,,
2025-05-16 08:00:00,1.7613,3.485,99.1,,0.14869999999999983,,
2025-05-16 09:00:00,1.7613,3.722,99.8,,0.14869999999999983,,
2025-05-16 10:00:00,1.7801,4.168,99.3,,0.1298999999999999,,
2025-05-16 11:00:00,1.7707,4.063,100.0,,0.13929999999999998,,
2025-05-16 12:00:00,1.7864,4.324,100.0,,0.12359999999999993,,
2025-05-16 13:00:00,1.7864,4.402,99.0,,0.12359999999999993,,
2025-05-16 14:00:00,,4.662,100.0,,,,
2025-05-16 15:00:00,1.7832,4.844,100.0,,0.12680000000000002,,
2025-05-16 16:00:00,1.7895,4.714,99.7,,0.12049999999999983,,
2025-05-16 17:00:00,1.7801,4.376,100.0,,0.1298999999999999,,
2025-05-16 18:00:00,1.7864,3.433,100.0,,0.12359999999999993,,
2025-05-16 19:00:00,1.7801,3.063,100.0,,0.1298999999999999,,
2025-05-16 20:00:00,1.7675,2.77,100.0,,0.14249999999999985,,
2025-05-16 21:00:00,1.7675,2.637,100.0,,0.14249999999999985,,
2025-05-16 22:00:00,1.7769,2.316,100.0,,0.1331,,
2025-05-16 23:00:00,1.7707,2.396,100.0,,0.13929999999999998,,
2025-05-17 00:00:00,1.7518,2.423,100.0,,0.1581999999999999,,
2025-05-17 01:00:00,1.7832,2.101,100.0,,0.12680000000000002,,
2025-05-17 02:00:00,1.7487,2.074,100.0,,0.1613,,
2025-05-17 03:00:00,1.755,1.967,100.0,,0.15500000000000003,,
2025-05-17 04:00:00,1.7613,1.534,100.0,,0.14869999999999983,,
2025-05-17 05:00:00,1.7895,1.126,100.0,,0.12049999999999983,,
2025-05-17 06:00:00,1.7518,0.852,100.0,,0.1581999999999999,,
2025-05-17 07:00:00,1.755,1.344,100.0,,0.15500000000000003,,
2025-05-17 08:00:00,1.7707,1.453,100.0,,0.13929999999999998,,
2025-05-17 09:00:00,1.7613,1.724,100.0,,0.14869999999999983,,
2025-05-17 10:00:00,1.7581,2.182,100.0,,0.15189999999999992,,
2025-05-17 11:00:00,1.755,2.37,100.0,,0.15500000000000003,,
2025-05-17 12:00:00,1.7801,2.37,100.0,,0.1298999999999999,,
2025-05-17 13:00:00,1.7675,2.85,100.0,,0.14249999999999985,,
2025-05-17 14:00:00,1.7926,2.77,100.0,,0.11739999999999995,,
2025-05-17 15:00:00,1.8052,2.503,100.0,,0.1048,,
2025-05-17 16:00:00,1.8052,2.128,100.0,,0.1048,,
2025-05-17 17:00:00,1.8334,1.805,100.0,,0.0766,,
2025-05-17 18:00:00,1.7989,1.317,100.0,,0.11109999999999998,,
2025-05-17 19:00:00,1.7864,0.742,100.0,,0.12359999999999993,,
2025-05-17 20:00:00,1.8052,0.632,100.0,,0.1048,,
2025-05-17 21:00:00,1.8177,0.19,100.0,,0.09229999999999983,,
2025-05-17 22:00:00,1.8177,-0.143,100.0,,0.09229999999999983,,
2025-05-17 23:00:00,1.7958,-0.255,100.0,,0.11419999999999986,,
2025-05-18 00:00:00,1.7895,-0.311,100.0,,0.12049999999999983,,
2025-05-18 01:00:00,1.7895,-0.451,100.0,,0.12049999999999983,,
2025-05-18 02:00:00,1.7958,-0.479,100.0,,0.11419999999999986,,
2025-05-18 03:00:00,1.8052,-0.648,100.0,,0.1048,,
2025-05-18 04:00:00,1.8146,-0.676,100.0,,0.09539999999999993,,
2025-05-18 05:00:00,1.8083,-0.704,100.0,,0.1016999999999999,,
2025-05-18 06:00:00,1.8052,-0.873,100.0,,0.1048,,
2025-05-18 07:00:00,1.7926,-0.817,100.0,,0.11739999999999995,,
2025-05-18 08:00:00,1.8115,-0.507,100.0,,0.09849999999999981,,
2025-05-18 09:00:00,1.8083,-0.283,100.0,,0.1016999999999999,,
2025-05-18 10:00:00,1.8083,-0.032,100.0,,0.1016999999999999,,
2025-05-18 11:00:00,1.8177,0.301,100.0,,0.09229999999999983,,
2025-05-18 12:00:00,1.7644,0.934,100.0,,0.14559999999999995,,
2025-05-18 13:00:00,1.7675,2.101,100.0,,0.14249999999999985,,
2025-05-18 14:00:00,1.7613,2.823,100.0,,0.14869999999999983,,
2025-05-18 15:00:00,1.7958,3.195,100.0,,0.11419999999999986,,
2025-05-18 16:00:00,1.8052,2.584,100.0,,0.1048,,
2025-05-18 17:00:00,1.7738,3.354,100.0,,0.13619999999999988,,
2025-05-18 18:00:00,1.7675,2.664,99.5,,0.14249999999999985,,
2025-05-18 19:00:00,1.7864,1.751,98.2,,0.12359999999999993,,
2025-05-18 20:00:00,1.7895,1.697,94.5,,0.12049999999999983,,
2025-05-18 21:00:00,1.7675,1.615,88.3,,0.14249999999999985,,
2025-05-18 22:00:00,1.7926,1.886,85.6,,0.11739999999999995,,
2025-05-18 23:00:00,1.7769,1.48,89.7,,0.1331,,
2025-05-19 00:00:00,1.7958,0.079,99.4,,0.11419999999999986,,
2025-05-19 01:00:00,1.824,-0.116,100.0,,0.08599999999999985,,
2025-05-19 02:00:00,1.8052,-0.004,100.0,,0.1048,,
2025-05-19 03:00:00,1.824,-0.004,100.0,,0.08599999999999985,,
2025-05-19 04:00:00,1.8303,0.135,100.0,,0.07969999999999988,,
2025-05-19 05:00:00,1.8334,0.079,100.0,,0.0766,,
2025-05-19 06:00:00,1.8397,0.135,100.0,,0.07030000000000003,,
2025-05-19 07:00:00,1.824,0.329,100.0,,0.08599999999999985,,
2025-05-19 08:00:00,1.8083,0.605,99.7,,0.1016999999999999,,
2025-05-19 09:00:00,1.8177,0.825,99.9,,0.09229999999999983,,
2025-05-19 10:00:00,1.824,1.071,100.0,,0.08599999999999985,,
2025-05-19 11:00:00,1.7958,1.289,100.0,,0.11419999999999986,,
2025-05-19 12:00:00,1.755,1.534,100.0,,0.15500000000000003,,
2025-05-19 13:00:00,1.7613,1.913,99.7,,0.14869999999999983,,
2025-05-19 14:00:00,1.755,2.37,98.5,,0.15500000000000003,,
2025-05-19 15:00:00,1.7613,1.94,98.9,,0.14869999999999983,,
2025-05-19 16:00:00,1.755,1.534,99.5,,0.15500000000000003,,
2025-05-19 17:00:00,1.7581,1.398,100.0,,0.15189999999999992,,
2025-05-19 18:00:00,1.7487,1.18,100.0,,0.1613,,
2025-05-19 19:00:00,1.7518,0.962,100.0,,0.1581999999999999,,
2025-05-19 20:00:00,1.7487,0.577,100.0,,0.1613,,
2025-05-19 21:00:00,1.7581,0.55,100.0,,0.15189999999999992,,
2025-05-19 22:00:00,1.755,0.495,100.0,,0.15500000000000003,,
2025-05-19 23:00:00,1.7581,0.439,100.0,,0.15189999999999992,,
2025-05-20 00:00:00,1.7581,0.412,100.0,,0.15189999999999992,,
2025-05-20 01:00:00,1.7581,0.412,100.0,,0.15189999999999992,,
2025-05-20 02:00:00,1.7581,0.356,100.0,,0.15189999999999992,,
2025-05-20 03:00:00,1.7613,0.246,100.0,,0.14869999999999983,,
2025-05-20 04:00:00,1.7518,0.329,100.0,,0.1581999999999999,,
2025-05-20 05:00:00,1.7613,0.384,100.0,,0.14869999999999983,,
2025-05-20 06:00:00,1.7581,0.495,99.3,,0.15189999999999992,,
2025-05-20 07:00:00,1.7613,0.715,98.6,,0.14869999999999983,,
2025-05-20 08:00:00,1.7613,0.88,98.7,,0.14869999999999983,,
2025-05-20 09:00:00,1.7675,1.099,99.1,,0.14249999999999985,,
2025-05-20 10:00:00,1.7644,1.235,99.8,,0.14559999999999995,,
2025-05-20 11:00:00,1.7613,1.317,99.7,,0.14869999999999983,,
2025-05-20 12:00:00,1.7613,1.317,100.0,,0.14869999999999983,,
2025-05-20 13:00:00,1.7613,2.289,100.0,,0.14869999999999983,,
2025-05-20 14:00:00,1.7644,2.477,100.0,,0.14559999999999995,,
2025-05-20 15:00:00,1.7644,2.903,99.3,,0.14559999999999995,,
2025-05-20 16:00:00,1.7581,2.047,100.0,,0.15189999999999992,,
2025-05-20 17:00:00,1.7644,2.128,100.0,,0.14559999999999995,,
2025-05-20 18:00:00,1.7675,2.047,100.0,,0.14249999999999985,,
2025-05-20 19:00:00,1.7644,0.989,100.0,,0.14559999999999995,,
2025-05-20 20:00:00,,1.126,100.0,,,,
2025-05-20 21:00:00,1.7613,1.099,100.0,,0.14869999999999983,,
2025-05-20 22:00:00,1.755,1.099,100.0,,0.15500000000000003,,
2025-05-20 23:00:00,1.7581,1.017,100.0,,0.15189999999999992,,
2025-05-21 00:00:00,1.7613,0.715,100.0,,0.14869999999999983,,
2025-05-21 01:00:00,1.7581,0.522,100.0,,0.15189999999999992,,
2025-05-21 02:00:00,1.7613,0.412,100.0,,0.14869999999999983,,
2025-05-21 03:00:00,1.7581,0.051,100.0,,0.15189999999999992,,
2025-05-21 04:00:00,1.7581,0.107,100.0,,0.15189999999999992,,
2025-05-21 05:00:00,1.7644,0.246,100.0,,0.14559999999999995,,
2025-05-21 06:00:00,1.7613,0.632,100.0,,0.14869999999999983,,
2025-05-21 07:00:00,1.7613,0.825,100.0,,0.14869999999999983,,
2025-05-21 08:00:00,1.7613,1.235,100.0,,0.14869999999999983,,
2025-05-21 09:00:00,,1.832,100.0,,,,
2025-05-21 10:00:00,1.7644,2.343,100.0,,0.14559999999999995,,
2025-05-21 11:00:00,1.7644,2.423,100.0,,0.14559999999999995,,
2025-05-21 12:00:00,1.7675,2.637,100.0,,0.14249999999999985,,
2025-05-21 13:00:00,1.7613,2.316,100.0,,0.14869999999999983,,
2025-05-21 14:00:00,1.7675,2.744,100.0,,0.14249999999999985,,
2025-05-21 15:00:00,1.7613,2.503,100.0,,0.14869999999999983,,
2025-05-21 16:00:00,1.7644,3.564,100.0,,0.14559999999999995,,
2025-05-21 17:00:00,1.7613,2.503,100.0,,0.14869999999999983,,
2025-05-21 18:00:00,1.7613,2.797,100.0,,0.14869999999999983,,
2025-05-21 19:00:00,1.7644,2.797,100.0,,0.14559999999999995,,
2025-05-21 20:00:00,1.7707,2.477,100.0,,0.13929999999999998,,
2025-05-21 21:00:00,1.7675,1.832,100.0,,0.14249999999999985,,
2025-05-21 22:00:00,1.7832,1.18,100.0,,0.12680000000000002,,
2025-05-21 23:00:00,1.7675,0.852,100.0,,0.14249999999999985,,
2025-05-22 00:00:00,1.7864,0.88,100.0,,0.12359999999999993,,
2025-05-22 01:00:00,1.7864,0.852,100.0,,0.12359999999999993,,
2025-05-22 02:00:00,1.7864,0.88,100.0,,0.12359999999999993,,
2025-05-22 03:00:00,1.7864,0.77,100.0,,0.12359999999999993,,
2025-05-22 04:00:00,1.7738,0.687,100.0,,0.13619999999999988,,
2025-05-22 05:00:00,1.7675,0.797,100.0,,0.14249999999999985,,
2025-05-22 06:00:00,1.7707,0.962,100.0,,0.13929999999999998,,
2025-05-22 07:00:00,1.7707,1.262,100.0,,0.13929999999999998,,
2025-05-22 08:00:00,1.7707,1.751,100.0,,0.13929999999999998,,
2025-05-22 09:00:00,1.7926,2.557,100.0,,0.11739999999999995,,
2025-05-22 10:00:00,1.7895,3.195,100.0,,0.12049999999999983,,
2025-05-22 11:00:00,1.7895,3.38,100.0,,0.12049999999999983,,
2025-05-22 12:00:00,1.7895,4.089,100.0,,0.12049999999999983,,
2025-05-22 13:00:00,1.7926,4.272,100.0,,0.11739999999999995,,
2025-05-22 14:00:00,1.7926,4.895,100.0,,0.11739999999999995,,
2025-05-22 15:00:00,1.7895,4.037,100.0,,0.12049999999999983,,
2025-05-22 16:00:00,1.7926,4.194,100.0,,0.11739999999999995,,
2025-05-22 17:00:00,1.7864,3.512,100.0,,0.12359999999999993,,
2025-05-22 18:00:00,1.7675,3.932,100.0,,0.14249999999999985,,
2025-05-22 19:00:00,1.7613,2.744,100.0,,0.14869999999999983,,
2025-05-22 20:00:00,1.7675,2.717,100.0,,0.14249999999999985,,
2025-05-22 21:00:00,1.7613,2.45,100.0,,0.14869999999999983,,
2025-05-22 22:00:00,1.7675,2.155,100.0,,0.14249999999999985,,
2025-05-22 23:00:00,1.7675,1.886,100.0,,0.14249999999999985,,
2025-05-23 00:00:00,1.7675,1.044,100.0,,0.14249999999999985,,
2025-05-23 01:00:00,1.7675,0.632,100.0,,0.14249999999999985,,
2025-05-23 02:00:00,1.7675,0.632,98.1,,0.14249999999999985,,
2025-05-23 03:00:00,1.7895,0.577,99.0,,0.12049999999999983,,
2025-05-23 04:00:00,1.7926,0.632,98.2,,0.11739999999999995,,
2025-05-23 05:00:00,1.7958,0.577,99.3,,0.11419999999999986,,
2025-05-23 06:00:00,1.8052,0.77,100.0,,0.1048,,
2025-05-23 07:00:00,1.7989,0.852,99.8,,0.11109999999999998,,
2025-05-23 08:00:00,1.8083,0.88,94.9,,0.1016999999999999,,
2025-05-23 09:00:00,1.8146,1.588,95.0,,0.09539999999999993,,
2025-05-23 10:00:00,1.8177,2.128,100.0,,0.09229999999999983,,
2025-05-23 11:00:00,1.8177,2.477,97.9,,0.09229999999999983,,
2025-05-23 12:00:00,1.8209,3.089,95.8,,0.08909999999999996,,
2025-05-23 13:00:00,1.8115,2.69,98.7,,0.09849999999999981,,
2025-05-23 14:00:00,1.8115,2.45,99.7,,0.09849999999999981,,
2025-05-23 15:00:00,1.8115,2.343,99.8,,0.09849999999999981,,
2025-05-23 16:00:00,1.7958,2.637,98.8,,0.11419999999999986,,
2025-05-23 17:00:00,1.7989,2.983,97.1,,0.11109999999999998,,
2025-05-23 18:00:00,1.8052,2.956,98.3,,0.1048,,
2025-05-23 19:00:00,1.8052,2.584,98.8,,0.1048,,
2025-05-23 20:00:00,1.8052,2.477,97.6,,0.1048,,
2025-05-23 21:00:00,1.8052,2.128,98.9,,0.1048,,
2025-05-23 22:00:00,1.8052,2.021,100.0,,0.1048,,
2025-05-23 23:00:00,1.8115,2.128,98.6,,0.09849999999999981,,
2025-05-24 00:00:00,1.8083,2.047,99.0,,0.1016999999999999,,
2025-05-24 01:00:00,1.8177,2.557,95.6,,0.09229999999999983,,
2025-05-24 02:00:00,1.8083,2.717,93.5,,0.1016999999999999,,
2025-05-24 03:00:00,1.824,2.903,91.9,,0.08599999999999985,,
2025-05-24 04:00:00,1.8115,2.45,94.9,,0.09849999999999981,,
2025-05-24 05:00:00,1.8209,2.53,94.4,,0.08909999999999996,,
2025-05-24 06:00:00,1.8083,3.248,91.0,,0.1016999999999999,,
2025-05-24 07:00:00,1.8272,3.801,88.0,,0.08279999999999998,,
2025-05-24 08:00:00,1.824,4.011,87.9,,0.08599999999999985,,
2025-05-24 09:00:00,1.824,4.168,87.6,,0.08599999999999985,,
2025-05-24 10:00:00,1.8303,4.792,84.9,,0.07969999999999988,,
2025-05-24 11:00:00,1.8303,5.334,93.0,,0.07969999999999988,,
2025-05-24 12:00:00,1.824,5.821,89.2,,0.08599999999999985,,
2025-05-24 13:00:00,1.8303,6.433,86.0,,0.07969999999999988,,
2025-05-24 14:00:00,1.8303,5.821,90.3,,0.07969999999999988,,
2025-05-24 15:00:00,1.8115,6.889,86.0,,0.09849999999999981,,
2025-05-24 16:00:00,1.8209,7.293,86.8,,0.08909999999999996,,
2025-05-24 17:00:00,1.8209,7.594,82.2,,0.08909999999999996,,
2025-05-24 18:00:00,1.8272,7.645,83.1,,0.08279999999999998,,
2025-05-24 19:00:00,1.824,6.204,89.2,,0.08599999999999985,,
2025-05-24 20:00:00,1.8115,5.745,90.6,,0.09849999999999981,,
2025-05-24 21:00:00,1.8209,6.306,86.9,,0.08909999999999996,,
2025-05-24 22:00:00,1.824,5.565,85.9,,0.08599999999999985,,
2025-05-24 23:00:00,,5.154,83.8,,,,
2025-05-25 00:00:00,,4.402,89.5,,,,
2025-05-25 01:00:00,1.8272,4.298,88.5,,0.08279999999999998,,
2025-05-25 02:00:00,1.8366,4.324,86.2,,0.07339999999999991,,
2025-05-25 03:00:00,1.824,3.591,92.2,,0.08599999999999985,,
2025-05-25 04:00:00,1.8334,3.089,95.5,,0.0766,,
2025-05-25 05:00:00,1.8366,4.194,83.1,,0.07339999999999991,,
2025-05-25 06:00:00,1.8177,3.168,89.5,,0.09229999999999983,,
2025-05-25 07:00:00,1.8366,3.354,89.2,,0.07339999999999991,,
2025-05-25 08:00:00,1.8303,3.775,85.4,,0.07969999999999988,,
2025-05-25 09:00:00,1.8303,3.591,92.4,,0.07969999999999988,,
2025-05-25 10:00:00,1.824,3.854,97.1,,0.08599999999999985,,
2025-05-25 11:00:00,1.824,4.194,97.7,,0.08599999999999985,,
2025-05-25 12:00:00,1.8209,4.844,93.0,,0.08909999999999996,,
2025-05-25 13:00:00,1.8303,5.231,90.0,,0.07969999999999988,,
2025-05-25 14:00:00,1.8303,5.668,88.4,,0.07969999999999988,,
2025-05-25 15:00:00,1.824,5.719,88.9,,0.08599999999999985,,
2025-05-25 16:00:00,1.8366,6.077,88.7,,0.07339999999999991,,
2025-05-25 17:00:00,1.824,5.616,91.6,,0.08599999999999985,,
2025-05-25 18:00:00,1.8366,4.973,93.8,,0.07339999999999991,,
2025-05-25 19:00:00,1.8146,4.688,97.3,,0.09539999999999993,,
2025-05-25 20:00:00,1.8115,4.506,96.6,,0.09849999999999981,,
2025-05-25 21:00:00,1.8177,4.61,96.0,,0.09229999999999983,,
2025-05-25 22:00:00,1.8083,4.61,95.5,,0.1016999999999999,,
2025-05-25 23:00:00,1.8209,4.298,96.7,,0.08909999999999996,,
2025-05-26 00:00:00,1.8272,4.324,97.1,,0.08279999999999998,,
2025-05-26 01:00:00,1.8272,4.063,97.0,,0.08279999999999998,,
2025-05-26 02:00:00,1.8177,3.906,98.7,,0.09229999999999983,,
2025-05-26 03:00:00,1.8083,3.722,99.4,,0.1016999999999999,,
2025-05-26 04:00:00,,3.248,99.0,,,,
2025-05-26 05:00:00,1.8146,3.459,99.0,,0.09539999999999993,,
2025-05-26 06:00:00,1.824,3.512,99.3,,0.08599999999999985,,
2025-05-26 07:00:00,1.824,3.221,100.0,,0.08599999999999985,,
2025-05-26 08:00:00,1.8021,2.61,99.6,,0.10789999999999988,,
2025-05-26 09:00:00,1.8146,2.85,97.1,,0.09539999999999993,,
2025-05-26 10:00:00,1.8272,2.877,94.9,,0.08279999999999998,,
2025-05-26 11:00:00,1.8303,3.036,88.5,,0.07969999999999988,,
2025-05-26 12:00:00,1.8209,2.983,85.7,,0.08909999999999996,,
2025-05-26 13:00:00,1.8334,3.089,85.7,,0.0766,,
2025-05-26 14:00:00,1.8334,3.354,81.8,,0.0766,,
2025-05-26 15:00:00,1.8334,2.983,87.1,,0.0766,,
2025-05-26 16:00:00,1.8334,3.036,85.7,,0.0766,,
2025-05-26 17:00:00,1.824,3.063,85.5,,0.08599999999999985,,
2025-05-26 18:00:00,1.8177,2.77,86.7,,0.09229999999999983,,
2025-05-26 19:00:00,1.8303,2.477,90.4,,0.07969999999999988,,
2025-05-26 20:00:00,1.8303,2.423,91.0,,0.07969999999999988,,
2025-05-26 21:00:00,1.8366,2.37,92.8,,0.07339999999999991,,
2025-05-26 22:00:00,1.8272,2.396,94.7,,0.08279999999999998,,
2025-05-26 23:00:00,1.8303,2.717,93.3,,0.07969999999999988,,
2025-05-27 00:00:00,1.8303,3.221,92.6,,0.07969999999999988,,
2025-05-27 01:00:00,1.8334,3.643,92.7,,0.0766,,
2025-05-27 02:00:00,1.8272,4.115,92.8,,0.08279999999999998,,
2025-05-27 03:00:00,1.8303,4.506,92.2,,0.07969999999999988,,
2025-05-27 04:00:00,1.8334,4.61,92.2,,0.0766,,
2025-05-27 05:00:00,1.8334,4.584,93.8,,0.0766,,
2025-05-27 06:00:00,1.8429,4.921,94.7,,0.06709999999999994,,
2025-05-27 07:00:00,1.8366,4.688,95.5,,0.07339999999999991,,
2025-05-27 08:00:00,1.8397,4.818,96.7,,0.07030000000000003,,
2025-05-27 09:00:00,1.8397,4.921,96.8,,0.07030000000000003,,
2025-05-27 10:00:00,1.8429,5.05,96.7,,0.06709999999999994,,
2025-05-27 11:00:00,1.8429,5.102,97.7,,0.06709999999999994,,
2025-05-27 12:00:00,1.8366,5.205,98.5,,0.07339999999999991,,
2025-05-27 13:00:00,1.8397,5.437,98.7,,0.07030000000000003,,
2025-05-27 14:00:00,1.8429,5.591,99.0,,0.06709999999999994,1.91,
2026-01-14 13:15:33,1.697,2.983,100.0,0.439,0.21299999999999986,1.68,
2026-01-14 14:15:33,1.7127,2.664,100.0,0.439,0.19730000000000003,,
2026-01-14 15:15:33,1.7127,2.77,100.0,0.439,0.19730000000000003,,
2026-01-14 16:15:33,1.7095,2.262,100.0,0.439,0.2004999999999999,,
2026-01-14 17:15:33,1.7095,1.67,100.0,0.439,0.2004999999999999,,
2026-01-14 18:15:33,1.719,1.751,100.0,0.439,0.19099999999999984,,
2026-01-14 19:15:33,1.7127,1.235,100.0,0.467,0.19730000000000003,,
2026-01-14 20:15:33,1.719,1.18,100.0,0.467,0.19099999999999984,,
2026-01-14 21:15:33,1.7158,1.289,100.0,0.467,0.19419999999999993,,
2026-01-14 22:15:33,1.7252,1.18,100.0,0.467,0.18479999999999985,,
2026-01-14 23:15:33,1.7252,0.797,100.0,0.467,0.18479999999999985,,
2026-01-15 00:15:33,1.7252,0.687,100.0,0.467,0.18479999999999985,,
2026-01-15 01:15:33,1.7252,0.439,100.0,0.467,0.18479999999999985,,
2026-01-15 02:15:33,1.7221,0.329,98.5,0.467,0.18789999999999996,,
2026-01-15 03:15:33,1.7158,0.467,98.6,0.495,0.19419999999999993,,
2026-01-15 04:15:33,1.7221,0.384,97.5,0.495,0.18789999999999996,,
2026-01-15 05:15:33,1.719,0.273,86.8,0.495,0.19099999999999984,,
2026-01-15 06:15:33,1.7001,1.425,69.8,0.495,0.20989999999999998,,
2026-01-15 07:15:33,1.697,2.797,58.2,0.495,0.21299999999999986,,
2026-01-15 08:15:33,1.719,3.854,50.3,0.495,0.19099999999999984,,
2026-01-15 09:15:33,1.7095,3.906,45.6,0.495,0.2004999999999999,,
2026-01-15 10:15:33,1.697,4.766,43.0,0.522,0.21299999999999986,,
2026-01-15 11:15:33,1.7315,5.488,44.2,0.522,0.17849999999999988,,
2026-01-15 12:15:33,1.7315,6.585,37.9,0.522,0.17849999999999988,,
2026-01-15 13:15:33,1.7472,6.99,43.3,0.522,0.16279999999999983,,
2026-01-15 14:15:33,1.719,7.695,39.6,0.522,0.19099999999999984,,
2026-01-15 15:15:33,1.7221,7.569,41.1,0.522,0.18789999999999996,,
2026-01-15 16:15:33,1.7095,6.661,37.4,0.522,0.2004999999999999,,
2026-01-15 17:15:33,1.7315,6.204,37.5,0.522,0.17849999999999988,,
2026-01-15 18:15:33,1.697,6.687,39.9,0.522,0.21299999999999986,,
2026-01-15 19:15:33,1.7378,6.357,39.0,0.522,0.1721999999999999,,
2026-01-15 20:15:33,1.7504,6.331,40.3,0.522,0.15959999999999996,,
2026-01-15 21:15:33,1.7504,6.813,36.2,0.522,0.15959999999999996,,
2026-01-15 22:15:33,1.7409,7.015,36.1,0.522,0.16910000000000003,,
2026-01-15 23:15:33,1.719,6.99,35.7,0.522,0.19099999999999984,,
2026-01-16 00:15:33,1.7378,7.242,34.1,0.522,0.1721999999999999,,
2026-01-16 01:15:33,1.7566,7.368,34.9,0.522,0.15339999999999998,,
2026-01-16 02:15:33,1.7566,7.494,34.7,0.522,0.15339999999999998,,
2026-01-16 03:15:33,1.7504,7.444,34.8,0.522,0.15959999999999996,,
2026-01-16 04:15:33,1.7566,7.494,35.2,0.522,0.15339999999999998,,
2026-01-16 05:15:33,1.7535,7.695,35.6,0.522,0.15649999999999986,,
2026-01-16 06:15:33,1.7598,7.695,33.6,0.522,0.1501999999999999,,
2026-01-16 07:15:33,1.7692,8.12,35.3,0.522,0.14079999999999981,,
2026-01-16 08:15:33,1.7598,8.02,38.8,0.522,0.1501999999999999,,
2026-01-16 09:15:33,1.7661,8.369,39.2,0.522,0.14389999999999992,,
2026-01-16 10:15:33,1.7724,8.693,37.7,0.522,0.13759999999999994,,
2026-01-16 11:15:33,1.7818,9.336,34.5,0.522,0.12819999999999987,,
2026-01-16 12:15:33,1.7724,9.829,33.2,0.522,0.13759999999999994,,
2026-01-16 13:15:33,1.7472,10.026,36.4,0.522,0.16279999999999983,,
2026-01-16 14:15:33,1.7786,9.952,38.1,0.495,0.13139999999999996,,
2026-01-16 15:15:33,1.7661,10.541,34.9,0.495,0.14389999999999992,,
2026-01-16 16:15:33,1.7975,9.41,35.4,0.467,0.11249999999999982,,
2026-01-16 17:15:33,1.81,8.593,35.0,0.467,0.09999999999999987,,
2026-01-16 18:15:33,1.7975,9.534,28.0,0.467,0.11249999999999982,,
2026-01-16 19:15:33,1.8132,8.593,32.4,0.467,0.0968,,
2026-01-16 20:15:33,1.8132,8.767,29.7,0.439,0.0968,,
2026-01-16 21:15:33,1.8163,8.767,28.8,0.439,0.0936999999999999,,
2026-01-16 22:15:33,1.7912,8.444,29.3,0.439,0.11880000000000002,,
2026-01-16 23:15:33,1.8195,8.568,29.3,0.439,0.09050000000000002,,
2026-01-17 00:15:33,1.8006,8.469,29.9,0.439,0.10939999999999994,,
2026-01-17 01:15:33,1.8006,8.519,29.3,0.439,0.10939999999999994,,
2026-01-17 02:15:33,1.8195,8.519,29.4,0.439,0.09050000000000002,,
2026-01-17 03:15:33,1.8446,8.916,27.1,0.439,0.0653999999999999,,
2026-01-17 04:15:33,1.832,9.435,22.4,0.439,0.07799999999999985,,
2026-01-17 05:15:33,1.8446,8.941,25.3,0.439,0.0653999999999999,,
2026-01-17 06:15:33,1.8195,8.891,25.7,0.439,0.09050000000000002,,
2026-01-17 07:15:33,1.8446,8.767,26.4,0.439,0.0653999999999999,,
2026-01-17 08:15:33,1.8352,8.941,28.1,0.439,0.07479999999999998,,
2026-01-17 09:15:33,1.8195,8.941,31.5,0.439,0.09050000000000002,,
2026-01-17 10:15:33,1.8352,9.46,34.7,0.439,0.07479999999999998,,
2026-01-17 11:15:33,1.8226,9.78,27.5,0.439,0.08739999999999992,,
2026-01-17 12:15:33,1.8352,10.296,32.8,0.439,0.07479999999999998,,
2026-01-17 13:15:33,1.8603,10.467,33.2,0.439,0.049699999999999855,,
2026-01-17 14:15:33,1.8634,11.078,32.2,0.439,0.046599999999999975,,
2026-01-17 15:15:33,1.854,11.175,32.0,0.412,0.05599999999999983,,
2026-01-17 16:15:33,1.8697,10.247,31.3,0.412,0.0403,,
2026-01-17 17:15:33,1.854,9.386,29.0,0.412,0.05599999999999983,,
2026-01-17 18:15:33,1.8886,10.1,32.4,0.412,0.021399999999999864,,
2026-01-17 19:15:33,1.854,9.163,31.2,0.412,0.05599999999999983,,
2026-01-17 20:15:33,1.876,9.089,37.7,0.412,0.03400000000000003,,
2026-01-17 21:15:33,1.8666,10.149,37.2,0.412,0.04339999999999988,,
2026-01-17 22:15:33,1.898,9.558,38.5,0.412,0.01200000000000001,,
2026-01-17 23:15:33,1.8854,9.706,38.3,0.412,0.024599999999999955,,
2026-01-18 00:15:33,1.9011,9.952,37.2,0.384,0.008899999999999908,,
2026-01-18 01:15:33,1.8886,9.977,36.2,0.384,0.021399999999999864,,
2026-01-18 02:15:33,1.9137,9.903,34.8,0.384,-0.0037000000000000366,,
2026-01-18 03:15:33,1.8948,9.952,34.6,0.384,0.01519999999999988,,
2026-01-18 04:15:33,1.8948,9.879,33.9,0.384,0.01519999999999988,,
2026-01-18 05:15:33,1.898,10.001,32.9,0.384,0.01200000000000001,,
2026-01-18 06:15:33,1.898,10.369,31.5,0.384,0.01200000000000001,,
2026-01-18 07:15:33,1.8948,10.492,30.3,0.384,0.01519999999999988,,
2026-01-18 08:15:33,1.9074,10.394,31.3,0.384,0.0025999999999999357,,
2026-01-18 09:15:33,1.898,10.222,34.6,0.384,0.01200000000000001,,
2026-01-18 10:15:33,1.898,10.883,32.6,0.384,0.01200000000000001,,
2026-01-18 11:15:33,1.9043,11.565,31.2,0.384,0.005699999999999816,,
2026-01-18 12:15:33,1.9137,12.05,31.0,0.384,-0.0037000000000000366,,
2026-01-18 13:15:33,1.9074,11.443,37.4,0.384,0.0025999999999999357,,
2026-01-18 14:15:33,1.8854,12.147,33.5,0.384,0.024599999999999955,,
2026-01-18 15:15:33,1.9074,11.102,37.8,0.384,0.0025999999999999357,,
2026-01-18 16:15:33,1.8226,9.952,38.8,0.412,0.08739999999999992,,
2026-01-18 17:15:33,1.832,8.841,40.8,0.412,0.07799999999999985,,
2026-01-18 18:15:33,1.8289,8.767,38.5,0.439,0.08109999999999995,,
2026-01-18 19:15:33,1.7535,8.717,38.3,0.467,0.15649999999999986,,
2026-01-18 20:15:33,1.7849,8.99,35.7,0.522,0.1251,,
2026-01-18 21:15:33,1.898,8.817,38.4,0.55,0.01200000000000001,,
2026-01-18 22:15:33,1.9011,8.866,36.5,0.577,0.008899999999999908,,
2026-01-18 23:15:33,1.9325,8.866,35.6,0.632,-0.022500000000000187,,
2026-01-19 00:15:33,1.7284,9.188,33.2,0.66,0.18159999999999998,,
2026-01-19 01:15:33,1.7315,9.188,32.3,0.715,0.17849999999999988,,
2026-01-19 02:15:33,1.8477,8.965,32.5,0.77,0.06230000000000002,,
2026-01-19 03:15:33,1.8823,8.618,34.1,0.825,0.027699999999999836,,
2026-01-19 04:15:33,1.8383,8.568,33.4,0.88,0.07169999999999987,,
2026-01-19 05:15:33,1.7818,8.568,33.0,0.934,0.12819999999999987,,
2026-01-19 06:15:33,1.8195,8.245,35.7,0.989,0.09050000000000002,,
2026-01-19 07:15:33,1.7566,7.745,36.5,1.044,0.15339999999999998,,
2026-01-19 08:15:33,1.7409,7.569,36.3,1.099,0.16910000000000003,,
2026-01-19 09:15:33,1.7661,8.245,33.9,1.153,0.14389999999999992,,
2026-01-19 10:15:33,1.7378,8.767,33.6,1.18,0.1721999999999999,,
2026-01-19 11:15:33,1.7661,10.173,28.9,1.235,0.14389999999999992,,
2026-01-19 12:15:33,1.8132,10.32,31.4,1.289,0.0968,,
2026-01-19 13:15:33,1.832,10.98,30.1,1.398,0.07799999999999985,,
2026-01-19 14:15:33,1.8383,10.98,32.4,1.453,0.07169999999999987,,
2026-01-19 15:15:33,1.8477,10.541,34.8,1.588,0.06230000000000002,,
2026-01-19 16:15:33,1.8509,9.139,37.2,1.697,0.05909999999999993,,
2026-01-19 17:15:33,1.8477,8.568,32.0,1.859,0.06230000000000002,,
2026-01-19 18:15:33,1.8257,9.04,27.4,1.967,0.08429999999999982,,
2026-01-19 19:15:33,1.8948,8.891,25.6,2.074,0.01519999999999988,,
2026-01-19 20:15:33,1.832,8.295,26.6,2.155,0.07799999999999985,,
2026-01-19 21:15:33,1.9043,8.095,26.9,2.209,0.005699999999999816,,
2026-01-19 22:15:33,1.8917,8.668,24.3,2.236,0.018299999999999983,,
2026-01-19 23:15:33,1.8886,8.519,28.2,2.262,0.021399999999999864,,
2026-01-20 00:15:33,1.8791,8.643,25.8,2.289,0.030899999999999928,,
2026-01-20 01:15:33,1.8917,8.618,25.6,2.316,0.018299999999999983,,
2026-01-20 02:15:33,1.8446,8.07,25.9,2.343,0.0653999999999999,,
2026-01-20 03:15:33,1.8948,8.17,27.3,2.343,0.01519999999999988,,
2026-01-20 04:15:33,1.8948,7.419,32.5,2.37,0.01519999999999988,,
2026-01-20 05:15:33,1.876,8.444,32.1,2.396,0.03400000000000003,,
2026-01-20 06:15:33,1.8823,8.195,33.7,2.423,0.027699999999999836,,
2026-01-20 07:15:33,1.8697,8.295,31.2,2.423,0.0403,,
2026-01-20 08:15:33,1.8886,8.095,31.8,2.45,0.021399999999999864,,
2026-01-20 09:15:33,1.8603,8.469,28.8,2.477,0.049699999999999855,,
2026-01-20 10:15:33,1.8917,9.238,28.8,2.503,0.018299999999999983,,
2026-01-20 11:15:33,1.8666,8.045,35.3,2.53,0.04339999999999988,,
2026-01-20 12:15:33,1.8729,8.99,35.4,2.557,0.03709999999999991,,
2026-01-20 13:15:33,1.898,10.638,33.6,2.584,0.01200000000000001,,
2026-01-20 14:15:33,1.8886,10.296,31.8,2.637,0.021399999999999864,,
2026-01-20 15:15:33,1.8729,10.075,36.1,2.69,0.03709999999999991,,
2026-01-20 16:15:33,1.8823,8.742,36.3,2.797,0.027699999999999836,,
2026-01-20 17:15:33,1.898,7.469,37.7,2.903,0.01200000000000001,,
2026-01-20 18:15:33,1.9043,7.242,37.0,2.983,0.005699999999999816,,
2026-01-20 19:15:33,1.8948,6.914,37.7,3.036,0.01519999999999988,,
2026-01-20 20:15:33,1.92,7.091,36.2,3.063,-0.010000000000000009,,
2026-01-20 21:15:33,1.8948,6.636,36.7,3.063,0.01519999999999988,,
2026-01-20 22:15:33,1.8854,6.56,36.6,3.063,0.024599999999999955,,
2026-01-20 23:15:33,1.8823,6.077,37.1,3.063,0.027699999999999836,,
2026-01-21 00:15:33,1.9011,6.56,34.9,3.036,0.008899999999999908,,
2026-01-21 01:15:33,1.8917,5.949,35.7,3.036,0.018299999999999983,,
2026-01-21 02:15:33,1.8886,5.539,37.7,3.009,0.021399999999999864,,
2026-01-21 03:15:33,1.9074,5.257,38.0,2.983,0.0025999999999999357,,
2026-01-21 04:15:33,1.9043,5.282,37.6,2.956,0.005699999999999816,,
2026-01-21 05:15:33,1.9043,5.282,37.3,2.93,0.005699999999999816,,
2026-01-21 06:15:33,,5.205,37.1,2.903,,,
2026-01-21 07:15:33,1.9043,5.308,35.1,2.85,0.005699999999999816,,
2026-01-21 08:15:33,1.9105,4.844,36.1,2.85,-0.000500000000000167,,
2026-01-21 09:15:33,1.8823,5.179,36.9,2.797,0.027699999999999836,,
2026-01-21 10:15:33,1.9137,5.591,38.2,2.77,-0.0037000000000000366,,
2026-01-21 11:15:33,1.9168,6.128,39.2,2.744,-0.006800000000000139,,
2026-01-21 12:15:33,1.9137,6.813,35.4,2.744,-0.0037000000000000366,,
2026-01-21 13:15:33,1.92,7.167,34.5,2.717,-0.010000000000000009,,
2026-01-21 14:15:33,1.9168,7.318,36.0,2.744,-0.006800000000000139,,
2026-01-21 15:15:33,1.9137,7.066,43.9,2.77,-0.0037000000000000366,,
2026-01-21 16:15:33,1.9105,6.102,41.7,2.823,-0.000500000000000167,,
2026-01-21 17:15:33,1.92,5.231,44.9,2.903,-0.010000000000000009,,
2026-01-21 18:15:33,1.9137,5.179,41.9,2.956,-0.0037000000000000366,,
2026-01-21 19:15:33,1.9168,4.792,43.3,2.983,-0.006800000000000139,,
2026-01-21 20:15:33,1.9168,4.688,40.7,2.983,-0.006800000000000139,,
2026-01-21 21:15:33,1.9011,4.921,36.9,2.983,0.008899999999999908,,
2026-01-21 22:15:33,1.9011,4.818,35.4,2.956,0.008899999999999908,,
2026-01-21 23:15:33,1.9105,4.714,35.8,2.93,-0.000500000000000167,,
2026-01-22 00:15:33,1.8854,4.428,37.5,2.903,0.024599999999999955,,
2026-01-22 01:15:33,1.9074,4.298,37.8,2.877,0.0025999999999999357,,
2026-01-22 02:15:33,1.92,4.115,40.3,2.85,-0.010000000000000009,,
2026-01-22 03:15:33,1.9011,4.063,42.3,2.797,0.008899999999999908,,
2026-01-22 04:15:33,1.9105,4.22,41.8,2.77,-0.000500000000000167,,
2026-01-22 05:15:33,1.9137,3.88,45.2,2.744,-0.0037000000000000366,,
2026-01-22 06:15:33,1.9011,3.433,48.4,2.717,0.008899999999999908,,
2026-01-22 07:15:33,1.8854,3.406,47.0,2.69,0.024599999999999955,,
2026-01-22 08:15:33,1.8917,3.168,47.7,2.664,0.018299999999999983,,
2026-01-22 09:15:33,1.8823,2.877,52.6,2.637,0.027699999999999836,,
2026-01-22 10:15:33,1.8854,2.77,59.3,2.61,0.024599999999999955,,
2026-01-22 11:15:33,1.92,3.301,59.2,2.584,-0.010000000000000009,,
2026-01-22 12:15:33,1.9231,3.406,63.9,2.584,-0.013100000000000112,,
2026-01-22 13:15:33,1.9388,3.564,67.6,2.557,-0.02880000000000016,,
2026-01-22 14:15:33,1.9325,3.327,67.3,2.557,-0.022500000000000187,,
2026-01-22 15:15:33,1.9357,3.274,69.6,2.557,-0.025700000000000056,,
2026-01-22 16:15:33,1.942,2.423,68.9,2.584,-0.03200000000000003,,
2026-01-22 17:15:33,1.9325,2.101,59.5,2.584,-0.022500000000000187,,
2026-01-22 18:15:33,1.8886,1.994,51.2,2.584,0.021399999999999864,,
2026-01-22 19:15:33,1.8823,2.209,50.7,2.584,0.027699999999999836,,
2026-01-22 20:15:33,1.9231,2.155,50.0,2.557,-0.013100000000000112,,
2026-01-22 21:15:33,1.8886,2.101,47.9,2.503,0.021399999999999864,,
2026-01-22 22:15:33,1.8854,1.994,49.8,2.477,0.024599999999999955,,
2026-01-22 23:15:33,1.8886,2.236,48.8,2.423,0.021399999999999864,,
2026-01-23 00:15:33,1.8823,1.778,51.6,2.37,0.027699999999999836,,
2026-01-23 01:15:33,1.8886,1.751,47.6,2.316,0.021399999999999864,,
2026-01-23 02:15:33,1.9294,1.561,47.8,2.289,-0.019400000000000084,,
2026-01-23 03:15:33,1.9263,1.94,48.8,2.236,-0.01629999999999998,,
2026-01-23 04:15:33,1.9263,2.423,46.3,2.209,-0.01629999999999998,,
2026-01-23 05:15:33,1.92,1.751,49.4,2.155,-0.010000000000000009,,
2026-01-23 06:15:33,1.898,2.477,44.2,2.101,0.01200000000000001,,
2026-01-23 07:15:33,1.9231,2.664,42.9,2.074,-0.013100000000000112,,
2026-01-23 08:15:33,1.92,2.047,45.3,2.021,-0.010000000000000009,,
2026-01-23 09:15:33,1.92,2.262,45.2,1.994,-0.010000000000000009,,
2026-01-23 10:15:33,1.92,2.717,46.9,1.967,-0.010000000000000009,,
2026-01-23 11:15:33,1.8917,3.089,44.5,1.913,0.018299999999999983,,
2026-01-23 12:15:33,1.9325,3.88,42.5,1.886,-0.022500000000000187,,
2026-01-23 13:15:33,1.9325,4.011,45.8,1.886,-0.022500000000000187,,
2026-01-23 14:15:33,1.9357,4.22,47.8,1.886,-0.025700000000000056,,
2026-01-23 15:15:33,1.9294,4.194,47.0,1.886,-0.019400000000000084,,
2026-01-23 16:15:33,1.9294,3.564,40.4,1.94,-0.019400000000000084,,
2026-01-23 17:15:33,1.9231,2.61,45.7,1.994,-0.013100000000000112,,
2026-01-23 18:15:33,1.9231,1.967,48.8,2.021,-0.013100000000000112,,
2026-01-23 19:15:33,1.9294,2.262,50.9,2.047,-0.019400000000000084,,
2026-01-23 20:15:33,1.92,2.047,48.6,2.047,-0.010000000000000009,,
2026-01-23 21:15:33,1.9263,1.967,47.5,2.021,-0.01629999999999998,,
2026-01-23 22:15:33,1.92,2.074,43.5,1.994,-0.010000000000000009,,
2026-01-23 23:15:33,1.9231,1.994,42.0,1.94,-0.013100000000000112,,
2026-01-24 00:15:33,1.9231,2.182,36.4,1.913,-0.013100000000000112,,
2026-01-24 01:15:33,1.9168,1.967,33.7,1.886,-0.006800000000000139,,
2026-01-24 02:15:33,1.9168,2.155,33.8,1.832,-0.006800000000000139,,
2026-01-24 03:15:33,1.92,2.37,31.9,1.805,-0.010000000000000009,,
2026-01-24 04:15:33,1.92,2.289,29.6,1.751,-0.010000000000000009,,
2026-01-24 05:15:33,1.876,1.994,32.6,1.724,0.03400000000000003,,
2026-01-24 06:15:33,1.9168,2.182,30.9,1.67,-0.006800000000000139,,
2026-01-24 07:15:33,1.8823,2.074,32.7,1.643,0.027699999999999836,,
2026-01-24 08:15:33,1.876,1.994,31.3,1.615,0.03400000000000003,,
2026-01-24 09:15:33,1.876,2.823,27.7,1.561,0.03400000000000003,,
2026-01-24 10:15:33,1.876,2.584,32.5,1.534,0.03400000000000003,,
2026-01-24 11:15:33,1.8854,3.168,32.6,1.507,0.024599999999999955,,
2026-01-24 12:15:33,1.92,3.354,33.6,1.48,-0.010000000000000009,,
2026-01-24 13:15:33,1.9263,3.459,40.0,1.48,-0.01629999999999998,,
2026-01-24 14:15:33,1.92,4.037,35.1,1.48,-0.010000000000000009,,
2026-01-24 15:15:33,1.9168,3.775,37.9,1.48,-0.006800000000000139,,
2026-01-24 16:15:33,1.92,2.477,39.8,1.507,-0.010000000000000009,,
2026-01-24 17:15:33,1.8791,2.182,34.4,1.561,0.030899999999999928,,
2026-01-24 18:15:33,1.8634,1.832,30.8,1.561,0.046599999999999975,,
2026-01-24 19:15:33,1.8634,2.289,26.8,1.588,0.046599999999999975,,
2026-01-24 20:15:33,1.8729,2.343,27.0,1.561,0.03709999999999991,,
2026-01-24 21:15:33,1.8446,2.289,25.8,1.561,0.0653999999999999,,
2026-01-24 22:15:33,1.8729,2.236,25.0,1.534,0.03709999999999991,,
2026-01-24 23:15:33,1.8477,2.45,24.5,1.507,0.06230000000000002,,
2026-01-25 00:15:33,1.8634,2.128,23.5,1.453,0.046599999999999975,,
2026-01-25 01:15:33,1.8729,2.289,23.6,1.425,0.03709999999999991,,
2026-01-25 02:15:33,1.8697,2.021,23.2,1.398,0.0403,,
2026-01-25 03:15:33,1.8509,2.021,22.4,1.371,0.05909999999999993,,
2026-01-25 04:15:33,1.8415,2.021,22.1,1.344,0.0685,,
2026-01-25 05:15:33,1.8666,1.67,25.0,1.317,0.04339999999999988,,
2026-01-25 06:15:33,1.8383,1.967,21.9,1.289,0.07169999999999987,,
2026-01-25 07:15:33,1.876,2.236,21.9,1.235,0.03400000000000003,,
2026-01-25 08:15:33,1.8415,2.744,24.9,1.208,0.0685,,
2026-01-25 09:15:33,1.8477,2.503,26.2,1.18,0.06230000000000002,,
2026-01-25 10:15:33,1.8446,3.063,27.4,1.153,0.0653999999999999,,
2026-01-25 11:15:33,1.8603,3.089,36.5,1.153,0.049699999999999855,,
2026-01-25 12:15:33,1.8697,2.69,36.2,1.153,0.0403,,
2026-01-25 13:15:33,1.8791,2.53,43.3,1.153,0.030899999999999928,,
2026-01-25 14:15:33,1.9263,1.48,49.9,1.153,-0.01629999999999998,,
2026-01-25 15:15:33,1.9325,0.989,52.5,1.18,-0.022500000000000187,,
2026-01-25 16:15:33,1.9325,0.797,59.0,1.208,-0.022500000000000187,,
2026-01-25 17:15:33,1.9168,0.495,51.4,1.235,-0.006800000000000139,,
2026-01-25 18:15:33,1.9168,0.19,49.4,1.262,-0.006800000000000139,,
2026-01-25 19:15:33,1.9231,1.017,43.9,1.262,-0.013100000000000112,,
2026-01-25 20:15:33,1.9168,0.605,48.1,1.235,-0.006800000000000139,,
2026-01-25 21:15:33,1.92,1.262,43.6,1.235,-0.010000000000000009,,
2026-01-25 22:15:33,1.9294,2.047,37.7,1.208,-0.019400000000000084,,
2026-01-25 23:15:33,1.92,1.044,48.0,1.18,-0.010000000000000009,,
2026-01-26 00:15:33,1.92,0.467,49.1,1.18,-0.010000000000000009,,
2026-01-26 01:15:33,1.9294,1.425,44.8,1.153,-0.019400000000000084,,
2026-01-26 02:15:33,1.9263,0.218,50.9,1.153,-0.01629999999999998,,
2026-01-26 03:15:33,1.9294,1.425,65.4,1.126,-0.019400000000000084,,
2026-01-26 04:15:33,1.9231,-0.255,56.7,1.126,-0.013100000000000112,,
2026-01-26 05:15:33,1.9231,0.051,58.2,1.099,-0.013100000000000112,,
2026-01-26 06:15:33,1.9294,-0.339,62.1,1.099,-0.019400000000000084,,
2026-01-26 07:15:33,1.9357,1.289,49.8,1.071,-0.025700000000000056,,
2026-01-26 08:15:33,1.9294,1.398,46.2,1.044,-0.019400000000000084,,
2026-01-26 09:15:33,1.9168,1.724,42.3,1.044,-0.006800000000000139,,
2026-01-26 10:15:33,1.92,2.262,34.2,1.017,-0.010000000000000009,,
2026-01-26 11:15:33,1.9294,1.099,59.4,1.017,-0.019400000000000084,,
2026-01-26 12:15:33,1.9168,1.153,47.2,1.017,-0.006800000000000139,,
2026-01-26 13:15:33,1.9357,1.262,60.1,1.017,-0.025700000000000056,,
2026-01-26 14:15:33,1.9325,1.18,54.0,1.017,-0.022500000000000187,,
2026-01-26 15:15:33,1.9231,0.962,64.8,1.017,-0.013100000000000112,,
2026-01-26 16:15:33,1.9263,0.632,72.6,1.017,-0.01629999999999998,,
2026-01-26 17:15:33,1.9357,1.262,72.7,1.044,-0.025700000000000056,,
2026-01-26 18:15:33,1.9357,1.751,58.9,1.044,-0.025700000000000056,,
2026-01-26 19:15:33,1.9357,2.074,58.1,1.044,-0.025700000000000056,,
2026-01-26 20:15:33,1.9388,1.262,61.4,1.044,-0.02880000000000016,,
2026-01-26 21:15:33,1.9357,1.262,67.8,1.044,-0.025700000000000056,,
2026-01-26 22:15:33,1.9357,1.67,65.9,1.044,-0.025700000000000056,,
2026-01-26 23:15:33,1.9388,0.825,72.2,1.044,-0.02880000000000016,,
2026-01-27 00:15:33,1.942,0.301,79.3,1.044,-0.03200000000000003,,
2026-01-27 01:15:33,1.9294,0.329,79.5,1.044,-0.019400000000000084,,
2026-01-27 02:15:33,1.9231,0.218,79.4,1.044,-0.013100000000000112,,
2026-01-27 03:15:33,1.9451,-0.088,79.6,1.017,-0.03510000000000013,,
2026-01-27 04:15:33,1.876,0.051,79.6,1.017,0.03400000000000003,,
2026-01-27 05:15:33,1.8791,0.467,77.7,1.017,0.030899999999999928,,
2026-01-27 06:15:33,,0.577,78.5,1.017,,,
2026-01-27 07:15:33,1.9357,1.099,77.4,1.017,-0.025700000000000056,,
2026-01-27 08:15:33,1.9388,-0.199,82.3,1.017,-0.02880000000000016,,
2026-01-27 09:15:33,1.9388,0.273,84.6,0.989,-0.02880000000000016,,
2026-01-27 10:15:33,1.92,1.534,80.9,0.989,-0.010000000000000009,,
2026-01-27 11:15:33,1.9137,1.886,79.2,0.989,-0.0037000000000000366,,
2026-01-27 12:15:33,1.9137,2.503,76.6,0.989,-0.0037000000000000366,,
2026-01-27 13:15:33,1.9011,2.823,74.3,0.962,0.008899999999999908,,
2026-01-27 14:15:33,1.8729,2.85,72.0,0.989,0.03709999999999991,,
2026-01-27 15:15:33,1.9043,2.61,72.0,1.017,0.005699999999999816,,
2026-01-27 16:15:33,1.9231,2.182,75.8,1.017,-0.013100000000000112,,
2026-01-27 17:15:33,1.9043,1.425,86.3,1.044,0.005699999999999816,,
2026-01-27 18:15:33,1.8823,1.099,91.2,1.071,0.027699999999999836,,
2026-01-27 19:15:33,1.9231,0.88,93.8,1.099,-0.013100000000000112,,
2026-01-27 20:15:33,1.9325,0.329,96.7,1.126,-0.022500000000000187,,
2026-01-27 21:15:33,1.9011,-0.116,98.2,1.126,0.008899999999999908,,
2026-01-27 22:15:33,1.8948,-0.088,98.5,1.126,0.01519999999999988,,
2026-01-27 23:15:33,1.898,-0.339,99.1,1.126,0.01200000000000001,,
2026-01-28 00:15:33,1.9074,-0.451,99.3,1.126,0.0025999999999999357,,
2026-01-28 01:15:33,1.9231,-0.367,99.4,1.126,-0.013100000000000112,,
2026-01-28 02:15:33,1.9577,-0.032,99.5,1.099,-0.047700000000000076,,
2026-01-28 03:15:33,1.9388,0.273,99.7,1.099,-0.02880000000000016,,
2026-01-28 04:15:33,1.9074,0.742,99.1,1.099,0.0025999999999999357,,
2026-01-28 05:15:33,1.9357,0.715,99.0,1.071,-0.025700000000000056,,
2026-01-28 06:15:33,1.9608,0.384,97.7,1.071,-0.05080000000000018,,
2026-01-28 07:15:33,1.9639,0.66,96.2,1.071,-0.05390000000000006,,
2026-01-28 08:15:33,1.9388,0.632,96.7,1.044,-0.02880000000000016,,
2026-01-28 09:15:33,1.9451,0.605,97.5,1.044,-0.03510000000000013,,
2026-01-28 10:15:33,1.9043,0.412,98.0,1.044,0.005699999999999816,,
2026-01-28 11:15:33,1.92,0.273,98.5,1.017,-0.010000000000000009,,
2026-01-28 12:15:33,1.9514,0.467,98.4,1.017,-0.0414000000000001,,
2026-01-28 13:15:33,1.9388,0.467,98.5,1.017,-0.02880000000000016,,
2026-01-28 14:15:33,1.9294,0.439,98.4,1.017,-0.019400000000000084,,
2026-01-28 15:15:33,1.9263,0.605,99.1,0.989,-0.01629999999999998,,
2026-01-28 16:15:33,1.9263,0.962,98.7,0.989,-0.01629999999999998,,
2026-01-28 17:15:33,1.9639,0.825,99.2,0.989,-0.05390000000000006,,
2026-01-28 18:15:33,1.9043,0.907,99.4,0.962,0.005699999999999816,,
2026-01-28 19:15:33,1.9388,0.907,98.7,0.962,-0.02880000000000016,,
2026-01-28 20:15:33,1.9325,0.989,99.0,0.962,-0.022500000000000187,,
2026-01-28 21:15:33,1.9325,0.797,98.6,0.962,-0.022500000000000187,,
2026-01-28 22:15:33,1.9294,1.017,99.0,0.962,-0.019400000000000084,,
2026-01-28 23:15:33,1.92,0.962,99.5,0.962,-0.010000000000000009,,
2026-01-29 00:15:33,1.9231,1.099,100.0,0.934,-0.013100000000000112,,
2026-01-29 01:15:33,1.9294,1.153,99.9,0.934,-0.019400000000000084,,
2026-01-29 02:15:33,1.9294,1.126,100.0,0.934,-0.019400000000000084,,
2026-01-29 03:15:33,1.9514,0.962,100.0,0.907,-0.0414000000000001,,
2026-01-29 04:15:33,1.9514,0.825,100.0,0.907,-0.0414000000000001,,
2026-01-29 05:15:33,1.9388,0.632,100.0,0.907,-0.02880000000000016,,
2026-01-29 06:15:33,1.92,0.77,100.0,0.907,-0.010000000000000009,,
2026-01-29 07:15:33,1.942,1.48,99.8,0.934,-0.03200000000000003,,
2026-01-29 08:15:33,1.9482,2.61,99.6,0.934,-0.03820000000000001,,
2026-01-29 09:15:33,1.9357,3.116,99.4,0.934,-0.025700000000000056,,
2026-01-29 10:15:33,1.9388,3.142,99.4,0.962,-0.02880000000000016,,
2026-01-29 11:15:33,1.9357,3.221,99.7,1.017,-0.025700000000000056,,
2026-01-29 12:15:33,1.9388,3.38,98.8,1.071,-0.02880000000000016,,
2026-01-29 13:15:33,1.9388,3.591,97.9,1.126,-0.02880000000000016,,
2026-01-29 14:15:33,1.9451,3.485,97.6,1.208,-0.03510000000000013,,
2026-01-29 15:15:33,1.9482,2.93,99.7,1.262,-0.03820000000000001,,
2026-01-29 16:15:33,1.9482,3.089,99.3,1.344,-0.03820000000000001,,
2026-01-29 17:15:33,1.9514,2.823,99.9,1.398,-0.0414000000000001,,
2026-01-29 18:15:33,1.942,2.396,100.0,1.453,-0.03200000000000003,,
2026-01-29 19:15:33,1.942,2.182,100.0,1.507,-0.03200000000000003,,
2026-01-29 20:15:33,,2.37,100.0,1.534,,,
2026-01-29 21:15:33,1.9451,1.913,100.0,1.561,-0.03510000000000013,,
2026-01-29 22:15:33,1.9451,2.262,99.7,1.588,-0.03510000000000013,,
2026-01-29 23:15:33,1.9577,2.396,100.0,1.615,-0.047700000000000076,,
2026-01-30 00:15:33,1.9577,2.584,100.0,1.615,-0.047700000000000076,,
2026-01-30 01:15:33,1.9388,2.877,100.0,1.615,-0.02880000000000016,,
2026-01-30 02:15:33,1.9608,2.477,100.0,1.643,-0.05080000000000018,,
2026-01-30 03:15:33,1.9514,2.289,100.0,1.67,-0.0414000000000001,,
2026-01-30 04:15:33,1.9702,2.209,100.0,1.697,-0.06020000000000003,,
2026-01-30 05:15:33,1.9357,1.507,100.0,1.724,-0.025700000000000056,,
2026-01-30 06:15:33,1.9514,1.017,100.0,1.724,-0.0414000000000001,,
2026-01-30 07:15:33,1.942,0.522,100.0,1.697,-0.03200000000000003,,
2026-01-30 08:15:33,1.9577,0.329,100.0,1.615,-0.047700000000000076,,
2026-01-30 09:15:33,,0.301,100.0,1.534,,,
2026-01-30 10:15:33,1.9451,0.329,100.0,1.425,-0.03510000000000013,,
2026-01-30 11:15:33,1.9231,0.962,100.0,1.344,-0.013100000000000112,,
2026-01-30 12:15:33,1.9451,1.886,100.0,1.289,-0.03510000000000013,,
2026-01-30 13:15:33,1.9608,3.089,100.0,1.208,-0.05080000000000018,,
2026-01-30 14:15:33,1.9608,3.38,100.0,1.153,-0.05080000000000018,,
2026-01-30 15:15:33,1.9577,3.591,100.0,1.099,-0.047700000000000076,,
2026-01-30 16:15:33,1.9482,3.906,100.0,1.099,-0.03820000000000001,,
2026-01-30 17:15:33,1.9545,3.67,100.0,1.126,-0.044499999999999984,,
2026-01-30 18:15:33,1.9514,3.089,100.0,1.208,-0.0414000000000001,,
2026-01-30 19:15:33,1.9577,3.063,100.0,1.289,-0.047700000000000076,,
2026-01-30 20:15:33,1.9451,2.396,100.0,1.344,-0.03510000000000013,,
2026-01-30 21:15:33,1.9388,2.236,100.0,1.398,-0.02880000000000016,,
2026-01-30 22:15:33,1.9388,2.074,100.0,1.453,-0.02880000000000016,,
2026-01-30 23:15:33,1.9294,2.53,100.0,1.507,-0.019400000000000084,,
2026-01-31 00:15:33,,2.797,98.5,1.534,,,
2026-01-31 01:15:33,1.9388,2.797,99.0,1.561,-0.02880000000000016,,
2026-01-31 02:15:33,1.942,3.538,97.6,1.561,-0.03200000000000003,,
2026-01-31 03:15:33,1.9514,3.036,98.5,1.588,-0.0414000000000001,,
2026-01-31 04:15:33,1.9514,3.67,97.7,1.615,-0.0414000000000001,,
2026-01-31 05:15:33,1.9545,3.406,98.2,1.643,-0.044499999999999984,,
2026-01-31 06:15:33,1.9514,3.354,99.4,1.67,-0.0414000000000001,,
2026-01-31 07:15:33,1.9545,3.512,99.7,1.724,-0.044499999999999984,,
2026-01-31 08:15:33,1.9639,3.722,100.0,1.751,-0.05390000000000006,,
2026-01-31 09:15:33,1.9514,3.617,100.0,1.778,-0.0414000000000001,,
2026-01-31 10:15:33,1.9545,3.67,100.0,1.832,-0.044499999999999984,,
2026-01-31 11:15:33,1.9608,3.906,100.0,1.859,-0.05080000000000018,,
2026-01-31 12:15:33,1.9608,4.194,100.0,1.913,-0.05080000000000018,,
2026-01-31 13:15:33,1.9639,4.115,100.0,1.94,-0.05390000000000006,,
2026-01-31 14:15:33,,4.194,99.7,1.994,,,
2026-01-31 15:15:33,1.9545,3.512,100.0,2.047,-0.044499999999999984,,
2026-01-31 16:15:33,1.9577,3.485,100.0,2.101,-0.047700000000000076,,
2026-01-31 17:15:33,1.9514,3.801,100.0,2.155,-0.0414000000000001,,
2026-01-31 18:15:33,1.9608,4.089,98.7,2.182,-0.05080000000000018,,
2026-01-31 19:15:33,1.9545,3.591,100.0,2.209,-0.044499999999999984,,
2026-01-31 20:15:33,1.9577,3.248,100.0,2.262,-0.047700000000000076,,
2026-01-31 21:15:33,1.9577,3.063,100.0,2.262,-0.047700000000000076,,
2026-01-31 22:15:33,1.9514,2.77,100.0,2.289,-0.0414000000000001,,
2026-01-31 23:15:33,1.9608,2.53,100.0,2.316,-0.05080000000000018,,
2026-02-01 00:15:33,1.9451,2.074,100.0,2.316,-0.03510000000000013,,
2026-02-01 01:15:33,1.9671,1.561,100.0,2.316,-0.05710000000000015,,
2026-02-01 02:15:33,1.9577,1.044,100.0,2.316,-0.047700000000000076,,
2026-02-01 03:15:33,1.9608,0.77,100.0,2.289,-0.05080000000000018,,
2026-02-01 04:15:33,1.9545,1.67,100.0,2.262,-0.044499999999999984,,
2026-02-01 05:15:33,,1.453,100.0,2.209,,,
2026-02-01 06:15:33,1.9608,1.697,100.0,2.155,-0.05080000000000018,,
2026-02-01 07:15:33,1.9545,1.262,100.0,2.101,-0.044499999999999984,,
2026-02-01 08:15:33,1.9577,1.507,100.0,2.074,-0.047700000000000076,,
2026-02-01 09:15:33,1.9451,1.643,100.0,2.047,-0.03510000000000013,,
2026-02-01 10:15:33,1.9639,1.859,100.0,2.021,-0.05390000000000006,,
2026-02-01 11:15:33,1.9671,1.425,100.0,2.021,-0.05710000000000015,,
2026-02-01 12:15:33,1.9577,1.643,100.0,1.994,-0.047700000000000076,,
2026-02-01 13:15:33,1.9577,1.697,100.0,1.994,-0.047700000000000076,,
2026-02-01 14:15:33,1.9545,1.153,100.0,1.994,-0.044499999999999984,,
2026-02-01 15:15:33,1.9514,1.398,100.0,1.994,-0.0414000000000001,,
2026-02-01 16:15:33,1.9577,0.742,100.0,1.967,-0.047700000000000076,,
2026-02-01 17:15:33,1.9545,0.962,100.0,1.94,-0.044499999999999984,,
2026-02-01 18:15:33,,0.55,100.0,1.913,,,
2026-02-01 19:15:33,,0.687,100.0,1.859,,,
2026-02-01 20:15:33,1.9514,0.605,100.0,1.805,-0.0414000000000001,,
2026-02-01 21:15:33,1.9482,0.632,100.0,1.778,-0.03820000000000001,,
2026-02-01 22:15:33,1.9608,0.66,99.0,1.724,-0.05080000000000018,,
2026-02-01 23:15:33,1.9639,1.071,97.4,1.697,-0.05390000000000006,,
2026-02-02 00:15:33,1.9608,1.044,98.7,1.67,-0.05080000000000018,,
2026-02-02 01:15:33,1.9545,0.962,99.4,1.643,-0.044499999999999984,,
2026-02-02 02:15:33,1.9608,0.852,99.3,1.643,-0.05080000000000018,,
2026-02-02 03:15:33,1.9577,0.852,99.1,1.615,-0.047700000000000076,,
2026-02-02 04:15:33,1.9514,0.577,99.7,1.615,-0.0414000000000001,,
2026-02-02 05:15:33,1.9514,0.495,100.0,1.615,-0.0414000000000001,,
2026-02-02 06:15:33,1.9514,0.66,100.0,1.588,-0.0414000000000001,,
2026-02-02 07:15:33,1.9577,0.687,100.0,1.561,-0.047700000000000076,,
2026-02-02 08:15:33,1.9608,0.989,100.0,1.561,-0.05080000000000018,,
2026-02-02 09:15:33,1.9577,1.126,99.6,1.534,-0.047700000000000076,,
2026-02-02 10:15:33,1.9639,2.047,100.0,1.507,-0.05390000000000006,,
2026-02-02 11:15:33,1.9671,3.406,99.7,1.507,-0.05710000000000015,,
2026-02-02 12:15:33,1.9671,4.22,99.6,1.507,-0.05710000000000015,,
2026-02-02 13:15:33,1.9639,4.194,99.9,1.534,-0.05390000000000006,,
2026-02-02 14:15:33,1.9608,4.48,100.0,1.588,-0.05080000000000018,,
2026-02-02 15:15:33,1.9639,4.636,99.7,1.643,-0.05390000000000006,,
2026-02-02 16:15:33,1.9671,4.61,99.8,1.724,-0.05710000000000015,,
2026-02-02 17:15:33,1.9639,4.532,99.8,1.805,-0.05390000000000006,,
2026-02-02 18:15:33,1.9671,3.722,99.1,1.886,-0.05710000000000015,,
2026-02-02 19:15:33,1.9639,3.433,99.5,1.967,-0.05390000000000006,,
2026-02-02 20:15:33,1.9608,3.274,99.9,2.021,-0.05080000000000018,,
2026-02-02 21:15:33,1.9702,4.063,97.4,2.047,-0.06020000000000003,,
2026-02-02 22:15:33,1.9671,4.089,96.8,2.101,-0.05710000000000015,,
2026-02-02 23:15:33,1.9702,3.932,98.2,2.128,-0.06020000000000003,,
2026-02-03 00:15:33,1.9671,4.61,94.0,2.155,-0.05710000000000015,,
2026-02-03 01:15:33,1.9702,4.766,92.8,2.209,-0.06020000000000003,,
2026-02-03 02:15:33,1.9671,4.895,94.1,2.236,-0.05710000000000015,,
2026-02-03 03:15:33,1.9734,5.024,94.4,2.262,-0.06340000000000012,,
2026-02-03 04:15:33,1.9734,4.844,95.1,2.316,-0.06340000000000012,,
2026-02-03 05:15:33,1.9734,5.024,95.4,2.343,-0.06340000000000012,,
2026-02-03 06:15:33,1.9702,4.844,97.7,2.37,-0.06020000000000003,,
2026-02-03 07:15:33,1.9702,5.024,96.8,2.423,-0.06020000000000003,,
2026-02-03 08:15:33,1.9671,5.437,96.3,2.477,-0.05710000000000015,,
2026-02-03 09:15:33,1.9702,5.514,96.0,2.503,-0.06020000000000003,,
2026-02-03 10:15:33,1.9702,5.488,97.1,2.557,-0.06020000000000003,,
2026-02-03 11:15:33,1.9734,5.462,97.1,2.61,-0.06340000000000012,,
2026-02-03 12:15:33,1.9734,5.334,97.7,2.637,-0.06340000000000012,,
2026-02-03 13:15:33,1.9671,5.488,96.7,2.69,-0.05710000000000015,,
2026-02-03 14:15:33,1.9734,5.36,97.9,2.744,-0.06340000000000012,,
2026-02-03 15:15:33,1.9639,5.385,98.8,2.797,-0.05390000000000006,,
2026-02-03 16:15:33,1.9577,5.77,99.1,2.85,-0.047700000000000076,,
2026-02-03 17:15:33,1.9671,5.745,98.9,2.903,-0.05710000000000015,,
2026-02-03 18:15:33,1.9639,5.949,98.2,2.956,-0.05390000000000006,,
2026-02-03 19:15:33,1.9577,5.719,97.8,3.036,-0.047700000000000076,,
2026-02-03 20:15:33,1.9577,5.898,91.6,3.116,-0.047700000000000076,,
2026-02-03 21:15:33,1.9671,6.484,86.7,3.168,-0.05710000000000015,,
2026-02-03 22:15:33,1.9671,6.712,85.0,3.195,-0.05710000000000015,,
2026-02-03 23:15:33,1.9702,6.965,81.9,3.221,-0.06020000000000003,,
2026-02-04 00:15:33,1.9577,6.331,84.5,3.248,-0.047700000000000076,,
2026-02-04 01:15:33,1.9608,6.23,84.1,3.274,-0.05080000000000018,,
2026-02-04 02:15:33,1.9545,6.357,84.5,3.327,-0.044499999999999984,,
2026-02-04 03:15:33,1.9702,6.433,81.4,3.327,-0.06020000000000003,,
2026-02-04 04:15:33,,6.737,76.7,3.354,,,
2026-02-04 05:15:33,1.9639,6.255,83.2,3.354,-0.05390000000000006,,
2026-02-04 06:15:33,1.9639,6.99,82.2,3.38,-0.05390000000000006,,
2026-02-04 07:15:33,1.9639,6.535,83.6,3.38,-0.05390000000000006,,
2026-02-04 08:15:33,,7.419,76.3,3.406,,,
2026-02-04 09:15:33,1.9545,7.494,76.7,3.433,-0.044499999999999984,,
2026-02-04 10:15:33,1.9671,7.544,76.6,3.459,-0.05710000000000015,,
2026-02-04 11:15:33,1.9514,8.668,67.8,3.485,-0.0414000000000001,,
2026-02-04 12:15:33,1.9577,8.99,60.7,3.538,-0.047700000000000076,,
2026-02-04 13:15:33,1.9671,9.485,53.2,3.564,-0.05710000000000015,,
2026-02-04 14:15:33,1.9608,9.928,48.6,3.617,-0.05080000000000018,,
2026-02-04 15:15:33,1.9639,9.756,46.4,3.643,-0.05390000000000006,,
2026-02-04 16:15:33,1.9608,9.386,44.2,3.696,-0.05080000000000018,,
2026-02-04 17:15:33,1.9514,8.742,45.1,3.749,-0.0414000000000001,,
2026-02-04 18:15:33,1.9577,8.668,45.5,3.775,-0.047700000000000076,,
2026-02-04 19:15:33,1.9577,8.841,58.1,3.775,-0.047700000000000076,,
2026-02-04 20:15:33,1.9514,8.941,63.1,3.775,-0.0414000000000001,,
2026-02-04 21:15:33,1.9577,9.336,58.4,3.775,-0.047700000000000076,,
2026-02-04 22:15:33,1.9577,8.866,54.5,3.801,-0.047700000000000076,,
2026-02-04 23:15:33,1.9545,8.568,54.7,3.827,-0.044499999999999984,,
2026-02-05 00:15:33,1.9545,8.792,47.3,3.854,-0.044499999999999984,,
2026-02-05 01:15:33,1.9639,8.717,45.1,3.88,-0.05390000000000006,,
2026-02-05 02:15:33,1.9514,8.07,45.9,3.88,-0.0414000000000001,,
2026-02-05 03:15:33,1.9545,8.394,41.0,3.88,-0.044499999999999984,,
2026-02-05 04:15:33,1.9514,8.99,40.2,3.88,-0.0414000000000001,,
2026-02-05 05:15:33,1.9514,9.386,40.1,3.88,-0.0414000000000001,,
2026-02-05 06:15:33,,9.114,43.3,3.854,,,
2026-02-05 07:15:33,1.9514,8.841,45.8,3.854,-0.0414000000000001,,
2026-02-05 08:15:33,1.9388,9.583,37.6,3.854,-0.02880000000000016,,
2026-02-05 09:15:33,1.9325,9.312,40.7,3.854,-0.022500000000000187,,
2026-02-05 10:15:33,1.9482,9.46,42.2,3.88,-0.03820000000000001,,
2026-02-05 11:15:33,1.9545,10.907,40.8,3.88,-0.044499999999999984,,
2026-02-05 12:15:33,1.9577,12.147,36.5,3.906,-0.047700000000000076,,
2026-02-05 13:15:33,1.9608,13.209,31.1,3.932,-0.05080000000000018,,
2026-02-05 14:15:33,1.9577,12.413,42.4,3.985,-0.047700000000000076,,
2026-02-05 15:15:33,1.9577,12.461,39.9,4.063,-0.047700000000000076,,
2026-02-05 16:15:33,1.9514,12.823,36.7,4.168,-0.0414000000000001,,
2026-02-05 17:15:33,1.9451,11.102,32.5,4.298,-0.03510000000000013,,
2026-02-05 18:15:33,1.9388,10.638,31.8,4.402,-0.02880000000000016,,
2026-02-05 19:15:33,1.9608,10.32,33.3,4.48,-0.05080000000000018,,
2026-02-05 20:15:33,1.942,9.583,36.7,4.532,-0.03200000000000003,,
2026-02-05 21:15:33,1.9514,9.262,35.8,4.558,-0.0414000000000001,,
2026-02-05 22:15:33,1.9357,8.965,37.6,4.558,-0.025700000000000056,,
2026-02-05 23:15:33,1.9294,10.32,32.5,4.558,-0.019400000000000084,,
2026-02-06 00:15:33,1.9451,8.494,43.7,4.532,-0.03510000000000013,,
2026-02-06 01:15:33,1.942,7.87,48.5,4.506,-0.03200000000000003,,
2026-02-06 02:15:33,1.9357,7.745,48.0,4.48,-0.025700000000000056,,
2026-02-06 03:15:33,1.9294,7.82,47.3,4.48,-0.019400000000000084,,
2026-02-06 04:15:33,1.9388,8.02,45.1,4.454,-0.02880000000000016,,
2026-02-06 05:15:33,,7.87,42.2,4.428,,,
2026-02-06 06:15:33,1.9357,8.295,36.3,4.402,-0.025700000000000056,,
2026-02-06 07:15:33,1.9263,7.167,40.9,4.376,-0.01629999999999998,,
2026-02-06 08:15:33,1.9388,5.949,50.3,4.376,-0.02880000000000016,,
2026-02-06 09:15:33,1.942,6.585,48.8,4.324,-0.03200000000000003,,
2026-02-06 10:15:33,1.942,6.56,56.7,4.298,-0.03200000000000003,,
2026-02-06 11:15:33,1.9451,7.066,57.9,4.272,-0.03510000000000013,,
2026-02-06 12:15:33,1.9451,6.636,61.1,4.22,-0.03510000000000013,,
2026-02-06 13:15:33,1.9514,6.408,65.3,4.22,-0.0414000000000001,,
2026-02-06 14:15:33,1.9482,6.281,68.9,4.22,-0.03820000000000001,,
2026-02-06 15:15:33,1.9451,6.128,72.9,4.22,-0.03510000000000013,,
2026-02-06 16:15:33,1.9482,5.719,72.0,4.22,-0.03820000000000001,,
2026-02-06 17:15:33,1.9545,5.257,72.5,4.22,-0.044499999999999984,,
2026-02-06 18:15:33,1.9577,5.308,70.6,4.22,-0.047700000000000076,,
2026-02-06 19:15:33,1.9545,5.102,77.0,4.194,-0.044499999999999984,,
2026-02-06 20:15:33,1.9514,4.947,80.4,4.194,-0.0414000000000001,,
2026-02-06 21:15:33,1.9514,4.766,82.4,4.168,-0.0414000000000001,,
2026-02-06 22:15:33,1.9514,4.584,84.8,4.141,-0.0414000000000001,,
2026-02-06 23:15:33,1.9482,3.932,89.0,4.115,-0.03820000000000001,,
2026-02-07 00:15:33,1.9514,3.538,89.9,4.089,-0.0414000000000001,,
2026-02-07 01:15:33,1.9577,3.036,91.8,4.063,-0.047700000000000076,,
2026-02-07 02:15:33,1.9514,2.823,92.6,4.037,-0.0414000000000001,,
2026-02-07 03:15:33,,2.45,94.2,4.011,,,
2026-02-07 04:15:33,1.9734,2.236,95.6,3.958,-0.06340000000000012,,
2026-02-07 05:15:33,1.9734,2.343,96.2,3.906,-0.06340000000000012,,
2026-02-07 06:15:33,1.9702,2.53,96.4,3.854,-0.06020000000000003,,
2026-02-07 07:15:33,1.9482,2.101,97.3,3.801,-0.03820000000000001,,
2026-02-07 08:15:33,1.9639,2.182,97.2,3.749,-0.05390000000000006,,
2026-02-07 09:15:33,1.9482,2.477,96.8,3.67,-0.03820000000000001,,
2026-02-07 10:15:33,1.9702,2.477,97.9,3.617,-0.06020000000000003,,
2026-02-07 11:15:33,1.9639,3.406,97.7,3.538,-0.05390000000000006,,
2026-02-07 12:15:33,1.9702,3.406,97.7,3.512,-0.06020000000000003,,
2026-02-07 13:15:33,1.9671,2.503,98.3,3.459,-0.05710000000000015,,
2026-02-07 14:15:33,1.9608,3.036,98.9,3.433,-0.05080000000000018,,
2026-02-07 15:15:33,1.9482,2.93,98.3,3.433,-0.03820000000000001,,
2026-02-07 16:15:33,1.9671,2.637,98.5,3.406,-0.05710000000000015,,
2026-02-07 17:15:33,1.9482,1.153,99.4,3.406,-0.03820000000000001,,
2026-02-07 18:15:33,1.9514,-0.004,97.2,3.38,-0.0414000000000001,,
2026-02-07 19:15:33,1.9671,-0.873,96.9,3.327,-0.05710000000000015,,
2026-02-07 20:15:33,1.9671,-0.958,95.5,3.274,-0.05710000000000015,,
2026-02-07 21:15:33,1.9545,-0.817,97.1,3.195,-0.044499999999999984,,
2026-02-07 22:15:33,1.9545,-0.93,96.7,3.116,-0.044499999999999984,,
2026-02-07 23:15:33,1.9451,-1.1,96.4,3.009,-0.03510000000000013,,
2026-02-08 00:15:33,1.9514,-0.958,94.8,2.93,-0.0414000000000001,,
2026-02-08 01:15:33,1.9482,-0.845,96.1,2.85,-0.03820000000000001,,
2026-02-08 02:15:33,1.9451,-1.071,94.5,2.77,-0.03510000000000013,,
2026-02-08 03:15:33,1.9325,-0.958,92.8,2.69,-0.022500000000000187,,
2026-02-08 04:15:33,1.942,-0.902,92.5,2.637,-0.03200000000000003,,
2026-02-08 05:15:33,1.9357,-0.704,91.0,2.557,-0.025700000000000056,,
2026-02-08 06:15:33,1.9357,-0.676,93.4,2.503,-0.025700000000000056,,
2026-02-08 07:15:33,1.9325,-0.62,92.8,2.45,-0.022500000000000187,,
2026-02-08 08:15:33,1.9451,-0.648,92.9,2.396,-0.03510000000000013,,
2026-02-08 09:15:33,1.9325,-0.507,91.4,2.343,-0.022500000000000187,,
2026-02-08 10:15:33,1.9357,-0.032,89.6,2.289,-0.025700000000000056,,
2026-02-08 11:15:33,1.9357,0.218,91.6,2.262,-0.025700000000000056,,
2026-02-08 12:15:33,1.9451,-0.004,90.8,2.209,-0.03510000000000013,,
2026-02-08 13:15:33,1.9357,0.107,94.7,2.182,-0.025700000000000056,,
2026-02-08 14:15:33,1.9357,-0.032,92.3,2.128,-0.025700000000000056,,
2026-02-08 15:15:33,1.9388,-0.116,94.3,2.101,-0.02880000000000016,,
2026-02-08 16:15:33,1.942,-0.339,96.9,2.074,-0.03200000000000003,,
2026-02-08 17:15:33,1.9451,-0.676,97.9,2.021,-0.03510000000000013,,
2026-02-08 18:15:33,1.9577,-0.76,99.4,1.994,-0.047700000000000076,,
2026-02-08 19:15:33,1.9639,-0.845,99.8,1.967,-0.05390000000000006,,
2026-02-08 20:15:33,1.9545,-0.789,97.9,1.94,-0.044499999999999984,,
2026-02-08 21:15:33,1.9577,-0.845,96.7,1.913,-0.047700000000000076,,
2026-02-08 22:15:33,1.9577,-0.902,96.6,1.886,-0.047700000000000076,,
2026-02-08 23:15:33,1.9577,-1.015,95.1,1.859,-0.047700000000000076,,
2026-02-09 00:15:33,1.9734,-1.157,96.8,1.832,-0.06340000000000012,,
2026-02-09 01:15:33,1.9577,-1.213,98.1,1.805,-0.047700000000000076,,
2026-02-09 02:15:33,1.9671,-1.1,97.3,1.778,-0.05710000000000015,,
2026-02-09 03:15:33,1.9577,-1.043,96.9,1.751,-0.047700000000000076,,
2026-02-09 04:15:33,1.9514,-1.128,97.2,1.724,-0.0414000000000001,,
2026-02-09 05:15:33,1.942,-1.47,96.4,1.724,-0.03200000000000003,,
2026-02-09 06:15:33,1.9482,-1.27,96.7,1.697,-0.03820000000000001,,
2026-02-09 07:15:33,1.9545,-1.128,98.9,1.67,-0.044499999999999984,,
2026-02-09 08:15:33,1.9671,-1.157,97.9,1.643,-0.05710000000000015,,
2026-02-09 09:15:33,1.9671,-0.845,96.3,1.615,-0.05710000000000015,,
2026-02-09 10:15:33,1.9671,-0.732,98.2,1.615,-0.05710000000000015,,
2026-02-09 11:15:33,1.9671,-0.76,96.6,1.588,-0.05710000000000015,,
2026-02-09 12:15:33,1.9859,-0.423,95.7,1.561,-0.07590000000000008,,
2026-02-09 13:15:33,1.9608,-0.789,99.1,1.561,-0.05080000000000018,,
2026-02-09 14:15:33,1.9608,-0.958,100.0,1.534,-0.05080000000000018,,
2026-02-09 15:15:33,1.9482,-1.015,100.0,1.507,-0.03820000000000001,,
2026-02-09 16:15:33,1.8697,-0.986,100.0,1.507,0.0403,,
2026-02-09 17:15:33,1.8446,-1.043,100.0,1.48,0.0653999999999999,,
2026-02-09 18:15:33,1.854,-1.213,100.0,1.48,0.05599999999999983,,
2026-02-09 19:15:33,1.7943,-1.441,100.0,1.453,0.11569999999999991,,
2026-02-09 20:15:33,1.9105,-1.756,100.0,1.453,-0.000500000000000167,,
2026-02-09 21:15:33,1.8383,-1.242,100.0,1.425,0.07169999999999987,,
2026-02-09 22:15:33,1.8634,-1.213,100.0,1.425,0.046599999999999975,,
2026-02-09 23:15:33,1.8572,-1.441,100.0,1.398,0.05279999999999996,,
2026-02-10 00:15:33,1.8289,-1.356,100.0,1.398,0.08109999999999995,,
2026-02-10 01:15:33,1.8823,-1.613,100.0,1.398,0.027699999999999836,,
2026-02-10 02:15:33,1.8666,-1.814,100.0,1.371,0.04339999999999988,,
2026-02-10 03:15:33,1.8917,-1.613,100.0,1.344,0.018299999999999983,,
2026-02-10 04:15:33,1.8791,-1.67,100.0,1.344,0.030899999999999928,,
2026-02-10 05:15:33,1.876,-1.842,100.0,1.344,0.03400000000000003,,
2026-02-10 06:15:33,1.8729,-1.814,100.0,1.317,0.03709999999999991,,
2026-02-10 07:15:33,1.8666,-1.929,100.0,1.317,0.04339999999999988,,
2026-02-10 08:15:33,1.8634,-2.044,100.0,1.317,0.046599999999999975,,
2026-02-10 09:15:33,1.8603,-1.814,100.0,1.289,0.049699999999999855,,
2026-02-10 10:15:33,1.8791,-1.015,100.0,1.289,0.030899999999999928,,
2026-02-10 11:15:33,1.876,-0.676,100.0,1.289,0.03400000000000003,,
2026-02-10 12:15:33,1.8791,-0.591,100.0,1.262,0.030899999999999928,,
2026-02-10 13:15:33,1.8823,-0.62,100.0,1.262,0.027699999999999836,,
2026-02-10 14:15:33,1.854,-0.423,100.0,1.262,0.05599999999999983,,
2026-02-10 15:15:33,1.8948,-0.507,100.0,1.235,0.01519999999999988,,
2026-02-10 16:15:33,,-0.76,100.0,1.235,,,
2026-02-10 17:15:33,1.8791,-1.185,100.0,1.235,0.030899999999999928,,
2026-02-10 18:15:33,1.8791,-1.498,100.0,1.235,0.030899999999999928,,
2026-02-10 19:15:33,1.8729,-2.044,100.0,1.235,0.03709999999999991,,
2026-02-10 20:15:33,1.8697,-2.421,100.0,1.208,0.0403,,
2026-02-10 21:15:33,1.8634,-2.654,100.0,1.208,0.046599999999999975,,
2026-02-10 22:15:33,1.8572,-2.712,100.0,1.208,0.05279999999999996,,
2026-02-10 23:15:33,1.8572,-2.8,100.0,1.208,0.05279999999999996,,
2026-02-11 00:15:33,1.8572,-2.888,100.0,1.18,0.05279999999999996,,
2026-02-11 01:15:33,1.8509,-2.976,100.0,1.18,0.05909999999999993,,
2026-02-11 02:15:33,1.854,-3.153,100.0,1.18,0.05599999999999983,,
2026-02-11 03:15:33,1.8603,-3.153,99.8,1.18,0.049699999999999855,,
2026-02-11 04:15:33,1.8634,-2.976,100.0,1.18,0.046599999999999975,,
2026-02-11 05:15:33,1.876,-2.947,99.9,1.18,0.03400000000000003,,
2026-02-11 06:15:33,1.8823,-2.947,99.8,1.153,0.027699999999999836,,
2026-02-11 07:15:33,1.876,-2.888,99.6,1.153,0.03400000000000003,,
2026-02-11 08:15:33,1.8697,-2.859,99.4,1.153,0.0403,,
2026-02-11 09:15:33,1.8697,-2.683,99.0,1.126,0.0403,,
2026-02-11 10:15:33,1.8289,-1.785,98.0,1.126,0.08109999999999995,,
2026-02-11 11:15:33,1.81,-0.591,96.3,1.126,0.09999999999999987,,
2026-02-11 12:15:33,1.7881,0.273,95.7,1.126,0.1218999999999999,,
2026-02-11 13:15:33,1.8163,0.522,95.3,1.126,0.0936999999999999,,
2026-02-11 14:15:33,1.7943,0.439,93.9,1.126,0.11569999999999991,,
2026-02-11 15:15:33,1.7849,-0.283,93.6,1.099,0.1251,,
2026-02-11 16:15:33,1.7818,-1.128,92.6,1.099,0.12819999999999987,,
2026-02-11 17:15:33,1.7786,-1.699,91.7,1.099,0.13139999999999996,,
2026-02-11 18:15:33,1.7786,-1.842,91.6,1.099,0.13139999999999996,,
2026-02-11 19:15:33,1.7849,-1.699,89.5,1.099,0.1251,,
2026-02-11 20:15:33,1.7818,-1.556,89.3,1.099,0.12819999999999987,,
2026-02-11 21:15:33,1.7724,-1.384,88.8,1.071,0.13759999999999994,,
2026-02-11 22:15:33,1.7755,-0.676,83.9,1.071,0.13449999999999984,,
2026-02-11 23:15:33,1.7755,-1.556,95.6,1.071,0.13449999999999984,,
2026-02-12 00:15:33,1.7755,-0.591,97.9,1.071,0.13449999999999984,,
2026-02-12 01:15:33,,0.135,98.5,1.071,,,
2026-02-12 02:15:33,1.7818,0.356,97.9,1.071,0.12819999999999987,,
2026-02-12 03:15:33,1.7786,0.024,98.1,1.071,0.13139999999999996,,
2026-02-12 04:15:33,1.7786,-0.227,98.7,1.044,0.13139999999999996,,
2026-02-12 05:15:33,1.7755,-0.199,98.3,1.044,0.13449999999999984,,
2026-02-12 06:15:33,1.7692,-0.283,98.4,1.044,0.14079999999999981,,
2026-02-12 07:15:33,1.7755,0.051,99.1,1.044,0.13449999999999984,,
2026-02-12 08:15:33,1.7786,0.246,99.6,1.044,0.13139999999999996,,
2026-02-12 09:15:33,1.7849,0.384,99.4,1.017,0.1251,,
2026-02-12 10:15:33,1.8132,0.439,99.6,1.044,0.0968,,
2026-02-12 11:15:33,1.8509,0.605,99.3,1.017,0.05909999999999993,,
2026-02-12 12:15:33,1.8509,0.687,99.2,1.017,0.05909999999999993,,
2026-02-12 13:15:33,1.8477,0.495,99.9,1.017,0.06230000000000002,,
2026-02-12 14:15:33,1.8603,0.107,99.8,1.017,0.049699999999999855,,
2026-02-12 15:15:33,1.8603,0.218,100.0,1.017,0.049699999999999855,,
2026-02-12 16:15:33,1.8572,0.163,100.0,1.017,0.05279999999999996,,
2026-02-12 17:15:33,1.8634,0.051,100.0,1.017,0.046599999999999975,,
2026-02-12 18:15:33,1.8697,-0.06,99.4,1.017,0.0403,,
2026-02-12 19:15:33,1.8697,-0.507,98.7,1.017,0.0403,,
2026-02-12 20:15:33,1.8634,-0.93,99.5,0.989,0.046599999999999975,,
2026-02-12 21:15:33,1.8634,-1.213,99.5,0.989,0.046599999999999975,,
2026-02-12 22:15:33,1.8603,-1.441,98.8,0.989,0.049699999999999855,,
2026-02-12 23:15:33,1.8572,-1.986,97.6,0.989,0.05279999999999996,,
2026-02-13 00:15:33,1.8634,-2.218,97.9,0.989,0.046599999999999975,,
2026-02-13 01:15:33,1.8634,-2.305,97.7,0.989,0.046599999999999975,,
2026-02-13 02:15:33,1.8603,-2.742,96.7,0.989,0.049699999999999855,,
2026-02-13 03:15:33,1.8603,-3.479,91.6,0.989,0.049699999999999855,,
2026-02-13 04:15:33,1.8603,-3.956,89.9,0.989,0.049699999999999855,,
2026-02-13 05:15:33,1.8603,-3.568,89.7,0.989,0.049699999999999855,,
2026-02-13 06:15:33,1.8603,-3.39,89.7,0.989,0.049699999999999855,,
2026-02-13 07:15:33,1.8603,-3.242,88.8,0.989,0.049699999999999855,,
2026-02-13 08:15:33,1.8634,-3.39,91.0,0.989,0.046599999999999975,,
2026-02-13 09:15:33,1.8634,-2.771,87.5,0.962,0.046599999999999975,,
2026-02-13 10:15:33,1.8666,-2.508,89.3,0.962,0.04339999999999988,,
2026-02-13 11:15:33,1.8666,-2.102,94.2,0.962,0.04339999999999988,,
2026-02-13 12:15:33,1.8634,-1.871,98.8,0.962,0.046599999999999975,,
2026-02-13 13:15:33,1.8791,-1.785,99.2,0.962,0.030899999999999928,,
2026-02-13 14:15:33,1.8729,-1.9,99.9,0.962,0.03709999999999991,,
2026-02-13 15:15:33,1.8854,-1.986,100.0,0.962,0.024599999999999955,,
2026-02-13 16:15:33,1.876,-2.363,99.8,0.962,0.03400000000000003,,
2026-02-13 17:15:33,1.8854,-2.654,99.0,0.962,0.024599999999999955,,
2026-02-13 18:15:33,1.8917,-2.712,99.4,0.962,0.018299999999999983,,
2026-02-13 19:15:33,1.8791,-2.537,100.0,0.962,0.030899999999999928,,
2026-02-13 20:15:33,1.8854,-2.83,100.0,0.962,0.024599999999999955,,
2026-02-13 21:15:33,1.8666,-3.301,99.9,0.962,0.04339999999999988,,
2026-02-13 22:15:33,1.876,-3.419,99.9,0.962,0.03400000000000003,,
2026-02-13 23:15:33,1.8791,-3.896,99.6,0.962,0.030899999999999928,,
2026-02-14 00:15:33,1.8791,-3.717,99.8,0.962,0.030899999999999928,,
2026-02-14 01:15:33,1.8854,-3.926,99.8,0.962,0.024599999999999955,,
2026-02-14 02:15:33,1.8854,-3.717,100.0,0.962,0.024599999999999955,,
2026-02-14 03:15:33,1.8854,-3.896,100.0,0.962,0.024599999999999955,,
2026-02-14 04:15:33,1.8886,-3.896,99.8,0.962,0.021399999999999864,,
2026-02-14 05:15:33,1.8917,-3.956,99.9,0.962,0.018299999999999983,,
2026-02-14 06:15:33,1.8917,-4.348,99.6,0.962,0.018299999999999983,,
2026-02-14 07:15:33,1.9011,-4.197,99.7,0.962,0.008899999999999908,,
2026-02-14 08:15:33,,-4.378,99.5,0.962,,,
2026-02-14 09:15:33,1.9137,-4.046,99.8,0.962,-0.0037000000000000366,,
2026-02-14 10:15:33,1.8948,-3.687,99.9,0.962,0.01519999999999988,,
2026-02-14 11:15:33,1.8948,-3.538,99.9,0.962,0.01519999999999988,,
2026-02-14 12:15:33,1.8917,-3.39,100.0,0.934,0.018299999999999983,,
2026-02-14 13:15:33,1.8886,-2.859,100.0,0.934,0.021399999999999864,,
2026-02-14 14:15:33,1.8917,-2.625,100.0,0.934,0.018299999999999983,,
2026-02-14 15:15:33,1.8886,-2.8,99.9,0.934,0.021399999999999864,,
2026-02-14 16:15:33,1.8917,-3.183,100.0,0.934,0.018299999999999983,,
2026-02-14 17:15:33,1.8854,-3.419,100.0,0.934,0.024599999999999955,,
2026-02-14 18:15:33,1.8854,-3.538,100.0,0.934,0.024599999999999955,,
2026-02-14 19:15:33,1.8854,-3.986,100.0,0.934,0.024599999999999955,,
2026-02-14 20:15:33,1.8823,-4.712,99.4,0.934,0.027699999999999836,,
2026-02-14 21:15:33,1.8791,-4.895,99.2,0.934,0.030899999999999928,,
2026-02-14 22:15:33,1.8791,-5.202,99.1,0.934,0.030899999999999928,,
2026-02-14 23:15:33,1.876,-5.202,99.0,0.934,0.03400000000000003,,
2026-02-15 00:15:33,1.8729,-5.511,98.8,0.934,0.03709999999999991,,
2026-02-15 01:15:33,1.8729,-5.636,98.4,0.934,0.03709999999999991,,
2026-02-15 02:15:33,1.8729,-5.854,98.4,0.934,0.03709999999999991,,
2026-02-15 03:15:33,1.8729,-6.042,98.3,0.934,0.03709999999999991,,
2026-02-15 04:15:33,1.876,-6.262,97.8,0.907,0.03400000000000003,,
2026-02-15 05:15:33,1.8729,-6.388,97.3,0.907,0.03709999999999991,,
2026-02-15 06:15:33,1.8729,-6.515,96.3,0.907,0.03709999999999991,,
2026-02-15 07:15:33,1.8729,-6.42,95.4,0.907,0.03709999999999991,,
2026-02-15 08:15:33,1.8729,-5.916,95.9,0.907,0.03709999999999991,,
2026-02-15 09:15:33,1.8729,-5.326,95.9,0.907,0.03709999999999991,,
2026-02-15 10:15:33,1.876,-4.499,96.2,0.907,0.03400000000000003,,
2026-02-15 11:15:33,1.8791,-3.627,99.0,0.907,0.030899999999999928,,
2026-02-15 12:15:33,1.8791,-3.657,98.3,0.907,0.030899999999999928,,
2026-02-15 13:15:33,1.8823,-3.568,98.7,0.88,0.027699999999999836,,
2026-02-15 14:15:33,1.8823,-3.39,99.2,0.88,0.027699999999999836,,
2026-02-15 15:15:33,1.8854,-3.301,99.0,0.88,0.024599999999999955,,
2026-02-15 16:15:33,1.8854,-4.076,96.1,0.88,0.024599999999999955,,
2026-02-15 17:15:33,1.8886,-4.197,96.4,0.88,0.021399999999999864,,
2026-02-15 18:15:33,1.876,-4.318,97.9,0.88,0.03400000000000003,,
2026-02-15 19:15:33,1.876,-4.378,97.4,0.88,0.03400000000000003,,
2026-02-15 20:15:33,1.876,-4.378,97.2,0.88,0.03400000000000003,,
2026-02-15 21:15:33,1.876,-4.348,97.2,0.88,0.03400000000000003,,
2026-02-15 22:15:33,1.8791,-4.137,97.7,0.88,0.030899999999999928,,
2026-02-15 23:15:33,1.8791,-4.106,97.9,0.88,0.030899999999999928,,
2026-02-16 00:15:33,1.8791,-4.046,99.0,0.88,0.030899999999999928,,
2026-02-16 01:15:33,1.8791,-3.807,98.5,0.88,0.030899999999999928,,
2026-02-16 02:15:33,1.8823,-3.687,98.6,0.852,0.027699999999999836,,
2026-02-16 03:15:33,1.8666,-3.807,98.9,0.852,0.04339999999999988,,
2026-02-16 04:15:33,1.8289,-3.836,99.3,0.88,0.08109999999999995,,
2026-02-16 05:15:33,1.8509,-4.046,99.5,0.852,0.05909999999999993,,
2026-02-16 06:15:33,1.8509,-4.287,99.5,0.852,0.05909999999999993,,
2026-02-16 07:15:33,1.8477,-4.743,99.0,0.852,0.06230000000000002,,
2026-02-16 08:15:33,1.8415,-4.987,98.8,0.852,0.0685,,
2026-02-16 09:15:33,1.8383,-4.743,98.9,0.852,0.07169999999999987,,
2026-02-16 10:15:33,1.8289,-4.318,99.5,0.852,0.08109999999999995,,
2026-02-16 11:15:33,1.8352,-4.408,98.6,0.852,0.07479999999999998,,
2026-02-16 12:15:33,1.8352,-4.016,98.8,0.852,0.07479999999999998,,
2026-02-16 13:15:33,1.832,-3.657,99.7,0.852,0.07799999999999985,,
2026-02-16 14:15:33,1.8383,-4.016,99.8,0.852,0.07169999999999987,,
2026-02-16 15:15:33,1.854,-4.621,99.4,0.852,0.05599999999999983,,
2026-02-16 16:15:33,1.854,-5.233,99.1,0.852,0.05599999999999983,,
2026-02-16 17:15:33,,-5.48,99.0,0.852,,,
2026-02-16 18:15:33,1.8415,-5.854,98.8,0.852,0.0685,,
2026-02-16 19:15:33,1.8477,-5.916,98.8,0.852,0.06230000000000002,,
2026-02-16 20:15:33,1.8509,-6.452,98.3,0.852,0.05909999999999993,,
2026-02-16 21:15:33,1.8634,-6.834,98.1,0.852,0.046599999999999975,,
2026-02-16 22:15:33,1.876,-6.325,98.4,0.852,0.03400000000000003,,
2026-02-16 23:15:33,1.8572,-6.898,97.9,0.852,0.05279999999999996,,
2026-02-17 00:15:33,1.8572,-6.994,97.8,0.852,0.05279999999999996,,
2026-02-17 01:15:33,1.854,-7.413,97.5,0.852,0.05599999999999983,,
2026-02-17 02:15:33,1.854,-7.478,97.5,0.852,0.05599999999999983,,
2026-02-17 03:15:33,1.8446,-7.09,97.5,0.852,0.0653999999999999,,
2026-02-17 04:15:33,1.8383,-6.77,97.6,0.852,0.07169999999999987,,
2026-02-17 05:15:33,1.832,-6.802,97.6,0.852,0.07799999999999985,,
2026-02-17 06:15:33,1.8415,-6.483,97.7,0.825,0.0685,,
2026-02-17 07:15:33,1.8446,-6.294,97.8,0.852,0.0653999999999999,,
2026-02-17 08:15:33,1.8572,-5.791,97.9,0.825,0.05279999999999996,,
2026-02-17 09:15:33,1.8572,-5.698,98.1,0.825,0.05279999999999996,,
2026-02-17 10:15:33,1.8572,-5.574,97.6,0.825,0.05279999999999996,,
2026-02-17 11:15:33,,-5.326,96.9,0.825,,,
2026-02-17 12:15:33,,-4.712,95.7,0.825,,,
2026-02-17 13:15:33,1.8886,-4.227,94.0,0.825,0.021399999999999864,,
2026-02-17 14:15:33,1.8446,-3.986,92.5,0.825,0.0653999999999999,,
2026-02-17 15:15:33,1.8509,-4.046,97.6,0.825,0.05909999999999993,,
2026-02-17 16:15:33,1.8289,-4.469,98.5,0.825,0.08109999999999995,,
2026-02-17 17:15:33,1.8352,-4.895,98.8,0.825,0.07479999999999998,,
2026-02-17 18:15:33,1.832,-5.636,96.7,0.825,0.07799999999999985,,
2026-02-17 19:15:33,1.8226,-6.547,95.2,0.825,0.08739999999999992,,
2026-02-17 20:15:33,1.8226,-6.77,95.0,0.825,0.08739999999999992,,
2026-02-17 21:15:33,1.8226,-6.898,94.8,0.825,0.08739999999999992,,
2026-02-17 22:15:33,1.8289,-6.994,95.1,0.825,0.08109999999999995,,
2026-02-17 23:15:33,1.8352,-7.058,94.2,0.825,0.07479999999999998,,
2026-02-18 00:15:33,1.832,-7.187,94.5,0.825,0.07799999999999985,,
2026-02-18 01:15:33,1.832,-7.187,94.7,0.825,0.07799999999999985,,
2026-02-18 02:15:33,1.8352,-7.251,94.0,0.825,0.07479999999999998,,
2026-02-18 03:15:33,1.8383,-7.543,94.7,0.797,0.07169999999999987,,
2026-02-18 04:15:33,1.8383,-7.608,95.2,0.797,0.07169999999999987,,
2026-02-18 05:15:33,1.8415,-7.771,96.5,0.797,0.0685,,
2026-02-18 06:15:33,1.8415,-8.099,94.6,0.797,0.0685,,
2026-02-18 07:15:33,1.8383,-8.231,94.5,0.797,0.07169999999999987,,
2026-02-18 08:15:33,1.8383,-7.869,95.1,0.797,0.07169999999999987,,
2026-02-18 09:15:33,1.8383,-6.866,94.8,0.797,0.07169999999999987,,
2026-02-18 10:15:33,1.8383,-6.452,95.4,0.797,0.07169999999999987,,
2026-02-18 11:15:33,1.8446,-6.136,94.5,0.797,0.0653999999999999,,
2026-02-18 12:15:33,1.8446,-6.136,96.3,0.797,0.0653999999999999,,
2026-02-18 13:15:33,1.8477,-5.76,92.3,0.797,0.06230000000000002,,
2026-02-18 14:15:33,1.8509,-5.948,96.9,0.797,0.05909999999999993,,
2026-02-18 15:15:33,1.854,-5.511,97.6,0.797,0.05599999999999983,,
2026-02-18 16:15:33,1.854,-5.854,97.9,0.797,0.05599999999999983,,
2026-02-18 17:15:33,1.854,-6.388,96.7,0.797,0.05599999999999983,,
2026-02-18 18:15:33,1.8509,-7.122,93.3,0.797,0.05909999999999993,,
2026-02-18 19:15:33,1.8509,-7.608,93.5,0.797,0.05909999999999993,,
2026-02-18 20:15:33,1.8477,-7.968,93.8,0.797,0.06230000000000002,,
2026-02-18 21:15:33,1.8477,-8.0,93.9,0.797,0.06230000000000002,,
2026-02-18 22:15:33,1.8446,-8.198,93.8,0.797,0.0653999999999999,,
2026-02-18 23:15:33,1.8446,-8.331,93.6,0.797,0.0653999999999999,,
2026-02-19 00:15:33,1.8415,-8.497,93.7,0.797,0.0685,,
2026-02-19 01:15:33,1.8446,-8.597,93.4,0.797,0.0653999999999999,,
2026-02-19 02:15:33,1.8415,-8.73,94.0,0.797,0.0685,,
2026-02-19 03:15:33,1.8383,-8.463,94.3,0.77,0.07169999999999987,,
2026-02-19 04:15:33,1.8415,-8.764,93.4,0.797,0.0685,,
2026-02-19 05:15:33,1.8383,-9.134,93.0,0.797,0.07169999999999987,,
2026-02-19 06:15:33,1.8383,-9.679,93.0,0.797,0.07169999999999987,,
2026-02-19 07:15:33,1.8383,-9.679,92.3,0.797,0.07169999999999987,,
2026-02-19 08:15:33,1.8352,-9.235,88.6,0.77,0.07479999999999998,,
2026-02-19 09:15:33,1.8446,-9.473,88.6,0.77,0.0653999999999999,,
2026-02-19 10:15:33,1.8257,-8.297,83.7,0.77,0.08429999999999982,,
2026-02-19 11:15:33,1.8257,-6.962,87.1,0.77,0.08429999999999982,,
2026-02-19 12:15:33,1.8289,-6.199,85.5,0.77,0.08109999999999995,,
2026-02-19 13:15:33,1.8226,-5.885,84.6,0.77,0.08739999999999992,,
2026-02-19 14:15:33,1.8226,-5.357,83.8,0.742,0.08739999999999992,,
2026-02-19 15:15:33,1.8257,-4.895,90.1,0.742,0.08429999999999982,,
2026-02-19 16:15:33,1.8257,-5.172,90.0,0.77,0.08429999999999982,,
2026-02-19 17:15:33,1.8289,-5.48,88.6,0.742,0.08109999999999995,,
2026-02-19 18:15:33,1.8289,-6.042,88.3,0.742,0.08109999999999995,,
2026-02-19 19:15:33,1.832,-6.231,89.5,0.742,0.07799999999999985,,
2026-02-19 20:15:33,1.832,-6.483,89.8,0.742,0.07799999999999985,,
2026-02-19 21:15:33,1.832,-6.452,89.8,0.742,0.07799999999999985,,
2026-02-19 22:15:33,1.8289,-6.61,90.2,0.742,0.08109999999999995,,
2026-02-19 23:15:33,1.8289,-6.674,90.3,0.742,0.08109999999999995,,
2026-02-20 00:15:33,1.8289,-6.898,91.0,0.742,0.08109999999999995,,
2026-02-20 01:15:33,1.8289,-6.515,91.7,0.742,0.08109999999999995,,
2026-02-20 02:15:33,1.8289,-6.294,92.8,0.742,0.08109999999999995,,
2026-02-20 03:15:33,1.8289,-5.791,93.7,0.742,0.08109999999999995,,
2026-02-20 04:15:33,1.8226,-5.388,92.3,0.742,0.08739999999999992,,
2026-02-20 05:15:33,1.8257,-5.357,92.6,0.742,0.08429999999999982,,
2026-02-20 06:15:33,1.8446,-5.11,94.2,0.742,0.0653999999999999,,
2026-02-20 07:15:33,1.8477,-5.141,95.0,0.742,0.06230000000000002,,
2026-02-20 08:15:33,1.8697,-5.233,95.5,0.742,0.0403,,
2026-02-20 09:15:33,1.876,-5.264,94.2,0.742,0.03400000000000003,,
2026-02-20 10:15:33,1.8729,-5.049,94.0,0.742,0.03709999999999991,,
2026-02-20 11:15:33,1.876,-5.233,95.5,0.742,0.03400000000000003,,
2026-02-20 12:15:33,1.8509,-5.049,95.9,0.742,0.05909999999999993,,
2026-02-20 13:15:33,,-4.957,95.0,0.742,,,
2026-02-20 14:15:33,1.8634,-4.773,93.4,0.715,0.046599999999999975,,
2026-02-20 15:15:33,1.854,-4.895,96.2,0.742,0.05599999999999983,,
2026-02-20 16:15:33,1.898,-5.202,96.1,0.742,0.01200000000000001,,
2026-02-20 17:15:33,1.854,-5.885,95.4,0.742,0.05599999999999983,,
2026-02-20 18:15:33,1.8697,-6.325,95.9,0.742,0.0403,,
2026-02-20 19:15:33,1.8446,-6.325,96.5,0.742,0.0653999999999999,,
2026-02-20 20:15:33,1.8446,-6.231,96.7,0.715,0.0653999999999999,,
2026-02-20 21:15:33,1.8415,-6.168,96.7,0.715,0.0685,,
2026-02-20 22:15:33,1.8383,-6.042,97.6,0.715,0.07169999999999987,,
2026-02-20 23:15:33,1.832,-5.948,97.6,0.715,0.07799999999999985,,
2026-02-21 00:15:33,1.7975,-5.791,98.3,0.715,0.11249999999999982,,
2026-02-21 01:15:33,1.7912,-5.605,98.3,0.715,0.11880000000000002,,
2026-02-21 02:15:33,1.8132,-5.449,98.5,0.715,0.0968,,
2026-02-21 03:15:33,1.8697,-5.357,98.5,0.715,0.0403,,
2026-02-21 04:15:33,1.7912,-5.264,98.6,0.715,0.11880000000000002,,
2026-02-21 05:15:33,1.7975,-5.11,98.8,0.715,0.11249999999999982,,
2026-02-21 06:15:33,1.8132,-4.987,98.8,0.715,0.0968,,
2026-02-21 07:15:33,1.854,-4.712,99.0,0.715,0.05599999999999983,,
2026-02-21 08:15:33,,-4.712,99.1,0.715,,,
2026-02-21 09:15:33,,-4.773,99.1,0.715,,,
2026-02-21 10:15:33,1.7598,-4.682,99.0,0.715,0.1501999999999999,,
2026-02-21 11:15:33,1.6844,-4.348,99.2,0.687,0.22560000000000002,,
2026-02-21 12:15:33,,-4.227,99.5,0.715,,,
2026-02-21 13:15:33,1.7598,-4.287,99.5,0.687,0.1501999999999999,,
2026-02-21 14:15:33,1.7347,-4.197,99.5,0.687,0.1753,,
2026-02-21 15:15:33,1.7378,-4.227,99.4,0.687,0.1721999999999999,,
2026-02-21 16:15:33,1.7472,-4.227,99.5,0.687,0.16279999999999983,,
2026-02-21 17:15:33,1.7566,-4.076,99.7,0.66,0.15339999999999998,,
2026-02-21 18:15:33,1.697,-3.807,99.7,0.66,0.21299999999999986,,
2026-02-21 19:15:33,1.6781,-3.687,99.9,0.66,0.2319,,
2026-02-21 20:15:33,1.5902,-3.627,99.9,0.66,0.31979999999999986,,
2026-02-21 21:15:33,1.5431,-3.568,99.9,0.632,0.3669,,
2026-02-21 22:15:33,1.6028,-3.449,100.0,0.632,0.3071999999999999,,
2026-02-21 23:15:33,,-3.242,100.0,0.632,,,
2026-02-22 00:15:33,1.5619,-3.153,100.0,0.632,0.34809999999999985,,
2026-02-22 01:15:33,1.5713,-3.006,100.0,0.632,0.3387,,
2026-02-22 02:15:33,,-2.918,100.0,0.632,,,
2026-02-22 03:15:33,,-2.742,100.0,0.605,,,
2026-02-22 04:15:33,,-2.771,100.0,0.605,,,
2026-02-22 05:15:33,,-2.479,100.0,0.605,,,
2026-02-22 06:15:33,,-2.479,100.0,0.577,,,
2026-02-22 07:15:33,,-2.334,100.0,0.577,,,
2026-02-22 08:15:33,,-2.16,100.0,0.577,,,
2026-02-22 09:15:33,,-2.015,100.0,0.577,,,
2026-02-22 10:15:33,,-1.929,100.0,0.55,,,
2026-02-22 11:15:33,,-1.842,100.0,0.55,,,
2026-02-22 12:15:33,,-1.842,100.0,0.55,,,
2026-02-22 13:15:33,,-2.247,100.0,0.522,,,
2026-02-22 14:15:33,,-2.044,100.0,0.522,,,
2026-02-22 15:15:33,1.4206,-2.421,100.0,0.522,0.48939999999999984,,
2026-02-22 16:15:33,1.386,-2.218,100.0,0.522,0.524,,
2026-02-22 17:15:33,,-2.218,100.0,0.522,,,
2026-02-22 18:15:33,1.3735,-2.16,100.0,0.522,0.5365,,
2026-02-22 19:15:33,1.4237,-2.102,100.0,0.522,0.48629999999999995,,
2026-02-22 20:15:33,1.4457,-2.16,100.0,0.522,0.46429999999999993,,
2026-02-22 21:15:33,1.43,-2.334,100.0,0.522,0.48,,
2026-02-22 22:15:33,1.4206,-3.065,100.0,0.522,0.48939999999999984,,
2026-02-22 23:15:33,1.3955,-3.124,100.0,0.522,0.5145,,
2026-02-23 00:15:33,1.3829,-2.918,100.0,0.522,0.5270999999999999,,
2026-02-23 01:15:33,1.3829,-2.888,100.0,0.522,0.5270999999999999,,
2026-02-23 02:15:33,1.4017,-2.888,100.0,0.522,0.5083,,
2026-02-23 03:15:33,1.452,-2.683,100.0,0.522,0.45799999999999996,,
2026-02-23 04:15:33,1.4143,-2.888,100.0,0.522,0.49570000000000003,,
2026-02-23 05:15:33,1.3735,-2.947,100.0,0.522,0.5365,,
2026-02-23 06:15:33,1.3578,-2.976,100.0,0.522,0.5522,,
2026-02-23 07:15:33,1.3578,-3.035,100.0,0.522,0.5522,,
2026-02-23 08:15:33,1.3672,-3.212,100.0,0.522,0.5428,,
2026-02-23 09:15:33,1.3672,-3.627,100.0,0.522,0.5428,,
2026-02-23 10:15:33,1.3892,-3.301,100.0,0.522,0.5207999999999999,,
2026-02-23 11:15:33,1.3955,-2.771,100.0,0.522,0.5145,,
2026-02-23 12:15:33,1.3829,-2.044,100.0,0.522,0.5270999999999999,,
2026-02-23 13:15:33,1.3923,-1.929,100.0,0.522,0.5176999999999998,,
2026-02-23 14:15:33,1.4017,-1.384,100.0,0.522,0.5083,,
2026-02-23 15:15:33,1.408,-1.613,100.0,0.55,0.502,,
2026-02-23 16:15:33,1.4112,-1.67,100.0,0.55,0.4987999999999999,,
2026-02-23 17:15:33,1.4143,-2.044,100.0,0.55,0.49570000000000003,,
2026-02-23 18:15:33,1.4237,-2.742,100.0,0.55,0.48629999999999995,,
2026-02-23 19:15:33,1.4269,-2.947,100.0,0.55,0.48309999999999986,,
2026-02-23 20:15:33,1.3986,-3.094,100.0,0.55,0.5113999999999999,,
2026-02-23 21:15:33,1.3923,-3.212,100.0,0.55,0.5176999999999998,,
2026-02-23 22:15:33,1.3955,-3.419,100.0,0.55,0.5145,,
2026-02-23 23:15:33,1.3986,-3.657,100.0,0.577,0.5113999999999999,,
2026-02-24 00:15:33,1.3986,-3.896,100.0,0.55,0.5113999999999999,,
2026-02-24 01:15:33,1.4017,-4.046,100.0,0.577,0.5083,,
2026-02-24 02:15:33,1.4017,-4.167,100.0,0.577,0.5083,,
2026-02-24 03:15:33,1.4049,-4.257,100.0,0.577,0.5050999999999999,,
2026-02-24 04:15:33,1.408,-4.257,100.0,0.577,0.502,,
2026-02-24 05:15:33,1.408,-4.167,100.0,0.577,0.502,,
2026-02-24 06:15:33,1.408,-4.197,100.0,0.577,0.502,,
2026-02-24 07:15:33,1.408,-4.287,100.0,0.577,0.502,,
2026-02-24 08:15:33,1.4049,-4.046,100.0,0.577,0.5050999999999999,,
2026-02-24 09:15:33,1.4017,-3.866,100.0,0.577,0.5083,,
2026-02-24 10:15:33,1.4049,-3.39,100.0,0.577,0.5050999999999999,,
2026-02-24 11:15:33,1.4112,-2.625,100.0,0.577,0.4987999999999999,,
2026-02-24 12:15:33,1.4174,-1.814,100.0,0.577,0.4925999999999999,,
2026-02-24 13:15:33,1.43,-1.67,100.0,0.577,0.48,,
2026-02-24 14:15:33,,-1.613,100.0,0.577,,,
2026-02-24 15:15:33,1.4363,-1.67,100.0,0.577,0.4737,,
2026-02-24 16:15:33,1.4269,-1.527,100.0,0.577,0.48309999999999986,,
2026-02-24 17:15:33,1.4206,-1.584,100.0,0.577,0.48939999999999984,,
2026-02-24 18:15:33,1.4269,-1.842,100.0,0.577,0.48309999999999986,,
2026-02-24 19:15:33,1.4237,-1.986,100.0,0.577,0.48629999999999995,,
2026-02-24 20:15:33,1.4206,-2.218,100.0,0.577,0.48939999999999984,,
2026-02-24 21:15:33,1.4174,-2.218,100.0,0.577,0.4925999999999999,,
2026-02-24 22:15:33,1.4174,-2.392,100.0,0.577,0.4925999999999999,,
2026-02-24 23:15:33,1.4206,-2.45,100.0,0.577,0.48939999999999984,,
2026-02-25 00:15:33,1.4237,-2.508,100.0,0.605,0.48629999999999995,,
2026-02-25 01:15:33,1.4237,-2.625,100.0,0.577,0.48629999999999995,,
2026-02-25 02:15:33,1.4237,-2.683,100.0,0.605,0.48629999999999995,,
2026-02-25 03:15:33,1.4237,-2.596,100.0,0.605,0.48629999999999995,,
2026-02-25 04:15:33,1.4237,-2.566,100.0,0.605,0.48629999999999995,,
2026-02-25 05:15:33,1.4269,-2.45,100.0,0.605,0.48309999999999986,,
2026-02-25 06:15:33,1.4237,-2.247,100.0,0.605,0.48629999999999995,,
2026-02-25 07:15:33,1.4269,-2.189,100.0,0.605,0.48309999999999986,,
2026-02-25 08:15:33,1.4269,-2.044,100.0,0.605,0.48309999999999986,,
2026-02-25 09:15:33,1.4363,-1.9,100.0,0.605,0.4737,,
2026-02-25 10:15:33,1.4551,-1.556,100.0,0.605,0.45489999999999986,,
2026-02-25 11:15:33,1.4363,-1.242,100.0,0.605,0.4737,,
2026-02-25 12:15:33,1.4394,-1.1,100.0,0.605,0.4705999999999999,,
2026-02-25 13:15:33,1.4426,-0.93,100.0,0.605,0.4673999999999998,,
2026-02-25 14:15:33,1.4457,-0.986,100.0,0.605,0.46429999999999993,,
2026-02-25 15:15:33,,-0.732,100.0,0.605,,,
2026-02-25 16:15:33,1.4803,-0.817,100.0,0.605,0.42969999999999997,,
2026-02-25 17:15:33,1.452,-0.902,100.0,0.605,0.45799999999999996,,
2026-02-25 18:15:33,1.4646,-0.93,100.0,0.605,0.4454,,
2026-02-25 19:15:33,1.4489,-0.93,100.0,0.605,0.46109999999999984,,
2026-02-25 20:15:33,1.4457,-0.902,100.0,0.605,0.46429999999999993,,
2026-02-25 21:15:33,1.452,-0.93,100.0,0.605,0.45799999999999996,,
2026-02-25 22:15:33,1.4614,-0.817,100.0,0.605,0.4485999999999999,,
2026-02-25 23:15:33,1.452,-0.62,100.0,0.605,0.45799999999999996,,
2026-02-26 00:15:33,1.4865,-0.591,100.0,0.605,0.4235,,
2026-02-26 01:15:33,1.452,-0.62,100.0,0.605,0.45799999999999996,,
2026-02-26 02:15:33,1.4394,-0.76,100.0,0.605,0.4705999999999999,,
2026-02-26 03:15:33,1.4551,-1.015,100.0,0.605,0.45489999999999986,,
2026-02-26 04:15:33,1.4457,-1.213,100.0,0.605,0.46429999999999993,,
2026-02-26 05:15:33,1.452,-1.327,100.0,0.605,0.45799999999999996,,
2026-02-26 06:15:33,,-1.413,100.0,0.605,,,
2026-02-26 07:15:33,1.4646,-1.47,100.0,0.605,0.4454,,
2026-02-26 08:15:33,1.4394,-1.413,100.0,0.605,0.4705999999999999,,
2026-02-26 09:15:33,1.4426,-1.384,100.0,0.605,0.4673999999999998,,
2026-02-26 10:15:33,1.4394,-1.27,100.0,0.605,0.4705999999999999,,
2026-02-26 11:15:33,1.4206,-1.185,100.0,0.605,0.48939999999999984,,
2026-02-26 12:15:33,1.4143,-1.071,100.0,0.605,0.49570000000000003,,
2026-02-26 13:15:33,1.4269,-1.043,100.0,0.605,0.48309999999999986,,
2026-02-26 14:15:33,1.4677,-1.1,100.0,0.605,0.4422999999999999,,
2026-02-26 15:15:33,1.4457,-1.1,100.0,0.605,0.46429999999999993,,
2026-02-26 16:15:33,1.4363,-1.128,100.0,0.605,0.4737,,
2026-02-26 17:15:33,1.4363,-1.299,100.0,0.605,0.4737,,
2026-02-26 18:15:33,1.43,-1.498,100.0,0.605,0.48,,
2026-02-26 19:15:33,1.4363,-1.613,100.0,0.605,0.4737,,
2026-02-26 20:15:33,1.4394,-1.67,100.0,0.605,0.4705999999999999,,
2026-02-26 21:15:33,1.4457,-1.699,100.0,0.605,0.46429999999999993,,
2026-02-26 22:15:33,1.4583,-1.842,100.0,0.605,0.4517,,
2026-02-26 23:15:33,1.4708,-1.9,100.0,0.605,0.4391999999999998,,
2026-02-27 00:15:33,1.4457,-2.218,100.0,0.605,0.46429999999999993,,
2026-02-27 01:15:33,1.4489,-2.392,100.0,0.605,0.46109999999999984,,
2026-02-27 02:15:33,1.4583,-2.305,100.0,0.605,0.4517,,
2026-02-27 03:15:33,1.4426,-2.363,100.0,0.605,0.4673999999999998,,
2026-02-27 04:15:33,1.408,-2.421,100.0,0.605,0.502,,
2026-02-27 05:15:33,1.4331,-2.566,100.0,0.605,0.4768999999999999,,
2026-02-27 06:15:33,1.4143,-2.596,100.0,0.605,0.49570000000000003,,
2026-02-27 07:15:33,1.4206,-2.654,100.0,0.605,0.48939999999999984,,
2026-02-27 08:15:33,1.4363,-2.683,100.0,0.632,0.4737,,
2026-02-27 09:15:33,,-2.537,100.0,0.605,,,
2026-02-27 10:15:33,1.4771,-2.45,100.0,0.605,0.43289999999999984,,
2026-02-27 11:15:33,1.4206,-2.421,100.0,0.605,0.48939999999999984,,
2026-02-27 12:15:33,1.4269,-2.16,100.0,0.605,0.48309999999999986,,
2026-02-27 13:15:33,1.4237,-2.102,100.0,0.605,0.48629999999999995,,
2026-02-27 14:15:33,1.4143,-2.102,100.0,0.605,0.49570000000000003,,
2026-02-27 15:15:33,1.4583,-2.16,100.0,0.605,0.4517,,
2026-02-27 16:15:33,1.452,-2.015,100.0,0.605,0.45799999999999996,,
2026-02-27 17:15:33,1.4489,-2.218,100.0,0.605,0.46109999999999984,,
2026-02-27 18:15:33,1.4551,-2.45,100.0,0.605,0.45489999999999986,,
2026-02-27 19:15:33,1.43,-2.566,100.0,0.605,0.48,,
2026-02-27 20:15:33,1.4331,-2.83,100.0,0.632,0.4768999999999999,,
2026-02-27 21:15:33,1.4331,-2.918,100.0,0.632,0.4768999999999999,,
2026-02-27 22:15:33,1.4331,-3.035,100.0,0.632,0.4768999999999999,,
2026-02-27 23:15:33,1.4331,-3.271,100.0,0.632,0.4768999999999999,,
2026-02-28 00:15:33,1.4394,-3.627,100.0,0.632,0.4705999999999999,,
2026-02-28 01:15:33,1.4394,-4.046,100.0,0.632,0.4705999999999999,,
2026-02-28 02:15:33,1.4394,-4.651,100.0,0.632,0.4705999999999999,,
2026-02-28 03:15:33,1.4394,-4.865,100.0,0.632,0.4705999999999999,,
2026-02-28 04:15:33,1.4363,-5.202,100.0,0.632,0.4737,,
2026-02-28 05:15:33,1.4363,-5.079,99.9,0.632,0.4737,,
2026-02-28 06:15:33,1.4363,-5.418,99.8,0.632,0.4737,,
2026-02-28 07:15:33,1.4363,-6.042,99.3,0.632,0.4737,,
2026-02-28 08:15:33,1.4363,-6.073,99.1,0.632,0.4737,,
2026-02-28 09:15:33,1.4394,-5.11,99.4,0.632,0.4705999999999999,,
2026-02-28 10:15:33,1.4331,-4.378,99.8,0.632,0.4768999999999999,,
2026-02-28 11:15:33,1.4363,-3.36,100.0,0.632,0.4737,,
2026-02-28 12:15:33,1.4363,-1.756,100.0,0.605,0.4737,,
2026-02-28 13:15:33,1.4269,-0.423,100.0,0.605,0.48309999999999986,,
2026-02-28 14:15:33,1.4206,0.163,100.0,0.632,0.48939999999999984,,
2026-02-28 15:15:33,1.4457,0.079,100.0,0.605,0.46429999999999993,,
2026-02-28 16:15:33,,0.19,100.0,0.632,,,
2026-02-28 17:15:33,1.4237,0.107,100.0,0.632,0.48629999999999995,,
2026-02-28 18:15:33,1.43,-0.032,100.0,0.632,0.48,,
2026-02-28 19:15:33,1.43,-0.116,100.0,0.632,0.48,,
2026-02-28 20:15:33,1.4331,-0.339,100.0,0.632,0.4768999999999999,,
2026-02-28 21:15:33,1.4331,-0.395,100.0,0.632,0.4768999999999999,,
2026-02-28 22:15:33,1.4363,-0.311,100.0,0.632,0.4737,,
2026-02-28 23:15:33,1.4363,-0.032,100.0,0.632,0.4737,,
2026-03-01 00:15:33,1.43,-0.06,100.0,0.605,0.48,,
2026-03-01 01:15:33,1.43,-0.227,100.0,0.632,0.48,,
2026-03-01 02:15:33,1.4331,-0.283,100.0,0.632,0.4768999999999999,,
2026-03-01 03:15:33,1.4363,-0.789,100.0,0.605,0.4737,,
2026-03-01 04:15:33,1.4206,-1.67,100.0,0.632,0.48939999999999984,,
2026-03-01 05:15:33,1.43,-1.384,100.0,0.632,0.48,,
2026-03-01 06:15:33,1.4331,-0.902,100.0,0.605,0.4768999999999999,,
2026-03-01 07:15:33,1.4331,-0.958,100.0,0.605,0.4768999999999999,,
2026-03-01 08:15:33,1.4363,-0.873,100.0,0.605,0.4737,,
2026-03-01 09:15:33,1.4426,-0.676,100.0,0.605,0.4673999999999998,,
2026-03-01 10:15:33,1.4426,0.246,100.0,0.605,0.4673999999999998,,
2026-03-01 11:15:33,1.4426,0.852,100.0,0.605,0.4673999999999998,,
2026-03-01 12:15:33,1.4489,1.425,99.1,0.605,0.46109999999999984,,
2026-03-01 13:15:33,1.4489,1.994,98.7,0.605,0.46109999999999984,,
2026-03-01 14:15:33,1.4489,2.744,97.6,0.605,0.46109999999999984,,
2026-03-01 15:15:33,1.4457,3.009,96.6,0.605,0.46429999999999993,,
2026-03-01 16:15:33,1.4489,2.956,98.3,0.605,0.46109999999999984,,
2026-03-01 17:15:33,1.4489,2.236,99.4,0.605,0.46109999999999984,,
2026-03-01 18:15:33,1.4551,1.126,97.3,0.605,0.45489999999999986,,
2026-03-01 19:15:33,1.4551,1.643,93.1,0.605,0.45489999999999986,,
2026-03-01 20:15:33,1.4551,2.557,63.3,0.605,0.45489999999999986,,
2026-03-01 21:15:33,1.4614,2.823,61.1,0.605,0.4485999999999999,,
2026-03-01 22:15:33,1.4583,2.877,66.9,0.605,0.4517,,
2026-03-01 23:15:33,1.4677,3.063,63.8,0.605,0.4422999999999999,,
2026-03-02 00:15:33,1.4551,3.327,60.9,0.605,0.45489999999999986,,
2026-03-02 01:15:33,1.4551,3.801,58.7,0.605,0.45489999999999986,,
2026-03-02 02:15:33,1.4614,3.932,55.1,0.605,0.4485999999999999,,
2026-03-02 03:15:33,1.4646,4.168,50.5,0.605,0.4454,,
2026-03-02 04:15:33,1.4708,3.433,49.9,0.605,0.4391999999999998,,
2026-03-02 05:15:33,1.4708,3.538,44.5,0.605,0.4391999999999998,,
2026-03-02 06:15:33,1.4646,3.38,47.7,0.605,0.4454,,
2026-03-02 07:15:33,1.4646,2.93,51.7,0.605,0.4454,,
2026-03-02 08:15:33,1.4708,2.983,56.6,0.605,0.4391999999999998,,
2026-03-02 09:15:33,1.4677,4.168,43.5,0.605,0.4422999999999999,,
2026-03-02 10:15:33,1.4708,4.532,42.1,0.605,0.4391999999999998,,
2026-03-02 11:15:33,1.4771,4.792,44.0,0.605,0.43289999999999984,,
2026-03-02 12:15:33,1.4803,5.257,46.4,0.605,0.42969999999999997,,
2026-03-02 13:15:33,1.4834,6.026,45.3,0.605,0.42659999999999987,,
2026-03-02 14:15:33,1.4897,4.999,58.7,0.605,0.4202999999999999,,
2026-03-02 15:15:33,1.496,6.0,52.5,0.605,0.4139999999999999,,
2026-03-02 16:15:33,1.4928,5.898,59.8,0.605,0.4172,,
2026-03-02 17:15:33,1.496,4.115,67.7,0.605,0.4139999999999999,,
2026-03-02 18:15:33,1.5117,3.274,69.5,0.577,0.3982999999999999,,
2026-03-02 19:15:33,1.5085,3.485,60.2,0.577,0.40149999999999997,,
2026-03-02 20:15:33,1.5054,3.932,50.9,0.577,0.40459999999999985,,
2026-03-02 21:15:33,1.5054,1.643,73.6,0.577,0.40459999999999985,,
2026-03-02 22:15:33,1.5054,3.643,71.0,0.577,0.40459999999999985,,
2026-03-02 23:15:33,1.5054,3.195,82.7,0.577,0.40459999999999985,,
2026-03-03 00:15:33,1.5117,2.69,89.6,0.605,0.3982999999999999,,
2026-03-03 01:15:33,1.5179,2.503,91.7,0.577,0.3920999999999999,,
2026-03-03 02:15:33,1.5148,2.209,94.1,0.577,0.3952,,
2026-03-03 03:15:33,1.5148,2.128,93.5,0.605,0.3952,,
2026-03-03 04:15:33,1.5179,1.859,93.7,0.577,0.3920999999999999,,
2026-03-03 05:15:33,1.5211,1.289,95.6,0.577,0.3889,,
2026-03-03 06:15:33,1.5337,0.66,97.1,0.577,0.37629999999999986,,
2026-03-03 07:15:33,1.5242,0.467,96.9,0.605,0.3857999999999999,,
2026-03-03 08:15:33,1.5274,0.412,97.5,0.577,0.38259999999999983,,
2026-03-03 09:15:33,1.5211,0.605,96.7,0.577,0.3889,,
2026-03-03 10:15:33,1.5211,1.18,96.5,0.577,0.3889,,
2026-03-03 11:15:33,1.5337,1.67,96.1,0.577,0.37629999999999986,,
2026-03-03 12:15:33,1.5337,1.967,96.3,0.577,0.37629999999999986,,
2026-03-03 13:15:33,1.5431,1.859,97.7,0.577,0.3669,,
2026-03-03 14:15:33,1.5462,2.316,96.4,0.577,0.3637999999999999,,
2026-03-03 15:15:33,1.5494,2.101,96.4,0.577,0.3605999999999998,,
2026-03-03 16:15:33,1.5431,2.047,97.3,0.577,0.3669,,
2026-03-03 17:15:33,1.5431,2.128,96.2,0.577,0.3669,,
2026-03-03 18:15:33,1.5619,1.805,96.1,0.577,0.34809999999999985,,
2026-03-03 19:15:33,1.5588,1.751,96.9,0.577,0.35119999999999996,,
2026-03-03 20:15:33,1.5556,0.66,97.6,0.577,0.3543999999999998,,
2026-03-03 21:15:33,1.5525,0.77,98.3,0.577,0.35749999999999993,,
2026-03-03 22:15:33,1.5462,0.88,97.4,0.577,0.3637999999999999,,
2026-03-03 23:15:33,1.5556,0.66,97.0,0.577,0.3543999999999998,,
2026-03-04 00:15:33,1.5556,0.412,96.2,0.577,0.3543999999999998,,
2026-03-04 01:15:33,1.5619,0.412,94.8,0.577,0.34809999999999985,,
2026-03-04 02:15:33,1.5651,0.218,95.3,0.577,0.3449,,
2026-03-04 03:15:33,1.5651,0.19,95.1,0.577,0.3449,,
2026-03-04 04:15:33,1.5682,-0.116,96.1,0.577,0.3417999999999999,,
2026-03-04 05:15:33,1.5682,-0.367,96.9,0.577,0.3417999999999999,,
2026-03-04 06:15:33,1.5745,-0.451,96.1,0.577,0.3354999999999999,,
2026-03-04 07:15:33,1.5745,-0.395,95.5,0.577,0.3354999999999999,,
2026-03-04 08:15:33,1.5808,-0.116,94.5,0.577,0.32919999999999994,,
2026-03-04 09:15:33,1.587,0.218,95.0,0.577,0.32299999999999995,,
2026-03-04 10:15:33,1.5902,0.989,94.6,0.577,0.31979999999999986,,
2026-03-04 11:15:33,1.5933,1.18,92.9,0.577,0.3167,,
2026-03-04 12:15:33,1.5902,1.235,95.2,0.577,0.31979999999999986,,
2026-03-04 13:15:33,1.5933,0.797,96.3,0.577,0.3167,,
2026-03-04 14:15:33,1.5839,1.071,97.0,0.577,0.32609999999999983,,
2026-03-04 15:15:33,1.5745,0.687,99.6,0.577,0.3354999999999999,,
2026-03-04 16:15:33,1.5808,-0.479,100.0,0.577,0.32919999999999994,,
2026-03-04 17:15:33,1.587,-0.591,100.0,0.577,0.32299999999999995,,
2026-03-04 18:15:33,1.5839,-0.817,100.0,0.577,0.32609999999999983,,
2026-03-04 19:15:33,1.5839,-0.873,100.0,0.577,0.32609999999999983,,
2026-03-04 20:15:33,1.5839,-0.873,100.0,0.577,0.32609999999999983,,
2026-03-04 21:15:33,1.587,-1.128,100.0,0.577,0.32299999999999995,,
2026-03-04 22:15:33,1.587,-1.213,100.0,0.577,0.32299999999999995,,
2026-03-04 23:15:33,1.5902,-1.356,100.0,0.577,0.31979999999999986,,
2026-03-05 00:15:33,1.5933,-1.556,100.0,0.577,0.3167,,
2026-03-05 01:15:33,1.5996,-2.044,100.0,0.577,0.3104,,
2026-03-05 02:15:33,1.5996,-2.305,100.0,0.605,0.3104,,
2026-03-05 03:15:33,1.6059,-2.508,100.0,0.605,0.3040999999999998,,
2026-03-05 04:15:33,1.6028,-2.947,100.0,0.605,0.3071999999999999,,
2026-03-05 05:15:33,1.6028,-2.888,100.0,0.605,0.3071999999999999,,
2026-03-05 06:15:33,1.6059,-2.976,100.0,0.605,0.3040999999999998,,
2026-03-05 07:15:33,1.6122,-2.771,100.0,0.605,0.29779999999999984,,
2026-03-05 08:15:33,1.609,-2.625,100.0,0.605,0.30099999999999993,,
2026-03-05 09:15:33,1.609,-2.276,100.0,0.605,0.30099999999999993,,
2026-03-05 10:15:33,,-1.842,100.0,0.605,,,
2026-03-05 11:15:33,1.6059,-1.071,100.0,0.605,0.3040999999999998,,
2026-03-05 12:15:33,1.6028,-0.311,100.0,0.577,0.3071999999999999,,
2026-03-05 13:15:33,1.5933,-0.255,100.0,0.605,0.3167,,
2026-03-05 14:15:33,1.5902,-0.116,100.0,0.605,0.31979999999999986,,
2026-03-05 15:15:33,1.5902,-0.004,100.0,0.605,0.31979999999999986,,
2026-03-05 16:15:33,1.5902,0.051,100.0,0.605,0.31979999999999986,,
2026-03-05 17:15:33,1.5965,-0.004,100.0,0.605,0.3134999999999999,,
2026-03-05 18:15:33,1.5996,0.135,100.0,0.605,0.3104,,
2026-03-05 19:15:33,1.5965,0.329,100.0,0.605,0.3134999999999999,,
2026-03-05 20:15:33,1.5965,0.301,100.0,0.605,0.3134999999999999,,
2026-03-05 21:15:33,1.5902,0.356,100.0,0.605,0.31979999999999986,,
2026-03-05 22:15:33,1.5902,0.55,100.0,0.577,0.31979999999999986,,
2026-03-05 23:15:33,1.5808,0.715,100.0,0.577,0.32919999999999994,,
2026-03-06 00:15:33,1.5839,0.852,100.0,0.577,0.32609999999999983,,
2026-03-06 01:15:33,1.5902,0.962,100.0,0.577,0.31979999999999986,,
2026-03-06 02:15:33,1.5902,1.099,100.0,0.577,0.31979999999999986,,
2026-03-06 03:15:33,,1.153,100.0,0.605,,,
2026-03-06 04:15:33,1.5902,1.398,100.0,0.577,0.31979999999999986,,
2026-03-06 05:15:33,1.5839,1.208,100.0,0.577,0.32609999999999983,,
2026-03-06 06:15:33,1.5839,1.751,100.0,0.577,0.32609999999999983,,
2026-03-06 07:15:33,1.587,1.534,100.0,0.577,0.32299999999999995,,
2026-03-06 08:15:33,1.587,2.155,100.0,0.577,0.32299999999999995,,
2026-03-06 09:15:33,1.5996,2.477,100.0,0.577,0.3104,,
2026-03-06 10:15:33,1.5965,2.37,100.0,0.577,0.3134999999999999,,
2026-03-06 11:15:33,1.5933,2.262,100.0,0.577,0.3167,,
2026-03-06 12:15:33,1.5996,2.343,100.0,0.577,0.3104,,
2026-03-06 13:15:33,1.6059,2.316,100.0,0.577,0.3040999999999998,,
2026-03-06 14:15:33,1.609,2.396,100.0,0.577,0.30099999999999993,,
2026-03-06 15:15:33,1.6122,2.343,100.0,0.577,0.29779999999999984,,
2026-03-06 16:15:33,1.6216,2.503,100.0,0.577,0.2884,,
2026-03-06 17:15:33,1.6153,2.209,100.0,0.577,0.29469999999999996,,
2026-03-06 18:15:33,1.6185,2.503,100.0,0.577,0.29149999999999987,,
2026-03-06 19:15:33,1.6122,2.93,100.0,0.577,0.29779999999999984,,
2026-03-06 20:15:33,1.6279,3.538,100.0,0.577,0.2821,,
2026-03-06 21:15:33,1.6247,3.775,100.0,0.55,0.2852999999999999,,
2026-03-06 22:15:33,1.6216,4.246,100.0,0.55,0.2884,,
2026-03-06 23:15:33,1.6404,4.324,100.0,0.55,0.26959999999999984,,
2026-03-07 00:15:33,1.6436,4.037,100.0,0.55,0.26639999999999997,,
2026-03-07 01:15:33,1.6467,4.141,100.0,0.55,0.26329999999999987,,
2026-03-07 02:15:33,1.653,3.906,100.0,0.522,0.2569999999999999,,
2026-03-07 03:15:33,1.6656,3.38,100.0,0.522,0.24439999999999995,,
2026-03-07 04:15:33,1.6499,2.956,100.0,0.522,0.2601,,
2026-03-07 05:15:33,1.6499,2.423,100.0,0.522,0.2601,,
2026-03-07 06:15:33,1.6499,2.69,100.0,0.522,0.2601,,
2026-03-07 07:15:33,1.6718,2.584,100.0,0.522,0.23819999999999997,,
2026-03-07 08:15:33,1.6593,2.744,100.0,0.522,0.2506999999999999,,
2026-03-07 09:15:33,1.6593,2.53,100.0,0.522,0.2506999999999999,,
2026-03-07 10:15:33,1.6593,2.236,100.0,0.522,0.2506999999999999,,
2026-03-07 11:15:33,1.6656,2.877,100.0,0.522,0.24439999999999995,,
2026-03-07 12:15:33,1.653,2.69,100.0,0.522,0.2569999999999999,,
2026-03-07 13:15:33,1.6593,2.45,100.0,0.522,0.2506999999999999,,
2026-03-07 14:15:33,1.675,2.074,100.0,0.522,0.23499999999999988,,
2026-03-07 15:15:33,1.6687,1.94,100.0,0.522,0.24129999999999985,,
2026-03-07 16:15:33,1.6561,1.507,100.0,0.522,0.2539,,
2026-03-07 17:15:33,1.6687,1.371,100.0,0.495,0.24129999999999985,,
2026-03-07 18:15:33,1.6718,0.687,100.0,0.495,0.23819999999999997,,
2026-03-07 19:15:33,1.6718,0.522,100.0,0.495,0.23819999999999997,,
2026-03-07 20:15:33,1.6593,0.19,100.0,0.467,0.2506999999999999,,
2026-03-07 21:15:33,1.6813,0.107,100.0,0.467,0.2286999999999999,,
2026-03-07 22:15:33,1.6844,-0.06,100.0,0.467,0.22560000000000002,,
2026-03-07 23:15:33,1.6813,-0.227,100.0,0.467,0.2286999999999999,,
2026-03-08 00:15:33,1.6813,-0.676,100.0,0.467,0.2286999999999999,,
2026-03-08 01:15:33,1.675,-0.902,100.0,0.467,0.23499999999999988,,
2026-03-08 02:15:33,1.6718,-2.334,100.0,0.467,0.23819999999999997,,
2026-03-08 03:15:33,1.675,-2.654,100.0,0.467,0.23499999999999988,,
2026-03-08 04:15:33,1.675,-2.683,100.0,0.467,0.23499999999999988,,
2026-03-08 05:15:33,1.6781,-3.449,100.0,0.495,0.2319,,
2026-03-08 06:15:33,1.675,-4.076,100.0,0.495,0.23499999999999988,,
2026-03-08 07:15:33,1.6718,-4.408,100.0,0.495,0.23819999999999997,,
2026-03-08 08:15:33,1.675,-4.712,100.0,0.495,0.23499999999999988,,
2026-03-08 09:15:33,1.675,-5.11,99.7,0.495,0.23499999999999988,,
2026-03-08 10:15:33,1.675,-4.59,100.0,0.495,0.23499999999999988,,
2026-03-08 11:15:33,1.6718,-4.348,100.0,0.495,0.23819999999999997,,
2026-03-08 12:15:33,1.6718,-4.016,100.0,0.495,0.23819999999999997,,
2026-03-08 13:15:33,1.7127,-3.896,100.0,0.495,0.19730000000000003,,
2026-03-08 14:15:33,1.7001,-4.287,100.0,0.495,0.20989999999999998,,
2026-03-08 15:15:33,1.6876,-4.106,100.0,0.522,0.22239999999999993,,
2026-03-08 16:15:33,1.6593,-4.197,100.0,0.522,0.2506999999999999,,
2026-03-08 17:15:33,,-4.926,99.9,0.522,,,
2026-03-08 18:15:33,1.7315,-5.854,99.2,0.522,0.17849999999999988,,
2026-03-08 19:15:33,1.7033,-6.642,99.0,0.522,0.20669999999999988,,
2026-03-08 20:15:33,1.7252,-6.674,98.8,0.522,0.18479999999999985,,
2026-03-08 21:15:33,1.7095,-6.642,98.7,0.522,0.2004999999999999,,
2026-03-08 22:15:33,1.6499,-6.834,98.5,0.522,0.2601,,
2026-03-08 23:15:33,1.653,-6.738,98.6,0.522,0.2569999999999999,,
2026-03-09 00:15:33,1.6561,-6.802,98.5,0.522,0.2539,,
2026-03-09 01:15:33,1.6624,-6.642,98.7,0.522,0.24759999999999982,,
2026-03-09 02:15:33,1.6781,-6.674,98.8,0.522,0.2319,,
2026-03-09 03:15:33,1.675,-6.898,98.5,0.522,0.23499999999999988,,
2026-03-09 04:15:33,1.6907,-6.866,98.4,0.522,0.21929999999999983,,
2026-03-09 05:15:33,1.6844,-6.738,98.4,0.522,0.22560000000000002,,
2026-03-09 06:15:33,1.6781,-7.026,98.5,0.522,0.2319,,
2026-03-09 07:15:33,,-7.058,98.7,0.522,,,
2026-03-09 08:15:33,1.7127,-7.122,98.2,0.522,0.19730000000000003,,
2026-03-09 09:15:33,1.7064,-7.122,98.0,0.522,0.2036,,
2026-03-09 10:15:33,1.6844,-6.706,98.1,0.522,0.22560000000000002,,
2026-03-09 11:15:33,1.675,-6.325,98.6,0.522,0.23499999999999988,,
2026-03-09 12:15:33,1.6844,-5.667,99.1,0.522,0.22560000000000002,,
2026-03-09 13:15:33,1.6593,-5.76,98.9,0.522,0.2506999999999999,,
2026-03-09 14:15:33,1.6656,-5.698,98.9,0.522,0.24439999999999995,,
2026-03-09 15:15:33,1.6561,-6.294,98.9,0.55,0.2539,,
2026-03-09 16:15:33,1.6593,-6.136,99.0,0.55,0.2506999999999999,,
2026-03-09 17:15:33,1.6624,-6.199,98.9,0.55,0.24759999999999982,,
2026-03-09 18:15:33,1.6624,-6.579,98.5,0.55,0.24759999999999982,,
2026-03-09 19:15:33,1.675,-7.155,98.3,0.55,0.23499999999999988,,
2026-03-09 20:15:33,1.675,-7.155,98.5,0.55,0.23499999999999988,,
2026-03-09 21:15:33,1.675,-7.413,98.1,0.55,0.23499999999999988,,
2026-03-09 22:15:33,1.6687,-7.251,98.1,0.55,0.24129999999999985,,
2026-03-09 23:15:33,1.697,-6.898,98.4,0.55,0.21299999999999986,,
2026-03-10 00:15:33,1.6781,-6.802,98.3,0.55,0.2319,,
2026-03-10 01:15:33,1.719,-6.579,98.7,0.55,0.19099999999999984,,
2026-03-10 02:15:33,1.6404,-6.452,98.7,0.55,0.26959999999999984,,
2026-03-10 03:15:33,1.5776,-6.231,99.0,0.55,0.33240000000000003,,
2026-03-10 04:15:33,1.5902,-6.199,98.9,0.55,0.31979999999999986,,
2026-03-10 05:15:33,1.6373,-6.168,99.0,0.55,0.27269999999999994,,
2026-03-10 06:15:33,1.5996,-6.073,99.0,0.55,0.3104,,
2026-03-10 07:15:33,1.5399,-6.042,99.0,0.55,0.3700999999999999,,
2026-03-10 08:15:33,1.5682,-5.823,99.1,0.55,0.3417999999999999,,
2026-03-10 09:15:33,,-6.01,98.9,0.55,,,
2026-03-10 10:15:33,1.5588,-5.698,99.1,0.55,0.35119999999999996,,
2026-03-10 11:15:33,1.5211,-5.388,99.3,0.55,0.3889,,
2026-03-10 12:15:33,,-5.76,99.1,0.55,,,
2026-03-10 13:15:33,1.5085,-4.926,99.3,0.55,0.40149999999999997,,
2026-03-10 14:15:33,1.4583,-5.11,99.1,0.55,0.4517,,
2026-03-10 15:15:33,1.4803,-5.202,99.3,0.577,0.42969999999999997,,
2026-03-10 16:15:33,1.5054,-5.605,99.1,0.55,0.40459999999999985,,
2026-03-10 17:15:33,1.4426,-5.854,98.9,0.577,0.4673999999999998,,
2026-03-10 18:15:33,1.4489,-6.738,98.8,0.577,0.46109999999999984,,
2026-03-10 19:15:33,1.4489,-6.802,98.6,0.577,0.46109999999999984,,
2026-03-10 20:15:33,1.4551,-6.706,98.5,0.577,0.45489999999999986,,
2026-03-10 21:15:33,1.4489,-6.834,98.6,0.577,0.46109999999999984,,
2026-03-10 22:15:33,1.4708,-6.61,98.7,0.577,0.4391999999999998,,
2026-03-10 23:15:33,1.4834,-6.642,98.6,0.577,0.42659999999999987,,
2026-03-11 00:15:33,1.4834,-6.834,98.5,0.577,0.42659999999999987,,
2026-03-11 01:15:33,1.4991,-6.579,98.8,0.577,0.4108999999999998,,
2026-03-11 02:15:33,1.474,-6.199,99.0,0.577,0.43599999999999994,,
2026-03-11 03:15:33,1.4708,-5.948,98.9,0.577,0.4391999999999998,,
2026-03-11 04:15:33,1.4614,-5.76,99.2,0.577,0.4485999999999999,,
2026-03-11 05:15:33,1.4269,-5.48,99.4,0.577,0.48309999999999986,,
2026-03-11 06:15:33,1.4112,-5.202,99.4,0.577,0.4987999999999999,,
2026-03-11 07:15:33,1.4174,-5.11,99.5,0.577,0.4925999999999999,,
2026-03-11 08:15:33,1.4206,-4.895,99.6,0.577,0.48939999999999984,,
2026-03-11 09:15:33,1.4331,-4.378,99.8,0.55,0.4768999999999999,,
2026-03-11 10:15:33,1.4269,-3.657,100.0,0.577,0.48309999999999986,,
2026-03-11 11:15:33,1.408,-3.153,100.0,0.577,0.502,,
2026-03-11 12:15:33,1.4049,-2.859,100.0,0.577,0.5050999999999999,,
2026-03-11 13:15:33,1.4174,-2.625,100.0,0.577,0.4925999999999999,,
2026-03-11 14:15:33,1.4583,-2.625,100.0,0.577,0.4517,,
2026-03-11 15:15:33,1.3892,-2.976,100.0,0.55,0.5207999999999999,,
2026-03-11 16:15:33,1.3452,-2.189,100.0,0.577,0.5648,,
2026-03-11 17:15:33,1.3483,-2.421,100.0,0.577,0.5616999999999999,,
2026-03-11 18:15:33,1.3201,-2.976,100.0,0.577,0.5898999999999999,,
2026-03-11 19:15:33,1.2918,-4.834,99.9,0.577,0.6181999999999999,,
2026-03-11 20:15:33,1.3044,-5.264,99.7,0.577,0.6055999999999999,,
2026-03-11 21:15:33,1.3232,-5.511,99.6,0.577,0.5868,,
2026-03-11 22:15:33,1.3264,-5.605,99.5,0.577,0.5835999999999999,,
2026-03-11 23:15:33,1.3295,-6.01,99.2,0.577,0.5805,,
2026-03-12 00:15:33,1.3326,-6.168,99.2,0.577,0.5773999999999999,,
2026-03-12 01:15:33,1.3295,-5.916,99.3,0.577,0.5805,,
2026-03-12 02:15:33,1.3546,-5.823,99.4,0.577,0.5553999999999999,,
2026-03-12 03:15:33,1.3515,-5.916,99.2,0.577,0.5585,,
2026-03-12 04:15:33,1.3326,-6.105,99.2,0.577,0.5773999999999999,,
2026-03-12 05:15:33,1.3515,-6.802,98.7,0.577,0.5585,,
2026-03-12 06:15:33,1.3578,-7.155,98.5,0.577,0.5522,,
2026-03-12 07:15:33,1.3609,-7.09,98.5,0.577,0.5490999999999999,,
2026-03-12 08:15:33,1.3798,-6.962,98.5,0.577,0.5302,,
2026-03-12 09:15:33,1.3766,-6.642,98.7,0.577,0.5333999999999999,,
2026-03-12 10:15:33,1.3295,-6.325,98.8,0.577,0.5805,,
2026-03-12 11:15:33,1.3389,-6.073,98.9,0.577,0.5710999999999999,,
2026-03-12 12:15:33,,-5.449,99.2,0.577,,,
2026-03-12 13:15:33,1.3107,-5.326,99.4,0.577,0.5992999999999999,,
2026-03-12 14:15:33,1.3107,-5.264,99.2,0.577,0.5992999999999999,,
2026-03-12 15:15:33,1.3044,-5.48,99.2,0.577,0.6055999999999999,,
2026-03-12 16:15:33,1.273,-5.418,99.4,0.577,0.637,,
2026-03-12 17:15:33,1.2761,-5.76,99.1,0.577,0.6338999999999999,,
2026-03-12 18:15:33,1.2855,-6.136,99.0,0.577,0.6244999999999998,,
2026-03-12 19:15:33,1.3295,-6.231,99.0,0.577,0.5805,,
2026-03-12 20:15:33,1.2824,-6.199,99.0,0.577,0.6275999999999999,,
2026-03-12 21:15:33,1.3295,-6.262,99.1,0.577,0.5805,,
2026-03-12 22:15:33,1.3044,-6.294,99.0,0.577,0.6055999999999999,,
2026-03-12 23:15:33,1.3264,-6.388,98.9,0.577,0.5835999999999999,,
2026-03-13 00:15:33,1.3264,-6.515,98.9,0.577,0.5835999999999999,,
2026-03-13 01:15:33,1.3295,-6.547,98.9,0.577,0.5805,,
2026-03-13 02:15:33,1.3389,-6.674,98.8,0.577,0.5710999999999999,,
2026-03-13 03:15:33,1.3326,-7.122,98.5,0.577,0.5773999999999999,,
2026-03-13 04:15:33,1.3295,-7.316,98.4,0.577,0.5805,,
2026-03-13 05:15:33,1.3232,-7.478,98.3,0.577,0.5868,,
2026-03-13 06:15:33,1.3295,-7.673,98.2,0.577,0.5805,,
2026-03-13 07:15:33,1.3326,-7.738,98.1,0.577,0.5773999999999999,,
2026-03-13 08:15:33,1.3326,-7.836,98.0,0.577,0.5773999999999999,,
2026-03-13 09:15:33,1.3389,-7.64,98.1,0.577,0.5710999999999999,,
2026-03-13 10:15:33,1.3452,-7.187,98.4,0.577,0.5648,,
2026-03-13 11:15:33,1.3578,-6.834,98.5,0.577,0.5522,,
2026-03-13 12:15:33,1.3609,-6.452,98.7,0.577,0.5490999999999999,,
2026-03-13 13:15:33,1.364,-5.823,98.9,0.577,0.5459999999999998,,
2026-03-13 14:15:33,1.364,-4.804,99.1,0.577,0.5459999999999998,,
2026-03-13 15:15:33,1.3609,-4.53,99.4,0.577,0.5490999999999999,,
2026-03-13 16:15:33,1.3578,-4.834,99.5,0.577,0.5522,,
2026-03-13 17:15:33,1.364,-4.926,99.6,0.577,0.5459999999999998,,
2026-03-13 18:15:33,1.3609,-5.172,99.6,0.577,0.5490999999999999,,
2026-03-13 19:15:33,1.364,-5.791,99.3,0.577,0.5459999999999998,,
2026-03-13 20:15:33,1.3452,-6.199,99.2,0.577,0.5648,,
2026-03-13 21:15:33,1.3735,-6.738,98.6,0.577,0.5365,,
2026-03-13 22:15:33,1.364,-7.026,98.6,0.577,0.5459999999999998,,
2026-03-13 23:15:33,1.3703,-7.673,98.2,0.577,0.5396999999999998,,
2026-03-14 00:15:33,1.3672,-8.198,97.7,0.577,0.5428,,
2026-03-14 01:15:33,1.3515,-8.697,97.5,0.577,0.5585,,
2026-03-14 02:15:33,1.3483,-9.405,97.1,0.605,0.5616999999999999,,
2026-03-14 03:15:33,1.3483,-9.782,96.8,0.605,0.5616999999999999,,
2026-03-14 04:15:33,1.3515,-9.644,96.9,0.577,0.5585,,
2026-03-14 05:15:33,1.3483,-9.508,97.1,0.605,0.5616999999999999,,
2026-03-14 06:15:33,1.3483,-9.747,96.8,0.605,0.5616999999999999,,
2026-03-14 07:15:33,1.3483,-9.919,96.7,0.605,0.5616999999999999,,
2026-03-14 08:15:33,1.3515,-9.405,97.1,0.577,0.5585,,
2026-03-14 09:15:33,1.3546,-8.63,97.5,0.577,0.5553999999999999,,
2026-03-14 10:15:33,1.3515,-7.316,98.0,0.577,0.5585,,
2026-03-14 11:15:33,1.3515,-5.667,98.5,0.577,0.5585,,
2026-03-14 12:15:33,1.3483,-4.865,99.0,0.577,0.5616999999999999,,
2026-03-14 13:15:33,1.3546,-3.926,99.5,0.577,0.5553999999999999,,
2026-03-14 14:15:33,1.3546,-4.016,99.4,0.577,0.5553999999999999,,
2026-03-14 15:15:33,1.3609,-4.167,99.5,0.577,0.5490999999999999,,
2026-03-14 16:15:33,1.3578,-3.926,100.0,0.577,0.5522,,
2026-03-14 17:15:33,1.3515,-4.53,99.7,0.577,0.5585,,
2026-03-14 18:15:33,1.3515,-4.895,99.6,0.577,0.5585,,
2026-03-14 19:15:33,1.3515,-5.264,99.5,0.577,0.5585,,
2026-03-14 20:15:33,1.3515,-5.11,99.5,0.577,0.5585,,
2026-03-14 21:15:33,1.3578,-5.11,99.6,0.577,0.5522,,
2026-03-14 22:15:33,1.3578,-5.233,99.5,0.577,0.5522,,
2026-03-14 23:15:33,1.364,-5.264,99.4,0.577,0.5459999999999998,,
2026-03-15 00:15:33,1.3672,-5.295,99.4,0.577,0.5428,,
2026-03-15 01:15:33,1.3672,-5.418,99.4,0.577,0.5428,,
2026-03-15 02:15:33,1.364,-5.605,99.2,0.577,0.5459999999999998,,
2026-03-15 03:15:33,1.3609,-5.605,99.3,0.577,0.5490999999999999,,
2026-03-15 04:15:33,1.386,-5.667,99.1,0.577,0.524,,
2026-03-15 05:15:33,1.408,-5.574,99.3,0.577,0.502,,
2026-03-15 06:15:33,1.3609,-5.357,99.3,0.577,0.5490999999999999,,
2026-03-15 07:15:33,1.3829,-5.264,99.4,0.577,0.5270999999999999,,
2026-03-15 08:15:33,1.3609,-5.049,99.6,0.577,0.5490999999999999,,
2026-03-15 09:15:33,1.4017,-4.408,99.9,0.577,0.5083,,
2026-03-15 10:15:33,1.3389,-4.197,100.0,0.577,0.5710999999999999,,
2026-03-15 11:15:33,1.3295,-3.986,100.0,0.577,0.5805,,
2026-03-15 12:15:33,1.3578,-3.807,100.0,0.577,0.5522,,
2026-03-15 13:15:33,1.3232,-3.777,100.0,0.577,0.5868,,
2026-03-15 14:15:33,1.3326,-3.508,100.0,0.577,0.5773999999999999,,
2026-03-15 15:15:33,1.3044,-3.094,100.0,0.577,0.6055999999999999,,
2026-03-15 16:15:33,1.2792,-2.83,100.0,0.577,0.6308,,
2026-03-15 17:15:33,1.2698,-2.305,100.0,0.577,0.6401999999999999,,
2026-03-15 18:15:33,1.2761,-1.498,100.0,0.577,0.6338999999999999,,
2026-03-15 19:15:33,1.2604,-0.986,100.0,0.577,0.6496,,
2026-03-15 20:15:33,1.2478,-0.283,100.0,0.577,0.6621999999999999,,
2026-03-15 21:15:33,1.2541,0.024,100.0,0.577,0.6558999999999999,,
2026-03-15 22:15:33,1.251,0.273,100.0,0.577,0.659,,
2026-03-15 23:15:33,1.2604,0.55,100.0,0.577,0.6496,,
2026-03-16 00:15:33,1.2887,0.852,100.0,0.577,0.6213,,
2026-03-16 01:15:33,1.2855,1.262,100.0,0.577,0.6244999999999998,,
2026-03-16 02:15:33,1.2824,1.805,100.0,0.577,0.6275999999999999,,
2026-03-16 03:15:33,1.295,1.886,100.0,0.55,0.615,,
2026-03-16 04:15:33,1.2855,2.396,100.0,0.55,0.6244999999999998,,
2026-03-16 05:15:33,1.295,3.089,100.0,0.55,0.615,,
2026-03-16 06:15:33,1.3201,2.664,100.0,0.55,0.5898999999999999,,
2026-03-16 07:15:33,1.3169,2.983,100.0,0.55,0.5931,,
2026-03-16 08:15:33,1.3295,2.983,100.0,0.55,0.5805,,
2026-03-16 09:15:33,1.3358,3.775,100.0,0.55,0.5741999999999998,,
2026-03-16 10:15:33,1.3358,3.801,100.0,0.522,0.5741999999999998,,
2026-03-16 11:15:33,1.3515,3.775,100.0,0.522,0.5585,,
2026-03-16 12:15:33,1.3829,3.142,100.0,0.522,0.5270999999999999,,
2026-03-16 13:15:33,1.364,2.903,100.0,0.522,0.5459999999999998,,
2026-03-16 14:15:33,1.4017,3.248,100.0,0.522,0.5083,,
2026-03-16 15:15:33,1.408,2.956,100.0,0.522,0.502,,
2026-03-16 16:15:33,1.3986,2.584,100.0,0.522,0.5113999999999999,,
2026-03-16 17:15:33,1.4331,2.477,100.0,0.522,0.4768999999999999,,
2026-03-16 18:15:33,1.4331,2.45,100.0,0.495,0.4768999999999999,,
2026-03-16 19:15:33,1.4457,2.69,100.0,0.495,0.46429999999999993,,
2026-03-16 20:15:33,1.4331,2.983,100.0,0.467,0.4768999999999999,,
2026-03-16 21:15:33,1.474,3.063,100.0,0.467,0.43599999999999994,,
2026-03-16 22:15:33,1.4551,2.637,100.0,0.467,0.45489999999999986,,
2026-03-16 23:15:33,1.4928,3.274,100.0,0.467,0.4172,,
2026-03-17 00:15:33,1.496,3.089,100.0,0.467,0.4139999999999999,,
2026-03-17 01:15:33,1.4551,2.93,100.0,0.467,0.45489999999999986,,
2026-03-17 02:15:33,1.496,3.063,100.0,0.467,0.4139999999999999,,
2026-03-17 03:15:33,1.4991,3.301,100.0,0.467,0.4108999999999998,,
2026-03-17 04:15:33,1.4834,3.433,100.0,0.439,0.42659999999999987,,
2026-03-17 05:15:33,1.4897,3.142,100.0,0.439,0.4202999999999999,,
2026-03-17 06:15:33,1.4991,3.089,100.0,0.439,0.4108999999999998,,
2026-03-17 07:15:33,1.5148,3.116,100.0,0.439,0.3952,,
2026-03-17 08:15:33,1.5022,3.063,100.0,0.439,0.40779999999999994,,
2026-03-17 09:15:33,1.5085,3.301,100.0,0.439,0.40149999999999997,,
2026-03-17 10:15:33,1.5179,3.274,100.0,0.439,0.3920999999999999,,
2026-03-17 11:15:33,1.5337,3.88,100.0,0.439,0.37629999999999986,,
2026-03-17 12:15:33,1.5399,3.827,100.0,0.412,0.3700999999999999,,
2026-03-17 13:15:33,1.5337,4.298,100.0,0.412,0.37629999999999986,,
2026-03-17 14:15:33,1.5337,4.35,100.0,0.412,0.37629999999999986,,
2026-03-17 15:15:33,1.5462,4.532,100.0,0.412,0.3637999999999999,,
2026-03-17 16:15:33,1.5682,4.141,100.0,0.412,0.3417999999999999,,
2026-03-17 17:15:33,1.5525,4.532,100.0,0.412,0.35749999999999993,,
2026-03-17 18:15:33,1.5619,4.584,100.0,0.412,0.34809999999999985,,
2026-03-17 19:15:33,1.5525,4.558,100.0,0.412,0.35749999999999993,,
2026-03-17 20:15:33,1.5902,4.22,100.0,0.412,0.31979999999999986,,
2026-03-17 21:15:33,1.5839,4.35,100.0,0.412,0.32609999999999983,,
2026-03-17 22:15:33,1.5902,4.558,100.0,0.384,0.31979999999999986,,
2026-03-17 23:15:33,1.6185,4.532,100.0,0.384,0.29149999999999987,,
2026-03-18 00:15:33,1.6028,4.141,100.0,0.384,0.3071999999999999,,
2026-03-18 01:15:33,1.6153,3.512,100.0,0.384,0.29469999999999996,,
2026-03-18 02:15:33,1.6122,4.011,100.0,0.384,0.29779999999999984,,
2026-03-18 03:15:33,1.6028,3.958,100.0,0.384,0.3071999999999999,,
2026-03-18 04:15:33,1.6342,3.932,100.0,0.356,0.2757999999999998,,
2026-03-18 05:15:33,1.5902,3.274,99.9,0.384,0.31979999999999986,,
2026-03-18 06:15:33,1.6373,3.142,98.1,0.356,0.27269999999999994,,
2026-03-18 07:15:33,1.6342,2.85,96.3,0.384,0.2757999999999998,,
2026-03-18 08:15:33,1.6373,2.128,100.0,0.384,0.27269999999999994,,
2026-03-18 09:15:33,1.6247,2.823,99.2,0.356,0.2852999999999999,,
2026-03-18 10:15:33,1.6185,2.956,100.0,0.356,0.29149999999999987,,
2026-03-18 11:15:33,1.609,3.749,100.0,0.356,0.30099999999999993,,
2026-03-18 12:15:33,1.6247,4.402,100.0,0.356,0.2852999999999999,,
2026-03-18 13:15:33,1.6436,4.584,100.0,0.356,0.26639999999999997,,
2026-03-18 14:15:33,1.6718,4.766,100.0,0.356,0.23819999999999997,,
2026-03-18 15:15:33,1.6499,4.921,100.0,0.356,0.2601,,
2026-03-18 16:15:33,1.6467,4.298,100.0,0.356,0.26329999999999987,,
2026-03-18 17:15:33,1.6813,3.854,100.0,0.356,0.2286999999999999,,
2026-03-18 18:15:33,1.6499,4.011,100.0,0.356,0.2601,,
2026-03-18 19:15:33,1.6593,3.433,100.0,0.356,0.2506999999999999,,
2026-03-18 20:15:33,1.6844,3.722,100.0,0.356,0.22560000000000002,,
2026-03-18 21:15:33,1.6499,3.749,100.0,0.356,0.2601,,
2026-03-18 22:15:33,1.7001,3.459,100.0,0.356,0.20989999999999998,,
2026-03-18 23:15:33,1.653,3.195,100.0,0.356,0.2569999999999999,,
2026-03-19 00:15:33,1.6844,2.903,100.0,0.356,0.22560000000000002,,
2026-03-19 01:15:33,1.6907,2.797,100.0,0.356,0.21929999999999983,,
2026-03-19 02:15:33,1.6876,2.61,100.0,0.356,0.22239999999999993,,
2026-03-19 03:15:33,1.6876,2.396,100.0,0.356,0.22239999999999993,,
2026-03-19 04:15:33,1.697,2.477,100.0,0.356,0.21299999999999986,,
2026-03-19 05:15:33,1.6938,2.477,100.0,0.356,0.21619999999999995,,
2026-03-19 06:15:33,1.7064,2.262,100.0,0.356,0.2036,,
2026-03-19 07:15:33,1.7033,2.343,100.0,0.356,0.20669999999999988,,
2026-03-19 08:15:33,1.6813,2.209,100.0,0.356,0.2286999999999999,,
2026-03-19 09:15:33,1.7033,2.289,100.0,0.356,0.20669999999999988,,
2026-03-19 10:15:33,1.6813,2.289,100.0,0.356,0.2286999999999999,,
2026-03-19 11:15:33,1.7033,2.61,100.0,0.356,0.20669999999999988,,
2026-03-19 12:15:33,1.6876,3.036,100.0,0.356,0.22239999999999993,,
2026-03-19 13:15:33,1.7095,3.274,100.0,0.356,0.2004999999999999,,
2026-03-19 14:15:33,1.7127,3.749,100.0,0.356,0.19730000000000003,,
2026-03-19 15:15:33,1.719,3.617,100.0,0.356,0.19099999999999984,,
2026-03-19 16:15:33,1.697,3.643,100.0,0.356,0.21299999999999986,,
2026-03-19 17:15:33,1.6938,3.958,100.0,0.356,0.21619999999999995,,
2026-03-19 18:15:33,1.7001,3.854,100.0,0.356,0.20989999999999998,,
2026-03-19 19:15:33,1.7095,4.35,100.0,0.356,0.2004999999999999,,
2026-03-19 20:15:33,1.697,4.688,100.0,0.356,0.21299999999999986,,
2026-03-19 21:15:33,1.7001,4.584,100.0,0.356,0.20989999999999998,,
2026-03-19 22:15:33,1.7064,4.506,100.0,0.356,0.2036,,
2026-03-19 23:15:33,1.7315,4.376,100.0,0.356,0.17849999999999988,,
2026-03-20 00:15:33,1.7347,4.194,100.0,0.356,0.1753,,
2026-03-20 01:15:33,1.7001,4.063,100.0,0.356,0.20989999999999998,,
2026-03-20 02:15:33,1.7347,3.827,100.0,0.329,0.1753,,
2026-03-20 03:15:33,1.7127,3.564,100.0,0.329,0.19730000000000003,,
2026-03-20 04:15:33,1.719,2.664,100.0,0.329,0.19099999999999984,,
2026-03-20 05:15:33,1.7566,2.45,100.0,0.329,0.15339999999999998,,
2026-03-20 06:15:33,1.7409,1.886,100.0,0.329,0.16910000000000003,,
2026-03-20 07:15:33,1.7347,1.18,100.0,0.329,0.1753,,
2026-03-20 08:15:33,1.7347,0.19,100.0,0.329,0.1753,,
2026-03-20 09:15:33,1.7409,-1.1,100.0,0.329,0.16910000000000003,,
2026-03-20 10:15:33,1.7566,-1.556,100.0,0.329,0.15339999999999998,,
2026-03-20 11:15:33,1.7504,-1.556,100.0,0.329,0.15959999999999996,,
2026-03-20 12:15:33,1.7535,-1.356,100.0,0.356,0.15649999999999986,,
2026-03-20 13:15:33,1.7535,-1.071,100.0,0.356,0.15649999999999986,,
2026-03-20 14:15:33,1.7441,-1.441,100.0,0.356,0.16589999999999994,,
2026-03-20 15:15:33,1.7409,-1.613,100.0,0.356,0.16910000000000003,,
2026-03-20 16:15:33,1.7441,-1.785,100.0,0.356,0.16589999999999994,,
2026-03-20 17:15:33,1.7441,-2.102,100.0,0.356,0.16589999999999994,,
2026-03-20 18:15:33,1.7598,-2.947,100.0,0.356,0.1501999999999999,,
2026-03-20 19:15:33,1.7535,-3.035,100.0,0.356,0.15649999999999986,,
2026-03-20 20:15:33,1.7629,-3.419,100.0,0.356,0.1471,,
2026-03-20 21:15:33,1.7629,-3.836,100.0,0.356,0.1471,,
2026-03-20 22:15:33,1.7535,-3.896,100.0,0.356,0.15649999999999986,,
2026-03-20 23:15:33,1.7598,-3.747,100.0,0.384,0.1501999999999999,,
2026-03-21 00:15:33,1.7535,-3.926,100.0,0.384,0.15649999999999986,,
2026-03-21 01:15:33,1.7504,-4.59,100.0,0.384,0.15959999999999996,,
2026-03-21 02:15:33,1.7504,-5.141,100.0,0.384,0.15959999999999996,,
2026-03-21 03:15:33,1.7535,-5.388,100.0,0.384,0.15649999999999986,,
2026-03-21 04:15:33,1.7472,-6.515,99.3,0.412,0.16279999999999983,,
2026-03-21 05:15:33,1.7472,-6.706,99.0,0.412,0.16279999999999983,,
2026-03-21 06:15:33,1.7472,-6.357,99.3,0.412,0.16279999999999983,,
2026-03-21 07:15:33,1.7472,-6.262,99.2,0.412,0.16279999999999983,,
2026-03-21 08:15:33,1.7472,-5.823,99.5,0.412,0.16279999999999983,,
2026-03-21 09:15:33,1.7441,-4.926,99.9,0.412,0.16589999999999994,,
2026-03-21 10:15:33,1.7441,-4.046,99.8,0.412,0.16589999999999994,,
2026-03-21 11:15:33,1.7504,-3.657,98.9,0.412,0.15959999999999996,,
2026-03-21 12:15:33,1.7566,-2.976,98.7,0.412,0.15339999999999998,,
2026-03-21 13:15:33,1.7598,-1.986,97.2,0.412,0.1501999999999999,,
2026-03-21 14:15:33,1.7535,-2.654,98.3,0.412,0.15649999999999986,,
2026-03-21 15:15:33,1.7661,-2.683,98.0,0.412,0.14389999999999992,,
2026-03-21 16:15:33,1.7786,-3.183,100.0,0.412,0.13139999999999996,,
2026-03-21 17:15:33,1.7504,-3.035,100.0,0.412,0.15959999999999996,,
2026-03-21 18:15:33,1.7755,-2.8,100.0,0.412,0.13449999999999984,,
2026-03-21 19:15:33,1.7881,-2.771,100.0,0.412,0.1218999999999999,,
2026-03-21 20:15:33,1.7033,-2.918,100.0,0.439,0.20669999999999988,,
2026-03-21 21:15:33,1.697,-3.242,100.0,0.439,0.21299999999999986,,
2026-03-21 22:15:33,,-3.956,100.0,0.439,,,
2026-03-21 23:15:33,1.6499,-4.469,100.0,0.439,0.2601,,
2026-03-22 00:15:33,1.6656,-4.895,100.0,0.439,0.24439999999999995,,
2026-03-22 01:15:33,1.6656,-5.605,99.7,0.439,0.24439999999999995,,
2026-03-22 02:15:33,1.6718,-6.93,98.7,0.439,0.23819999999999997,,
2026-03-22 03:15:33,1.6781,-6.93,98.8,0.439,0.2319,,
2026-03-22 04:15:33,1.6844,-6.898,99.0,0.439,0.22560000000000002,,
2026-03-22 05:15:33,1.6844,-6.866,98.8,0.439,0.22560000000000002,,
2026-03-22 06:15:33,1.6844,-7.09,98.7,0.467,0.22560000000000002,,
2026-03-22 07:15:33,1.6876,-6.93,98.8,0.467,0.22239999999999993,,
2026-03-22 08:15:33,1.6876,-6.515,99.0,0.467,0.22239999999999993,,
2026-03-22 09:15:33,1.6876,-6.674,98.6,0.467,0.22239999999999993,,
2026-03-22 10:15:33,1.6876,-5.636,99.2,0.439,0.22239999999999993,,
2026-03-22 11:15:33,1.6938,-4.651,99.4,0.467,0.21619999999999995,,
2026-03-22 12:15:33,1.697,-4.378,99.4,0.467,0.21299999999999986,,
2026-03-22 13:15:33,1.6907,-3.687,99.8,0.467,0.21929999999999983,,
2026-03-22 14:15:33,1.7033,-3.449,100.0,0.467,0.20669999999999988,,
2026-03-22 15:15:33,1.7064,-3.419,99.4,0.467,0.2036,,
2026-03-22 16:15:33,1.7064,-3.777,98.9,0.467,0.2036,,
2026-03-22 17:15:33,1.7221,-3.926,98.7,0.467,0.18789999999999996,,
2026-03-22 18:15:33,1.719,-4.56,98.1,0.467,0.19099999999999984,,
2026-03-22 19:15:33,1.7221,-4.651,96.2,0.467,0.18789999999999996,,
2026-03-22 20:15:33,1.7284,-4.865,96.1,0.467,0.18159999999999998,,
2026-03-22 21:15:33,1.7284,-5.018,96.3,0.467,0.18159999999999998,,
2026-03-22 22:15:33,1.7315,-4.834,95.2,0.467,0.17849999999999988,,
2026-03-22 23:15:33,1.7315,-4.682,94.7,0.467,0.17849999999999988,,
2026-03-23 00:15:33,1.7315,-4.56,93.4,0.467,0.17849999999999988,,
2026-03-23 01:15:33,1.7347,-4.59,94.3,0.467,0.1753,,
2026-03-23 02:15:33,1.7472,-4.167,94.3,0.467,0.16279999999999983,,
2026-03-23 03:15:33,1.7472,-3.747,95.2,0.467,0.16279999999999983,,
2026-03-23 04:15:33,1.7472,-3.449,95.6,0.467,0.16279999999999983,,
2026-03-23 05:15:33,1.7472,-3.449,96.2,0.467,0.16279999999999983,,
2026-03-23 06:15:33,1.7441,-3.301,96.7,0.467,0.16589999999999994,,
2026-03-23 07:15:33,1.7566,-3.065,97.3,0.467,0.15339999999999998,,
2026-03-23 08:15:33,1.7252,-2.712,98.8,0.467,0.18479999999999985,,
2026-03-23 09:15:33,1.719,-2.276,97.7,0.467,0.19099999999999984,,
2026-03-23 10:15:33,1.7033,-2.015,97.6,0.467,0.20669999999999988,,
2026-03-23 11:15:33,1.7064,-1.527,96.7,0.467,0.2036,,
2026-03-23 12:15:33,1.6938,-1.242,96.6,0.467,0.21619999999999995,,
2026-03-23 13:15:33,1.697,-0.93,98.6,0.467,0.21299999999999986,,
2026-03-23 14:15:33,1.6938,-1.043,100.0,0.467,0.21619999999999995,,
2026-03-23 15:15:33,1.7001,-0.873,98.2,0.467,0.20989999999999998,,
2026-03-23 16:15:33,1.6938,-1.043,98.6,0.467,0.21619999999999995,,
2026-03-23 17:15:33,1.7001,-1.185,99.7,0.467,0.20989999999999998,,
2026-03-23 18:15:33,1.7001,-1.384,100.0,0.467,0.20989999999999998,,
2026-03-23 19:15:33,1.697,-1.727,100.0,0.467,0.21299999999999986,,
2026-03-23 20:15:33,1.697,-1.756,99.8,0.467,0.21299999999999986,,
2026-03-23 21:15:33,1.7033,-1.727,99.1,0.467,0.20669999999999988,,
2026-03-23 22:15:33,1.7064,-1.929,98.6,0.467,0.2036,,
2026-03-23 23:15:33,1.7064,-1.9,99.4,0.467,0.2036,,
2026-03-24 00:15:33,1.7158,-2.276,100.0,0.467,0.19419999999999993,,
2026-03-24 01:15:33,1.7033,-2.45,100.0,0.467,0.20669999999999988,,
2026-03-24 02:15:33,1.7033,-2.566,100.0,0.495,0.20669999999999988,,
2026-03-24 03:15:33,1.6844,-2.888,100.0,0.467,0.22560000000000002,,
2026-03-24 04:15:33,1.7127,-2.976,100.0,0.495,0.19730000000000003,,
2026-03-24 05:15:33,1.6876,-3.065,100.0,0.495,0.22239999999999993,,
2026-03-24 06:15:33,1.6404,-3.242,100.0,0.495,0.26959999999999984,,
2026-03-24 07:15:33,1.6561,-3.479,100.0,0.495,0.2539,,
2026-03-24 08:15:33,1.6499,-3.33,100.0,0.495,0.2601,,
2026-03-24 09:15:33,1.6436,-3.035,100.0,0.495,0.26639999999999997,,
2026-03-24 10:15:33,1.653,-2.596,100.0,0.495,0.2569999999999999,,
2026-03-24 11:15:33,1.6373,-1.756,100.0,0.495,0.27269999999999994,,
2026-03-24 12:15:33,1.6436,-0.873,100.0,0.495,0.26639999999999997,,
2026-03-24 13:15:33,1.6122,0.412,100.0,0.467,0.29779999999999984,,
2026-03-24 14:15:33,1.5965,1.208,100.0,0.495,0.3134999999999999,,
2026-03-24 15:15:33,1.587,1.344,100.0,0.467,0.32299999999999995,,
2026-03-24 16:15:33,1.6059,-0.004,100.0,0.467,0.3040999999999998,,
2026-03-24 17:15:33,1.6059,-0.958,100.0,0.495,0.3040999999999998,,
2026-03-24 18:15:33,1.6153,-1.384,100.0,0.495,0.29469999999999996,,
2026-03-24 19:15:33,1.6185,-1.584,100.0,0.467,0.29149999999999987,,
2026-03-24 20:15:33,1.6279,-1.842,100.0,0.495,0.2821,,
2026-03-24 21:15:33,1.609,-2.073,100.0,0.495,0.30099999999999993,,
2026-03-24 22:15:33,,-2.8,100.0,0.495,,,
2026-03-24 23:15:33,1.609,-3.598,100.0,0.495,0.30099999999999993,,
2026-03-25 00:15:33,1.5839,-4.499,100.0,0.495,0.32609999999999983,,
2026-03-25 01:15:33,1.5651,-4.348,100.0,0.495,0.3449,,
2026-03-25 02:15:33,1.5808,-4.53,100.0,0.495,0.32919999999999994,,
2026-03-25 03:15:33,1.5431,-4.499,100.0,0.495,0.3669,,
2026-03-25 04:15:33,1.5713,-4.469,100.0,0.495,0.3387,,
2026-03-25 05:15:33,1.5902,-4.712,100.0,0.495,0.31979999999999986,,
2026-03-25 06:15:33,1.5274,-4.651,100.0,0.495,0.38259999999999983,,
2026-03-25 07:15:33,1.5085,-4.743,100.0,0.495,0.40149999999999997,,
2026-03-25 08:15:33,1.5117,-4.56,100.0,0.495,0.3982999999999999,,
2026-03-25 09:15:33,1.5525,-4.197,100.0,0.495,0.35749999999999993,,
2026-03-25 10:15:33,1.5117,-4.348,100.0,0.495,0.3982999999999999,,
2026-03-25 11:15:33,1.5274,-4.046,100.0,0.495,0.38259999999999983,,
2026-03-25 12:15:33,1.5242,-4.016,100.0,0.495,0.3857999999999999,,
2026-03-25 13:15:33,1.5179,-4.076,100.0,0.495,0.3920999999999999,,
2026-03-25 14:15:33,1.5745,-4.137,100.0,0.495,0.3354999999999999,,
2026-03-25 15:15:33,1.4928,-4.197,100.0,0.495,0.4172,,
2026-03-25 16:15:33,1.4991,-4.59,100.0,0.495,0.4108999999999998,,
2026-03-25 17:15:33,1.4363,-4.834,100.0,0.522,0.4737,,
2026-03-25 18:15:33,1.4646,-4.682,100.0,0.522,0.4454,,
2026-03-25 19:15:33,1.4049,-4.926,100.0,0.522,0.5050999999999999,,
2026-03-25 20:15:33,1.4269,-5.264,100.0,0.522,0.48309999999999986,,
2026-03-25 21:15:33,1.4206,-5.698,99.6,0.522,0.48939999999999984,,
2026-03-25 22:15:33,1.4174,-5.948,99.6,0.522,0.4925999999999999,,
2026-03-25 23:15:33,1.4174,-6.042,99.6,0.522,0.4925999999999999,,
2026-03-26 00:15:33,1.4174,-6.325,99.3,0.522,0.4925999999999999,,
2026-03-26 01:15:33,1.4143,-5.698,99.7,0.522,0.49570000000000003,,
2026-03-26 02:15:33,1.4112,-5.449,99.8,0.495,0.4987999999999999,,
2026-03-26 03:15:33,1.43,-5.418,99.9,0.522,0.48,,
2026-03-26 04:15:33,1.474,-5.079,99.9,0.495,0.43599999999999994,,
2026-03-26 05:15:33,1.4269,-4.743,100.0,0.522,0.48309999999999986,,
2026-03-26 06:15:33,1.4174,-4.651,100.0,0.522,0.4925999999999999,,
2026-03-26 07:15:33,1.4269,-4.53,100.0,0.495,0.48309999999999986,,
2026-03-26 08:15:33,1.4394,-4.106,100.0,0.495,0.4705999999999999,,
2026-03-26 09:15:33,1.4583,-3.627,100.0,0.495,0.4517,,
2026-03-26 10:15:33,1.452,-3.271,100.0,0.522,0.45799999999999996,,
2026-03-26 11:15:33,1.452,-3.094,100.0,0.495,0.45799999999999996,,
2026-03-26 12:15:33,1.4394,-3.183,100.0,0.495,0.4705999999999999,,
2026-03-26 13:15:33,1.4269,-2.654,100.0,0.495,0.48309999999999986,,
2026-03-26 14:15:33,1.4017,-1.871,100.0,0.495,0.5083,,
2026-03-26 15:15:33,1.4112,-1.842,100.0,0.495,0.4987999999999999,,
2026-03-26 16:15:33,1.4017,-2.102,100.0,0.495,0.5083,,
2026-03-26 17:15:33,1.4143,-2.16,100.0,0.495,0.49570000000000003,,
2026-03-26 18:15:33,1.3923,-2.305,100.0,0.495,0.5176999999999998,,
2026-03-26 19:15:33,1.4174,-2.508,100.0,0.495,0.4925999999999999,,
2026-03-26 20:15:33,1.4583,-2.421,100.0,0.495,0.4517,,
2026-03-26 21:15:33,1.3955,-2.189,100.0,0.495,0.5145,,
2026-03-26 22:15:33,1.4112,-2.305,100.0,0.495,0.4987999999999999,,
2026-03-26 23:15:33,1.4206,-2.305,100.0,0.495,0.48939999999999984,,
2026-03-27 00:15:33,1.4112,-2.16,100.0,0.495,0.4987999999999999,,
2026-03-27 01:15:33,1.408,-2.247,100.0,0.495,0.502,,
2026-03-27 02:15:33,1.3955,-2.421,100.0,0.495,0.5145,,
2026-03-27 03:15:33,1.3892,-2.334,100.0,0.495,0.5207999999999999,,
2026-03-27 04:15:33,1.3923,-2.392,100.0,0.495,0.5176999999999998,,
2026-03-27 05:15:33,1.386,-2.45,100.0,0.495,0.524,,
2026-03-27 06:15:33,1.3955,-2.421,100.0,0.495,0.5145,,
2026-03-27 07:15:33,1.3955,-2.218,100.0,0.495,0.5145,,
2026-03-27 08:15:33,1.3986,-1.929,100.0,0.495,0.5113999999999999,,
2026-03-27 09:15:33,1.4017,-1.556,100.0,0.495,0.5083,,
2026-03-27 10:15:33,1.4363,-1.47,100.0,0.495,0.4737,,
2026-03-27 11:15:33,1.4363,-1.185,100.0,0.495,0.4737,,
2026-03-27 12:15:33,1.4112,-0.902,100.0,0.495,0.4987999999999999,,
2026-03-27 13:15:33,1.4174,-0.789,100.0,0.495,0.4925999999999999,,
2026-03-27 14:15:33,1.4112,-0.704,100.0,0.495,0.4987999999999999,,
2026-03-27 15:15:33,1.43,-0.76,100.0,0.495,0.48,,
2026-03-27 16:15:33,1.4206,-1.071,100.0,0.495,0.48939999999999984,,
2026-03-27 17:15:33,1.4017,-1.356,100.0,0.495,0.5083,,
2026-03-27 18:15:33,1.4049,-1.384,100.0,0.495,0.5050999999999999,,
2026-03-27 19:15:33,1.4237,-1.958,100.0,0.495,0.48629999999999995,,
2026-03-27 20:15:33,1.408,-2.888,100.0,0.495,0.502,,
2026-03-27 21:15:33,1.452,-3.508,100.0,0.495,0.45799999999999996,,
2026-03-27 22:15:33,1.4646,-4.016,100.0,0.522,0.4454,,
2026-03-27 23:15:33,1.4677,-4.408,100.0,0.522,0.4422999999999999,,
2026-03-28 00:15:33,1.474,-4.834,100.0,0.522,0.43599999999999994,,
2026-03-28 01:15:33,1.4677,-5.11,100.0,0.522,0.4422999999999999,,
2026-03-28 02:15:33,1.4614,-5.295,100.0,0.522,0.4485999999999999,,
2026-03-28 03:15:33,1.4551,-5.636,100.0,0.522,0.45489999999999986,,
2026-03-28 04:15:33,1.452,-6.42,99.4,0.522,0.45799999999999996,,
2026-03-28 05:15:33,1.452,-7.026,99.0,0.522,0.45799999999999996,,
2026-03-28 06:15:33,1.4551,-7.445,98.7,0.522,0.45489999999999986,,
2026-03-28 07:15:33,1.4551,-7.575,98.6,0.522,0.45489999999999986,,
2026-03-28 08:15:33,1.452,-7.51,98.7,0.522,0.45799999999999996,,
2026-03-28 09:15:33,1.4426,-7.026,98.8,0.522,0.4673999999999998,,
2026-03-28 10:15:33,1.4489,-5.636,99.3,0.522,0.46109999999999984,,
2026-03-28 11:15:33,1.452,-4.167,100.0,0.495,0.45799999999999996,,
2026-03-28 12:15:33,1.4803,-4.53,100.0,0.522,0.42969999999999997,,
2026-03-28 13:15:33,1.452,-2.363,100.0,0.495,0.45799999999999996,,
2026-03-28 14:15:33,1.4426,-2.771,100.0,0.495,0.4673999999999998,,
2026-03-28 15:15:33,1.4646,-2.654,100.0,0.522,0.4454,,
2026-03-28 16:15:33,1.4677,-2.537,100.0,0.495,0.4422999999999999,,
2026-03-28 17:15:33,1.408,-3.153,100.0,0.522,0.502,,
2026-03-28 18:15:33,1.408,-3.36,100.0,0.522,0.502,,
2026-03-28 19:15:33,1.4112,-3.807,100.0,0.522,0.4987999999999999,,
2026-03-28 20:15:33,1.4174,-4.227,100.0,0.522,0.4925999999999999,,
2026-03-28 21:15:33,1.4206,-4.773,100.0,0.522,0.48939999999999984,,
2026-03-28 22:15:33,1.4237,-5.264,99.5,0.522,0.48629999999999995,,
2026-03-28 23:15:33,1.4269,-6.01,99.0,0.522,0.48309999999999986,,
2026-03-29 00:15:33,1.43,-6.77,98.5,0.522,0.48,,
2026-03-29 01:15:33,1.4269,-7.026,98.3,0.522,0.48309999999999986,,
2026-03-29 02:15:33,1.43,-7.187,98.0,0.522,0.48,,
2026-03-29 03:15:33,1.4237,-7.251,98.2,0.522,0.48629999999999995,,
2026-03-29 04:15:33,1.4237,-7.64,97.7,0.522,0.48629999999999995,,
2026-03-29 05:15:33,1.4237,-7.738,97.7,0.522,0.48629999999999995,,
2026-03-29 06:15:33,1.4237,-7.738,97.7,0.522,0.48629999999999995,,
2026-03-29 07:15:33,1.4206,-7.804,97.8,0.522,0.48939999999999984,,
2026-03-29 08:15:33,1.4237,-7.804,97.5,0.522,0.48629999999999995,,
2026-03-29 09:15:33,1.4237,-7.122,97.9,0.522,0.48629999999999995,,
2026-03-29 10:15:33,1.4269,-5.511,99.1,0.522,0.48309999999999986,,
2026-03-29 11:15:33,1.4269,-4.957,99.1,0.522,0.48309999999999986,,
2026-03-29 12:15:33,1.4237,-4.318,98.9,0.522,0.48629999999999995,,
2026-03-29 13:15:33,1.4269,-3.627,96.3,0.522,0.48309999999999986,,
2026-03-29 14:15:33,1.43,-3.866,94.8,0.522,0.48,,
2026-03-29 15:15:33,1.4269,-3.896,93.8,0.522,0.48309999999999986,,
2026-03-29 16:15:33,1.4269,-4.469,97.2,0.522,0.48309999999999986,,
2026-03-29 17:15:33,1.4269,-4.957,97.2,0.522,0.48309999999999986,,
2026-03-29 18:15:33,1.43,-5.698,97.5,0.522,0.48,,
2026-03-29 19:15:33,1.43,-6.962,95.9,0.522,0.48,,
2026-03-29 20:15:33,1.43,-7.478,95.6,0.522,0.48,,
2026-03-29 21:15:33,1.43,-7.251,96.3,0.522,0.48,,
2026-03-29 22:15:33,1.43,-7.251,97.7,0.522,0.48,,
2026-03-29 23:15:33,1.4331,-7.543,97.4,0.522,0.4768999999999999,,
2026-03-30 00:15:33,1.4331,-7.935,96.7,0.522,0.4768999999999999,,
2026-03-30 01:15:33,1.4394,-7.738,95.9,0.522,0.4705999999999999,,
2026-03-30 02:15:33,1.4363,-8.331,96.5,0.522,0.4737,,
2026-03-30 03:15:33,1.4363,-8.831,95.6,0.522,0.4737,,
2026-03-30 04:15:33,1.4363,-8.831,96.0,0.522,0.4737,,
2026-03-30 05:15:33,1.4394,-9.269,95.2,0.522,0.4705999999999999,,
2026-03-30 06:15:33,1.4394,-9.235,95.2,0.522,0.4705999999999999,,
2026-03-30 07:15:33,1.4426,-9.235,94.3,0.522,0.4673999999999998,,
2026-03-30 08:15:33,1.4426,-9.1,93.8,0.522,0.4673999999999998,,
2026-03-30 09:15:33,1.4394,-7.575,93.9,0.522,0.4705999999999999,,
2026-03-30 10:15:33,1.4394,-5.854,93.6,0.522,0.4705999999999999,,
2026-03-30 11:15:33,1.4394,-4.348,89.9,0.522,0.4705999999999999,,
2026-03-30 12:15:33,1.4394,-3.39,90.1,0.522,0.4705999999999999,,
2026-03-30 13:15:33,1.4489,-2.276,86.0,0.522,0.46109999999999984,,
2026-03-30 14:15:33,1.4489,-2.102,82.6,0.522,0.46109999999999984,,
2026-03-30 15:15:33,1.4489,-1.842,81.2,0.522,0.46109999999999984,,
2026-03-30 16:15:33,1.4489,-2.189,86.2,0.522,0.46109999999999984,,
2026-03-30 17:15:33,1.452,-2.45,80.8,0.522,0.45799999999999996,,
2026-03-30 18:15:33,1.452,-3.242,86.8,0.522,0.45799999999999996,,
2026-03-30 19:15:33,1.4489,-4.016,87.7,0.522,0.46109999999999984,,
2026-03-30 20:15:33,1.4489,-4.926,88.7,0.522,0.46109999999999984,,
2026-03-30 21:15:33,1.4489,-5.11,89.1,0.522,0.46109999999999984,,
2026-03-30 22:15:33,1.452,-5.295,87.5,0.522,0.45799999999999996,,
2026-03-30 23:15:33,1.452,-4.926,81.7,0.522,0.45799999999999996,,
2026-03-31 00:15:33,1.452,-5.079,77.3,0.522,0.45799999999999996,,
2026-03-31 01:15:33,1.452,-4.743,83.3,0.522,0.45799999999999996,,
2026-03-31 02:15:33,1.452,-4.651,83.9,0.522,0.45799999999999996,,
2026-03-31 03:15:33,1.452,-4.895,86.6,0.522,0.45799999999999996,,
2026-03-31 04:15:33,1.452,-4.987,86.9,0.522,0.45799999999999996,,
2026-03-31 05:15:33,1.4551,-4.53,83.2,0.522,0.45489999999999986,,
2026-03-31 06:15:33,1.4551,-4.865,86.9,0.522,0.45489999999999986,,
2026-03-31 07:15:33,1.4551,-4.56,86.1,0.522,0.45489999999999986,,
2026-03-31 08:15:33,1.4551,-4.318,86.2,0.522,0.45489999999999986,,
2026-03-31 09:15:33,1.4583,-2.947,81.4,0.495,0.4517,,
2026-03-31 10:15:33,1.4583,-2.102,76.0,0.495,0.4517,,
2026-03-31 11:15:33,1.4583,-1.213,72.3,0.522,0.4517,,
2026-03-31 12:15:33,1.4614,-0.732,73.6,0.522,0.4485999999999999,,
2026-03-31 13:15:33,1.4551,-0.367,66.5,0.522,0.45489999999999986,,
2026-03-31 14:15:33,1.4551,0.218,64.4,0.495,0.45489999999999986,,
2026-03-31 15:15:33,1.4583,0.107,66.0,0.495,0.4517,,
2026-03-31 16:15:33,1.4583,-0.62,77.7,0.522,0.4517,,
2026-03-31 17:15:33,1.4551,-1.1,79.4,0.522,0.45489999999999986,,
2026-03-31 18:15:33,1.4583,-1.527,77.3,0.495,0.4517,,
2026-03-31 19:15:33,1.4551,-2.131,84.5,0.522,0.45489999999999986,,
2026-03-31 20:15:33,1.4551,-2.015,78.6,0.495,0.45489999999999986,,
2026-03-31 21:15:33,1.4583,-1.929,79.9,0.495,0.4517,,
2026-03-31 22:15:33,1.4677,-1.613,80.0,0.522,0.4422999999999999,,
2026-03-31 23:15:33,1.4583,-1.384,78.1,0.522,0.4517,,
2026-04-01 00:15:33,1.4646,-1.756,78.6,0.495,0.4454,,
2026-04-01 01:15:33,1.4646,-1.756,76.2,0.495,0.4454,,
2026-04-01 02:15:33,1.4708,-2.625,87.9,0.522,0.4391999999999998,,
2026-04-01 03:15:33,1.4708,-2.771,88.4,0.495,0.4391999999999998,,
2026-04-01 04:15:33,1.4708,-2.83,90.4,0.522,0.4391999999999998,,
2026-04-01 05:15:33,1.4771,-2.654,91.9,0.495,0.43289999999999984,,
2026-04-01 06:15:33,1.4771,-2.654,94.7,0.522,0.43289999999999984,,
2026-04-01 07:15:33,1.4928,-2.771,97.0,0.522,0.4172,,
2026-04-01 08:15:33,1.4928,-2.742,99.0,0.522,0.4172,,
2026-04-01 09:15:33,1.5117,-2.421,99.5,0.522,0.3982999999999999,,
2026-04-01 10:15:33,1.4897,-2.392,99.8,0.522,0.4202999999999999,1.49,0.5
2026-04-01 11:15:33,,-2.16,100.0,0.522,,,
2026-04-01 12:15:33,1.474,-1.498,100.0,0.495,0.43599999999999994,,
2026-04-01 13:15:33,,-1.157,100.0,0.522,,,
2026-04-01 14:15:33,1.4803,-0.423,100.0,0.522,0.42969999999999997,,
2026-04-01 15:15:33,1.4803,-0.143,100.0,0.495,0.42969999999999997,,
2026-04-01 16:15:33,1.4771,-0.395,100.0,0.495,0.43289999999999984,,
2026-04-01 17:15:33,1.4771,-0.535,100.0,0.495,0.43289999999999984,,
2026-04-01 18:15:33,1.4771,-0.479,100.0,0.495,0.43289999999999984,,
2026-04-01 19:15:33,1.474,-1.071,100.0,0.495,0.43599999999999994,,
2026-04-01 20:15:33,1.474,-1.185,100.0,0.495,0.43599999999999994,,
2026-04-01 21:15:33,1.4803,-1.185,100.0,0.495,0.42969999999999997,,
2026-04-01 22:15:33,1.4803,-1.299,100.0,0.495,0.42969999999999997,,
2026-04-01 23:15:33,1.4834,-1.413,100.0,0.495,0.42659999999999987,,
2026-04-02 00:15:33,1.4834,-1.527,100.0,0.495,0.42659999999999987,,
2026-04-02 01:15:33,1.4897,-1.47,100.0,0.495,0.4202999999999999,,
2026-04-02 02:15:33,1.496,-1.441,100.0,0.495,0.4139999999999999,,
2026-04-02 03:15:33,1.4991,-1.498,100.0,0.495,0.4108999999999998,,
2026-04-02 04:15:33,1.5054,-1.498,100.0,0.495,0.40459999999999985,,
2026-04-02 05:15:33,1.5054,-1.556,100.0,0.495,0.40459999999999985,,
2026-04-02 06:15:33,1.5085,-1.584,100.0,0.495,0.40149999999999997,,
2026-04-02 07:15:33,1.5085,-1.413,100.0,0.495,0.40149999999999997,,
2026-04-02 08:15:33,1.5054,-1.814,100.0,0.495,0.40459999999999985,,
2026-04-02 09:15:33,1.5085,-1.527,100.0,0.495,0.40149999999999997,,
2026-04-02 10:15:33,1.5085,-0.311,100.0,0.495,0.40149999999999997,,
2026-04-02 11:15:33,1.5148,0.412,100.0,0.495,0.3952,,
2026-04-02 12:15:33,1.4834,0.605,100.0,0.495,0.42659999999999987,,
2026-04-02 13:15:33,1.452,0.907,100.0,0.495,0.45799999999999996,,
2026-04-02 14:15:33,1.4331,1.371,100.0,0.495,0.4768999999999999,,
2026-04-02 15:15:33,1.4237,0.989,100.0,0.495,0.48629999999999995,,
2026-04-02 16:15:33,1.4017,0.989,100.0,0.495,0.5083,,
2026-04-02 17:15:33,1.4112,0.715,100.0,0.495,0.4987999999999999,,
2026-04-02 18:15:33,1.4206,0.079,100.0,0.495,0.48939999999999984,,
2026-04-02 19:15:33,1.4237,-0.339,100.0,0.495,0.48629999999999995,,
2026-04-02 20:15:33,1.4269,-0.76,100.0,0.495,0.48309999999999986,,
2026-04-02 21:15:33,1.4269,-1.185,99.7,0.495,0.48309999999999986,,
2026-04-02 22:15:33,1.4237,-1.242,97.7,0.495,0.48629999999999995,,
2026-04-02 23:15:33,1.4237,-0.986,98.7,0.495,0.48629999999999995,,
2026-04-03 00:15:33,1.43,-0.958,99.3,0.495,0.48,,
2026-04-03 01:15:33,1.4269,-0.732,99.2,0.495,0.48309999999999986,,
2026-04-03 02:15:33,1.4269,-0.676,99.5,0.495,0.48309999999999986,,
2026-04-03 03:15:33,1.43,-0.62,99.4,0.495,0.48,,
2026-04-03 04:15:33,1.43,-0.255,98.1,0.495,0.48,,
2026-04-03 05:15:33,1.43,-0.143,98.4,0.495,0.48,,
2026-04-03 06:15:33,1.4331,-0.227,100.0,0.495,0.4768999999999999,,
2026-04-03 07:15:33,1.43,-0.227,99.8,0.495,0.48,,
2026-04-03 08:15:33,1.4426,0.246,98.8,0.495,0.4673999999999998,,
2026-04-03 09:15:33,1.4426,0.522,98.8,0.495,0.4673999999999998,,
2026-04-03 10:15:33,1.4457,0.715,98.9,0.495,0.46429999999999993,,
2026-04-03 11:15:33,1.4269,0.715,100.0,0.495,0.48309999999999986,,
2026-04-03 12:15:33,1.4237,0.55,100.0,0.495,0.48629999999999995,,
2026-04-03 13:15:33,1.452,0.66,100.0,0.495,0.45799999999999996,,
2026-04-03 14:15:33,1.4237,1.071,99.6,0.495,0.48629999999999995,,
2026-04-03 15:15:33,1.4583,1.153,100.0,0.495,0.4517,,
2026-04-03 16:15:33,1.4363,0.962,100.0,0.495,0.4737,,
2026-04-03 17:15:33,1.4457,0.989,100.0,0.495,0.46429999999999993,,
2026-04-03 18:15:33,1.4174,1.153,100.0,0.495,0.4925999999999999,,
2026-04-03 19:15:33,1.43,1.208,100.0,0.495,0.48,,
2026-04-03 20:15:33,1.4551,1.153,100.0,0.495,0.45489999999999986,,
2026-04-03 21:15:33,1.4457,0.88,100.0,0.495,0.46429999999999993,,
2026-04-03 22:15:33,1.4457,0.66,100.0,0.495,0.46429999999999993,,
2026-04-03 23:15:33,1.4551,0.577,100.0,0.495,0.45489999999999986,,
2026-04-04 00:15:33,1.452,0.687,100.0,0.467,0.45799999999999996,,
2026-04-04 01:15:33,1.4551,0.55,100.0,0.495,0.45489999999999986,,
2026-04-04 02:15:33,1.4614,0.522,100.0,0.495,0.4485999999999999,,
2026-04-04 03:15:33,1.4677,0.522,100.0,0.495,0.4422999999999999,,
2026-04-04 04:15:33,1.4677,0.467,100.0,0.495,0.4422999999999999,,
2026-04-04 05:15:33,1.4677,0.329,98.9,0.495,0.4422999999999999,,
2026-04-04 06:15:33,1.4677,0.273,99.5,0.467,0.4422999999999999,,
2026-04-04 07:15:33,1.4646,0.301,99.4,0.467,0.4454,,
2026-04-04 08:15:33,1.4614,0.907,99.3,0.467,0.4485999999999999,,
2026-04-04 09:15:33,1.4677,1.262,98.6,0.467,0.4422999999999999,,
2026-04-04 10:15:33,1.4708,1.859,99.6,0.467,0.4391999999999998,,
2026-04-04 11:15:33,1.4677,1.832,100.0,0.467,0.4422999999999999,,
2026-04-04 12:15:33,1.4677,1.67,100.0,0.495,0.4422999999999999,,
2026-04-04 13:15:33,1.474,2.37,99.6,0.467,0.43599999999999994,,
2026-04-04 14:15:33,1.4803,2.289,98.9,0.495,0.42969999999999997,,
2026-04-04 15:15:33,1.4708,3.063,98.9,0.467,0.4391999999999998,,
2026-04-04 16:15:33,1.4583,2.557,99.4,0.467,0.4517,,
2026-04-04 17:15:33,1.4834,2.85,97.8,0.495,0.42659999999999987,,
2026-04-04 18:15:33,1.4897,1.913,98.2,0.467,0.4202999999999999,,
2026-04-04 19:15:33,1.4928,1.317,99.7,0.467,0.4172,,
2026-04-04 20:15:33,1.4991,1.208,99.7,0.467,0.4108999999999998,,
2026-04-04 21:15:33,1.4803,1.017,98.7,0.467,0.42969999999999997,,
2026-04-04 22:15:33,1.4928,0.907,95.4,0.495,0.4172,,
2026-04-04 23:15:33,1.4834,1.317,88.0,0.467,0.42659999999999987,,
2026-04-05 00:15:33,1.4865,1.913,78.7,0.467,0.4235,,
2026-04-05 01:15:33,1.4865,2.85,80.9,0.467,0.4235,,
2026-04-05 02:15:33,1.4708,3.116,79.7,0.467,0.4391999999999998,,
2026-04-05 03:15:33,1.4928,3.142,76.3,0.467,0.4172,,
2026-04-05 04:15:33,1.5054,3.248,75.0,0.467,0.40459999999999985,,
2026-04-05 05:15:33,1.5117,3.67,70.3,0.467,0.3982999999999999,,
2026-04-05 06:15:33,1.4928,3.88,66.6,0.467,0.4172,,
2026-04-05 07:15:33,1.5054,4.35,64.5,0.467,0.40459999999999985,,
2026-04-05 08:15:33,1.5148,4.766,64.8,0.467,0.3952,,
2026-04-05 09:15:33,1.496,6.281,56.3,0.467,0.4139999999999999,,
2026-04-05 10:15:33,1.4834,7.544,51.2,0.467,0.42659999999999987,,
2026-04-05 11:15:33,1.4897,7.795,54.6,0.467,0.4202999999999999,,
2026-04-05 12:15:33,1.496,8.419,59.0,0.467,0.4139999999999999,,
2026-04-05 13:15:33,1.5054,8.965,59.3,0.467,0.40459999999999985,,
2026-04-05 14:15:33,1.5117,8.866,61.9,0.467,0.3982999999999999,,
2026-04-05 15:15:33,1.5211,9.114,60.0,0.467,0.3889,,
2026-04-05 16:15:33,1.5274,9.632,48.5,0.467,0.38259999999999983,,
2026-04-05 17:15:33,1.5651,7.217,65.4,0.467,0.3449,,
2026-04-05 18:15:33,1.5682,6.357,64.0,0.439,0.3417999999999999,,
2026-04-05 19:15:33,1.5619,5.642,65.9,0.439,0.34809999999999985,,
2026-04-05 20:15:33,1.5525,5.539,68.8,0.439,0.35749999999999993,,
2026-04-05 21:15:33,1.5588,5.668,68.0,0.439,0.35119999999999996,,
2026-04-05 22:15:33,1.5462,6.382,60.7,0.412,0.3637999999999999,,
2026-04-05 23:15:33,1.5431,6.813,52.1,0.412,0.3669,,
2026-04-06 00:15:33,1.5619,7.066,45.6,0.412,0.34809999999999985,,
2026-04-06 01:15:33,1.5525,6.889,44.0,0.412,0.35749999999999993,,
2026-04-06 02:15:33,1.5556,6.179,51.1,0.412,0.3543999999999998,,
2026-04-06 03:15:33,1.5902,6.026,51.1,0.412,0.31979999999999986,,
2026-04-06 04:15:33,1.5588,5.539,52.8,0.412,0.35119999999999996,,
2026-04-06 05:15:33,1.5619,4.921,56.6,0.412,0.34809999999999985,,
2026-04-06 06:15:33,1.5651,5.076,54.7,0.412,0.3449,,
2026-04-06 07:15:33,1.5839,4.428,65.1,0.412,0.32609999999999983,,
2026-04-06 08:15:33,1.5839,2.584,79.2,0.412,0.32609999999999983,,
2026-04-06 09:15:33,1.5933,3.643,73.9,0.412,0.3167,,
2026-04-06 10:15:33,1.5965,3.063,87.1,0.412,0.3134999999999999,,
2026-04-06 11:15:33,1.5902,2.61,91.7,0.412,0.31979999999999986,,
2026-04-06 12:15:33,1.6059,2.423,93.9,0.412,0.3040999999999998,,
2026-04-06 13:15:33,1.5965,1.697,93.7,0.412,0.3134999999999999,,
2026-04-06 14:15:33,1.6122,0.577,97.6,0.412,0.29779999999999984,,
2026-04-06 15:15:33,1.6247,-0.367,98.9,0.412,0.2852999999999999,,
2026-04-06 16:15:33,1.6185,-1.071,98.9,0.412,0.29149999999999987,,
2026-04-06 17:15:33,1.6216,-1.756,98.6,0.412,0.2884,,
2026-04-06 18:15:33,1.6247,-2.16,96.8,0.412,0.2852999999999999,,
2026-04-06 19:15:33,1.6247,-2.918,89.8,0.412,0.2852999999999999,,
2026-04-06 20:15:33,1.6279,-3.271,89.6,0.412,0.2821,,
2026-04-06 21:15:33,1.6247,-3.271,93.1,0.412,0.2852999999999999,,
2026-04-06 22:15:33,1.6279,-3.449,94.1,0.412,0.2821,,
2026-04-06 23:15:33,1.6247,-3.717,93.0,0.412,0.2852999999999999,,
2026-04-07 00:15:33,1.6279,-3.807,93.2,0.412,0.2821,,
2026-04-07 01:15:33,1.6247,-4.287,90.0,0.412,0.2852999999999999,,
2026-04-07 02:15:33,1.6247,-4.167,92.3,0.412,0.2852999999999999,,
2026-04-07 03:15:33,1.6247,-4.287,92.7,0.439,0.2852999999999999,,
2026-04-07 04:15:33,1.6247,-4.348,90.0,0.439,0.2852999999999999,,
2026-04-07 05:15:33,1.6247,-4.439,88.4,0.439,0.2852999999999999,,
2026-04-07 06:15:33,1.6247,-4.167,86.3,0.439,0.2852999999999999,,
2026-04-07 07:15:33,1.6279,-4.59,88.8,0.439,0.2821,,
2026-04-07 08:15:33,1.6247,-4.318,86.1,0.439,0.2852999999999999,,
2026-04-07 09:15:33,1.6279,-3.33,84.9,0.439,0.2821,,
2026-04-07 10:15:33,1.6279,-2.247,85.9,0.439,0.2821,,
2026-04-07 11:15:33,1.631,-0.704,83.0,0.439,0.2789999999999999,,
2026-04-07 12:15:33,1.631,0.439,81.3,0.439,0.2789999999999999,,
2026-04-07 13:15:33,1.631,1.071,84.1,0.439,0.2789999999999999,,
2026-04-07 14:15:33,1.6342,1.208,82.1,0.439,0.2757999999999998,,
2026-04-07 15:15:33,1.6247,0.962,85.2,0.439,0.2852999999999999,,
2026-04-07 16:15:33,1.6122,0.989,84.5,0.439,0.29779999999999984,,
2026-04-07 17:15:33,1.6028,0.273,88.2,0.439,0.3071999999999999,,
2026-04-07 18:15:33,1.5996,-0.171,89.6,0.439,0.3104,,
2026-04-07 19:15:33,1.6059,-0.789,90.6,0.439,0.3040999999999998,,
2026-04-07 20:15:33,1.6059,-0.93,90.2,0.439,0.3040999999999998,,
2026-04-07 21:15:33,1.6028,-0.732,79.7,0.439,0.3071999999999999,,
2026-04-07 22:15:33,1.5996,-1.1,78.3,0.439,0.3104,,
2026-04-07 23:15:33,1.5965,-0.93,78.5,0.439,0.3134999999999999,,
2026-04-08 00:15:33,1.5996,-0.845,78.2,0.467,0.3104,,
2026-04-08 01:15:33,1.5965,-0.255,72.9,0.467,0.3134999999999999,,
2026-04-08 02:15:33,1.5933,-0.227,71.0,0.467,0.3167,,
2026-04-08 03:15:33,1.5933,-0.563,68.6,0.467,0.3167,,
2026-04-08 04:15:33,1.5933,-0.395,65.9,0.467,0.3167,,
2026-04-08 05:15:33,1.5965,-1.756,72.5,0.467,0.3134999999999999,,
2026-04-08 06:15:33,1.5965,-0.62,68.7,0.467,0.3134999999999999,,
2026-04-08 07:15:33,1.5902,0.051,63.6,0.467,0.31979999999999986,,
2026-04-08 08:15:33,1.5965,0.079,65.1,0.467,0.3134999999999999,,
2026-04-08 09:15:33,1.5965,0.412,72.7,0.467,0.3134999999999999,,
2026-04-08 10:15:33,1.587,0.66,82.6,0.467,0.32299999999999995,,
2026-04-08 11:15:33,1.5933,1.94,82.7,0.467,0.3167,,
2026-04-08 12:15:33,1.587,2.93,77.0,0.467,0.32299999999999995,,
2026-04-08 13:15:33,1.5933,3.827,73.1,0.467,0.3167,,
2026-04-08 14:15:33,1.6122,4.194,74.5,0.439,0.29779999999999984,,
2026-04-08 15:15:33,1.6216,3.67,78.3,0.467,0.2884,,
2026-04-08 16:15:33,1.6185,2.983,81.9,0.467,0.29149999999999987,,
2026-04-08 17:15:33,1.6185,2.37,79.1,0.467,0.29149999999999987,,
2026-04-08 18:15:33,1.6216,2.503,70.4,0.467,0.2884,,
2026-04-08 19:15:33,1.6122,1.317,75.2,0.467,0.29779999999999984,,
2026-04-08 20:15:33,1.6122,1.208,76.3,0.467,0.29779999999999984,,
2026-04-08 21:15:33,1.6122,1.071,74.2,0.467,0.29779999999999984,,
2026-04-08 22:15:33,1.6153,1.453,72.8,0.467,0.29469999999999996,,
2026-04-08 23:15:33,1.6028,1.317,74.1,0.467,0.3071999999999999,,
2026-04-09 00:15:33,1.6122,1.453,70.5,0.467,0.29779999999999984,,
2026-04-09 01:15:33,1.5965,1.724,60.4,0.467,0.3134999999999999,,
2026-04-09 02:15:33,1.6059,1.886,55.8,0.467,0.3040999999999998,,
2026-04-09 03:15:33,1.609,2.128,51.0,0.467,0.30099999999999993,,
2026-04-09 04:15:33,1.6028,2.262,49.4,0.467,0.3071999999999999,,
2026-04-09 05:15:33,1.609,2.289,48.5,0.467,0.30099999999999993,,
2026-04-09 06:15:33,1.6059,2.664,45.8,0.467,0.3040999999999998,,
2026-04-09 07:15:33,1.609,2.717,47.6,0.467,0.30099999999999993,,
2026-04-09 08:15:33,1.6059,3.142,49.4,0.467,0.3040999999999998,,
2026-04-09 09:15:33,1.6153,3.512,54.7,0.467,0.29469999999999996,,
2026-04-09 10:15:33,1.6216,4.584,54.0,0.467,0.2884,,
2026-04-09 11:15:33,1.6153,5.514,59.2,0.467,0.29469999999999996,,
2026-04-09 12:15:33,1.6279,6.0,62.1,0.467,0.2821,,
2026-04-09 13:15:33,1.6467,7.142,63.5,0.467,0.26329999999999987,,
2026-04-09 14:15:33,1.6059,7.393,63.3,0.467,0.3040999999999998,,
2026-04-09 15:15:33,1.6185,7.569,63.7,0.467,0.29149999999999987,,
2026-04-09 16:15:33,1.6247,7.569,64.0,0.467,0.2852999999999999,,
2026-04-09 17:15:33,1.6467,7.066,64.8,0.467,0.26329999999999987,,
2026-04-09 18:15:33,1.653,6.077,69.4,0.467,0.2569999999999999,,
2026-04-09 19:15:33,1.6279,5.102,72.4,0.467,0.2821,,
2026-04-09 20:15:33,1.6561,4.298,59.6,0.467,0.2539,,
2026-04-09 21:15:33,1.6279,4.272,54.4,0.439,0.2821,,
2026-04-09 22:15:33,1.6153,4.818,51.5,0.439,0.29469999999999996,,
2026-04-09 23:15:33,1.6247,4.662,46.6,0.439,0.2852999999999999,,
2026-04-10 00:15:33,1.6436,4.246,39.0,0.439,0.26639999999999997,,
2026-04-10 01:15:33,1.6561,4.428,37.1,0.439,0.2539,,
2026-04-10 02:15:33,1.6216,4.869,37.4,0.439,0.2884,,
2026-04-10 03:15:33,1.6247,4.74,49.4,0.439,0.2852999999999999,,
2026-04-10 04:15:33,1.6687,4.324,51.9,0.439,0.24129999999999985,,
2026-04-10 05:15:33,1.631,4.376,56.8,0.439,0.2789999999999999,,
2026-04-10 06:15:33,1.6404,4.895,53.6,0.439,0.26959999999999984,,
2026-04-10 07:15:33,1.653,4.48,63.8,0.439,0.2569999999999999,,
2026-04-10 08:15:33,1.6373,4.454,65.2,0.439,0.27269999999999994,,
2026-04-10 09:15:33,1.6718,4.921,63.4,0.439,0.23819999999999997,,
2026-04-10 10:15:33,1.6624,5.872,59.9,0.412,0.24759999999999982,,
2026-04-10 11:15:33,1.6404,7.066,57.0,0.412,0.26959999999999984,,
2026-04-10 12:15:33,1.675,7.619,58.4,0.412,0.23499999999999988,,
2026-04-10 13:15:33,1.653,9.928,50.0,0.412,0.2569999999999999,,
2026-04-10 14:15:33,1.6436,8.817,55.2,0.412,0.26639999999999997,,
2026-04-10 15:15:33,1.6656,8.767,49.8,0.412,0.24439999999999995,,
2026-04-10 16:15:33,1.6687,9.879,48.0,0.412,0.24129999999999985,,
2026-04-10 17:15:33,1.6813,6.914,57.1,0.412,0.2286999999999999,,
2026-04-10 18:15:33,1.6718,5.745,64.3,0.384,0.23819999999999997,,
2026-04-10 19:15:33,1.6499,3.906,81.4,0.384,0.2601,,
2026-04-10 20:15:33,1.6593,4.558,74.3,0.384,0.2506999999999999,,
2026-04-10 21:15:33,1.6718,4.792,73.6,0.384,0.23819999999999997,,
2026-04-10 22:15:33,1.6656,4.246,78.5,0.384,0.24439999999999995,,
2026-04-10 23:15:33,1.6876,3.459,91.8,0.384,0.22239999999999993,,
2026-04-11 00:15:33,1.6813,4.011,91.3,0.356,0.2286999999999999,,
2026-04-11 01:15:33,1.6907,4.298,90.2,0.356,0.21929999999999983,,
2026-04-11 02:15:33,1.6907,4.194,89.4,0.356,0.21929999999999983,,
2026-04-11 03:15:33,1.6907,4.011,90.3,0.356,0.21929999999999983,,
2026-04-11 04:15:33,1.6781,3.749,89.7,0.356,0.2319,,
2026-04-11 05:15:33,1.7033,4.246,87.3,0.356,0.20669999999999988,,
2026-04-11 06:15:33,1.6938,4.011,88.9,0.356,0.21619999999999995,,
2026-04-11 07:15:33,1.6907,4.141,89.1,0.356,0.21929999999999983,,
2026-04-11 08:15:33,1.7064,4.766,87.7,0.356,0.2036,,
2026-04-11 09:15:33,1.7001,5.385,82.8,0.356,0.20989999999999998,,
2026-04-11 10:15:33,1.7221,5.591,86.3,0.356,0.18789999999999996,,
2026-04-11 11:15:33,1.6907,5.642,82.3,0.356,0.21929999999999983,,
2026-04-11 12:15:33,1.6907,6.204,82.1,0.356,0.21929999999999983,,
2026-04-11 13:15:33,1.7284,6.179,78.5,0.356,0.18159999999999998,,
2026-04-11 14:15:33,1.7409,6.331,79.0,0.356,0.16910000000000003,,
2026-04-11 15:15:33,1.7001,5.847,86.0,0.356,0.20989999999999998,,
2026-04-11 16:15:33,1.7378,4.895,93.5,0.356,0.1721999999999999,,
2026-04-11 17:15:33,1.7001,4.454,94.9,0.329,0.20989999999999998,,
2026-04-11 18:15:33,1.7284,4.089,95.4,0.329,0.18159999999999998,,
2026-04-11 19:15:33,1.7409,3.617,96.1,0.329,0.16910000000000003,,
2026-04-11 20:15:33,1.7472,3.221,95.9,0.329,0.16279999999999983,,
2026-04-11 21:15:33,1.7598,3.116,96.5,0.329,0.1501999999999999,,
2026-04-11 22:15:33,1.7409,2.85,96.2,0.329,0.16910000000000003,,
2026-04-11 23:15:33,1.7315,2.637,96.7,0.329,0.17849999999999988,,
2026-04-12 00:15:33,1.7818,2.77,96.5,0.329,0.12819999999999987,,
2026-04-12 01:15:33,1.7535,2.93,96.5,0.329,0.15649999999999986,,
2026-04-12 02:15:33,1.7409,2.584,96.9,0.329,0.16910000000000003,,
2026-04-12 03:15:33,1.7786,2.262,97.1,0.329,0.13139999999999996,,
2026-04-12 04:15:33,1.7755,2.396,97.6,0.329,0.13449999999999984,,
2026-04-12 05:15:33,1.7566,2.53,97.4,0.329,0.15339999999999998,,
2026-04-12 06:15:33,1.7629,2.584,97.9,0.329,0.1471,,
2026-04-12 07:15:33,1.7535,2.823,97.8,0.329,0.15649999999999986,,
2026-04-12 08:15:33,1.7566,3.195,97.9,0.329,0.15339999999999998,,
2026-04-12 09:15:33,1.7347,3.301,98.4,0.329,0.1753,,
2026-04-12 10:15:33,1.7535,3.932,98.5,0.329,0.15649999999999986,,
2026-04-12 11:15:33,1.7221,3.88,98.9,0.356,0.18789999999999996,,
2026-04-12 12:15:33,1.7347,3.932,99.7,0.356,0.1753,,
2026-04-12 13:15:33,1.7221,3.617,100.0,0.356,0.18789999999999996,,
2026-04-12 14:15:33,1.7504,3.564,100.0,0.356,0.15959999999999996,,
2026-04-12 15:15:33,1.7535,3.459,100.0,0.329,0.15649999999999986,,
2026-04-12 16:15:33,1.7284,3.063,100.0,0.356,0.18159999999999998,,
2026-04-12 17:15:33,1.7284,3.485,100.0,0.356,0.18159999999999998,,
2026-04-12 18:15:33,1.7284,3.274,100.0,0.356,0.18159999999999998,,
2026-04-12 19:15:33,1.7315,2.61,100.0,0.356,0.17849999999999988,,
2026-04-12 20:15:33,1.7441,2.45,100.0,0.356,0.16589999999999994,,
2026-04-12 21:15:33,1.7472,2.37,100.0,0.356,0.16279999999999983,,
2026-04-12 22:15:33,1.7378,1.099,100.0,0.356,0.1721999999999999,,
2026-04-12 23:15:33,1.7724,1.67,100.0,0.356,0.13759999999999994,,
2026-04-13 00:15:33,1.7378,1.643,100.0,0.356,0.1721999999999999,,
2026-04-13 01:15:33,1.7566,1.371,100.0,0.356,0.15339999999999998,,
2026-04-13 02:15:33,1.7881,1.805,100.0,0.356,0.1218999999999999,,
2026-04-13 03:15:33,1.7975,1.425,100.0,0.356,0.11249999999999982,,
2026-04-13 04:15:33,1.7943,0.467,99.7,0.356,0.11569999999999991,,
2026-04-13 05:15:33,1.7912,-0.311,100.0,0.356,0.11880000000000002,,
2026-04-13 06:15:33,1.7943,-0.62,100.0,0.356,0.11569999999999991,,
2026-04-13 07:15:33,1.7943,0.163,100.0,0.356,0.11569999999999991,,
2026-04-13 08:15:33,1.7881,0.246,99.6,0.356,0.1218999999999999,,
2026-04-13 09:15:33,1.7849,0.301,98.8,0.356,0.1251,,
2026-04-13 10:15:33,1.7849,0.55,97.4,0.356,0.1251,,
2026-04-13 11:15:33,1.7881,0.55,98.5,0.356,0.1218999999999999,,
2026-04-13 12:15:33,1.7912,0.934,97.1,0.356,0.11880000000000002,,
2026-04-13 13:15:33,1.7849,1.371,94.4,0.356,0.1251,,
2026-04-13 14:15:33,1.7724,1.453,95.2,0.356,0.13759999999999994,,
2026-04-13 15:15:33,1.7724,0.989,97.5,0.384,0.13759999999999994,,
2026-04-13 16:15:33,1.7692,0.715,95.6,0.384,0.14079999999999981,,
2026-04-13 17:15:33,1.7755,0.246,96.8,0.384,0.13449999999999984,,
2026-04-13 18:15:33,1.7755,-0.873,99.3,0.384,0.13449999999999984,,
2026-04-13 19:15:33,1.7881,-1.213,96.2,0.384,0.1218999999999999,,
2026-04-13 20:15:33,1.7786,-1.213,97.5,0.384,0.13139999999999996,,
2026-04-13 21:15:33,1.7818,-1.613,96.7,0.384,0.12819999999999987,,
2026-04-13 22:15:33,1.7943,-1.641,95.4,0.412,0.11569999999999991,,
2026-04-13 23:15:33,1.7912,-1.641,93.0,0.412,0.11880000000000002,,
2026-04-14 00:15:33,1.7912,-1.814,93.7,0.412,0.11880000000000002,,
2026-04-14 01:15:33,1.8006,-2.044,97.0,0.412,0.10939999999999994,,
2026-04-14 02:15:33,1.8132,-2.102,98.8,0.412,0.0968,,
2026-04-14 03:15:33,1.7881,-2.276,99.1,0.412,0.1218999999999999,,
2026-04-14 04:15:33,1.8038,-1.958,98.9,0.412,0.10619999999999985,,
2026-04-14 05:15:33,1.8257,-1.842,99.0,0.412,0.08429999999999982,,
2026-04-14 06:15:33,1.7912,-1.9,99.3,0.412,0.11880000000000002,,
2026-04-14 07:15:33,,-1.9,99.8,0.412,,,
2026-04-14 08:15:33,1.8069,-1.9,100.0,0.412,0.10309999999999997,,
2026-04-14 09:15:33,1.7975,-1.814,100.0,0.412,0.11249999999999982,,
2026-04-14 10:15:33,1.7692,-1.785,100.0,0.412,0.14079999999999981,,
2026-04-14 11:15:33,1.8163,-1.327,100.0,0.412,0.0936999999999999,,
2026-04-14 12:15:33,,-1.871,100.0,0.412,,,
2026-04-14 13:15:33,1.8038,-1.986,100.0,0.412,0.10619999999999985,,
2026-04-14 14:15:33,1.7598,-2.654,100.0,0.412,0.1501999999999999,,
2026-04-14 15:15:33,1.7849,-2.508,100.0,0.412,0.1251,,
2026-04-14 16:15:33,1.7661,-2.742,100.0,0.412,0.14389999999999992,,
2026-04-14 17:15:33,1.7881,-3.419,100.0,0.439,0.1218999999999999,,
2026-04-14 18:15:33,1.7912,-3.956,99.6,0.439,0.11880000000000002,,
2026-04-14 19:15:33,1.7943,-4.348,99.6,0.439,0.11569999999999991,,
2026-04-14 20:15:33,1.8006,-4.834,99.4,0.439,0.10939999999999994,,
2026-04-14 21:15:33,1.8006,-5.605,98.9,0.439,0.10939999999999994,,
2026-04-14 22:15:33,1.8069,-5.916,98.6,0.439,0.10309999999999997,,
2026-04-14 23:15:33,1.8195,-5.916,98.7,0.439,0.09050000000000002,,
2026-04-15 00:15:33,1.8195,-5.698,98.8,0.439,0.09050000000000002,,
2026-04-15 01:15:33,1.8163,-5.636,98.6,0.439,0.0936999999999999,,
2026-04-15 02:15:33,1.8006,-5.295,98.7,0.439,0.10939999999999994,,
2026-04-15 03:15:33,1.7692,-5.11,99.0,0.439,0.14079999999999981,,
2026-04-15 04:15:33,1.7566,-5.049,99.0,0.439,0.15339999999999998,,
2026-04-15 05:15:33,1.7566,-4.895,99.1,0.467,0.15339999999999998,,
2026-04-15 06:15:33,1.7535,-4.682,99.0,0.439,0.15649999999999986,,
2026-04-15 07:15:33,1.7535,-4.499,99.1,0.439,0.15649999999999986,,
2026-04-15 08:15:33,1.7566,-4.167,99.6,0.439,0.15339999999999998,,
2026-04-15 09:15:33,1.7504,-3.568,99.8,0.439,0.15959999999999996,,
2026-04-15 10:15:33,1.7975,-3.301,99.8,0.439,0.11249999999999982,,
2026-04-15 11:15:33,1.7661,-2.625,100.0,0.439,0.14389999999999992,,
2026-04-15 12:15:33,1.8006,-2.421,100.0,0.439,0.10939999999999994,,
2026-04-15 13:15:33,1.7975,-2.102,100.0,0.439,0.11249999999999982,,
2026-04-15 14:15:33,1.8006,-2.131,100.0,0.439,0.10939999999999994,,
2026-04-15 15:15:33,1.8069,-1.929,100.0,0.467,0.10309999999999997,,
2026-04-15 16:15:33,1.8132,-2.392,100.0,0.467,0.0968,,
2026-04-15 17:15:33,1.8069,-2.859,100.0,0.439,0.10309999999999997,,
2026-04-15 18:15:33,1.81,-3.094,100.0,0.467,0.09999999999999987,,
2026-04-15 19:15:33,1.8069,-3.39,100.0,0.467,0.10309999999999997,,
2026-04-15 20:15:33,1.8069,-3.836,99.9,0.467,0.10309999999999997,,
2026-04-15 21:15:33,1.8069,-4.106,99.7,0.467,0.10309999999999997,,
2026-04-15 22:15:33,1.8069,-4.621,99.3,0.467,0.10309999999999997,,
2026-04-15 23:15:33,1.8038,-4.804,99.1,0.467,0.10619999999999985,,
2026-04-16 00:15:33,1.8006,-4.804,99.1,0.467,0.10939999999999994,,
2026-04-16 01:15:33,1.8006,-4.804,98.8,0.467,0.10939999999999994,,
2026-04-16 02:15:33,1.8038,-4.773,98.8,0.467,0.10619999999999985,,
2026-04-16 03:15:33,1.8006,-4.682,98.9,0.467,0.10939999999999994,,
2026-04-16 04:15:33,1.8006,-4.59,98.8,0.467,0.10939999999999994,,
2026-04-16 05:15:33,1.7943,-4.499,99.2,0.467,0.11569999999999991,,
2026-04-16 06:15:33,1.7943,-4.016,99.5,0.467,0.11569999999999991,,
2026-04-16 07:15:33,1.7912,-4.016,99.8,0.467,0.11880000000000002,,
2026-04-16 08:15:33,1.7943,-3.508,99.5,0.467,0.11569999999999991,,
2026-04-16 09:15:33,1.7786,-2.712,99.9,0.467,0.13139999999999996,,
2026-04-16 10:15:33,1.7566,-1.527,99.7,0.439,0.15339999999999998,,
2026-04-16 11:15:33,1.8038,-0.591,99.5,0.439,0.10619999999999985,,
2026-04-16 12:15:33,1.8257,-0.395,99.2,0.467,0.08429999999999982,,
2026-04-16 13:15:33,1.7472,0.246,97.4,0.439,0.16279999999999983,,
2026-04-16 14:15:33,1.7535,0.467,97.2,0.467,0.15649999999999986,,
2026-04-16 15:15:33,1.7535,0.412,98.2,0.467,0.15649999999999986,,
2026-04-16 16:15:33,1.7378,0.246,96.2,0.439,0.1721999999999999,,
2026-04-16 17:15:33,1.7095,-0.116,100.0,0.467,0.2004999999999999,,
2026-04-16 18:15:33,1.7064,-0.143,100.0,0.467,0.2036,,
2026-04-16 19:15:33,1.7095,-0.648,100.0,0.467,0.2004999999999999,,
2026-04-16 20:15:33,1.7095,-0.902,100.0,0.467,0.2004999999999999,,
2026-04-16 21:15:33,1.7095,-1.498,99.6,0.467,0.2004999999999999,,
2026-04-16 22:15:33,1.7095,-1.814,98.6,0.467,0.2004999999999999,,
2026-04-16 23:15:33,1.7064,-2.596,97.4,0.467,0.2036,,
2026-04-17 00:15:33,1.7064,-2.976,96.6,0.467,0.2036,,
2026-04-17 01:15:33,1.7033,-3.419,95.1,0.467,0.20669999999999988,,
2026-04-17 02:15:33,1.7095,-3.271,94.0,0.467,0.2004999999999999,,
2026-04-17 03:15:33,1.7064,-2.976,95.2,0.467,0.2036,,
2026-04-17 04:15:33,1.7095,-3.183,94.3,0.467,0.2004999999999999,,
2026-04-17 05:15:33,1.7064,-2.976,94.0,0.467,0.2036,,
2026-04-17 06:15:33,1.7095,-2.683,93.8,0.467,0.2004999999999999,,
2026-04-17 07:15:33,1.7064,-2.392,94.2,0.467,0.2036,,
2026-04-17 08:15:33,1.7064,-1.67,95.1,0.467,0.2036,,
2026-04-17 09:15:33,1.7064,-1.128,94.6,0.467,0.2036,,
2026-04-17 10:15:33,1.7095,-0.451,94.0,0.467,0.2004999999999999,,
2026-04-17 11:15:33,1.7064,0.495,94.1,0.467,0.2036,,
2026-04-17 12:15:33,1.7033,0.88,95.2,0.467,0.20669999999999988,,
2026-04-17 13:15:33,1.6938,0.825,95.9,0.467,0.21619999999999995,,
2026-04-17 14:15:33,1.697,0.852,96.6,0.467,0.21299999999999986,,
2026-04-17 15:15:33,1.697,0.88,95.8,0.467,0.21299999999999986,,
2026-04-17 16:15:33,1.7158,0.989,95.6,0.467,0.19419999999999993,,
2026-04-17 17:15:33,1.719,0.687,97.5,0.467,0.19099999999999984,,
2026-04-17 18:15:33,1.7252,0.577,98.6,0.467,0.18479999999999985,,
2026-04-17 19:15:33,1.7284,0.19,99.2,0.467,0.18159999999999998,,
2026-04-17 20:15:33,1.7284,-0.199,96.0,0.467,0.18159999999999998,,
2026-04-17 21:15:33,1.7252,-0.06,94.0,0.467,0.18479999999999985,,
2026-04-17 22:15:33,1.7252,0.273,92.2,0.467,0.18479999999999985,,
2026-04-17 23:15:33,1.7252,0.329,90.9,0.467,0.18479999999999985,,
2026-04-18 00:15:33,1.7221,0.218,88.3,0.467,0.18789999999999996,,
2026-04-18 01:15:33,1.719,0.163,87.3,0.467,0.19099999999999984,,
2026-04-18 02:15:33,1.719,0.218,83.6,0.467,0.19099999999999984,,
2026-04-18 03:15:33,1.7221,-0.283,84.8,0.467,0.18789999999999996,,
2026-04-18 04:15:33,1.719,-0.479,85.0,0.467,0.19099999999999984,,
2026-04-18 05:15:33,1.7064,0.051,77.9,0.467,0.2036,,
2026-04-18 06:15:33,1.719,0.024,80.7,0.467,0.19099999999999984,,
2026-04-18 07:15:33,1.7095,0.384,78.9,0.467,0.2004999999999999,,
2026-04-18 08:15:33,1.7095,0.907,80.7,0.467,0.2004999999999999,,
2026-04-18 09:15:33,1.7252,1.724,80.2,0.467,0.18479999999999985,,
2026-04-18 10:15:33,1.7284,2.45,76.7,0.467,0.18159999999999998,,
2026-04-18 11:15:33,1.7661,3.063,80.9,0.467,0.14389999999999992,,
2026-04-18 12:15:33,1.7535,2.664,83.5,0.467,0.15649999999999986,,
2026-04-18 13:15:33,1.7409,2.423,82.7,0.467,0.16910000000000003,,
2026-04-18 14:15:33,1.7629,2.047,87.4,0.467,0.1471,,
2026-04-18 15:15:33,1.7692,0.797,96.7,0.467,0.14079999999999981,,
2026-04-18 16:15:33,1.7566,1.071,97.0,0.467,0.15339999999999998,,
2026-04-18 17:15:33,1.719,1.044,97.2,0.467,0.19099999999999984,,
2026-04-18 18:15:33,1.719,1.235,97.6,0.467,0.19099999999999984,,
2026-04-18 19:15:33,1.7127,1.561,98.5,0.467,0.19730000000000003,,
2026-04-18 20:15:33,1.7284,1.507,99.3,0.467,0.18159999999999998,,
2026-04-18 21:15:33,1.7127,1.67,99.6,0.467,0.19730000000000003,,
2026-04-18 22:15:33,1.7441,1.534,99.6,0.467,0.16589999999999994,,
2026-04-18 23:15:33,1.7441,2.45,99.6,0.467,0.16589999999999994,,
2026-04-19 00:15:33,1.7472,2.983,99.2,0.467,0.16279999999999983,,
2026-04-19 01:15:33,1.719,3.538,99.9,0.467,0.19099999999999984,,
2026-04-19 02:15:33,1.7504,4.428,99.9,0.467,0.15959999999999996,,
2026-04-19 03:15:33,1.7284,4.869,99.8,0.439,0.18159999999999998,,
2026-04-19 04:15:33,1.8069,4.194,100.0,0.439,0.10309999999999997,,
2026-04-19 05:15:33,1.7881,3.591,100.0,0.439,0.1218999999999999,,
2026-04-19 06:15:33,1.7629,4.506,100.0,0.439,0.1471,,
2026-04-19 07:15:33,1.7629,4.402,98.2,0.439,0.1471,,
2026-04-19 08:15:33,1.7881,4.74,95.9,0.439,0.1218999999999999,,
2026-04-19 09:15:33,1.7661,4.168,94.9,0.412,0.14389999999999992,,
2026-04-19 10:15:33,1.7441,5.847,90.4,0.412,0.16589999999999994,,
2026-04-19 11:15:33,1.81,6.737,82.1,0.412,0.09999999999999987,,
2026-04-19 12:15:33,1.7692,7.619,77.6,0.412,0.14079999999999981,,
2026-04-19 13:15:33,1.7786,9.336,70.1,0.412,0.13139999999999996,,
2026-04-19 14:15:33,1.7724,10.296,68.4,0.412,0.13759999999999994,,
2026-04-19 15:15:33,1.7912,9.558,71.0,0.412,0.11880000000000002,,
2026-04-19 16:15:33,1.8006,9.336,73.3,0.384,0.10939999999999994,,
2026-04-19 17:15:33,1.7724,10.026,71.2,0.384,0.13759999999999994,,
2026-04-19 18:15:33,1.8195,8.394,76.7,0.384,0.09050000000000002,,
2026-04-19 19:15:33,1.8195,7.242,80.0,0.356,0.09050000000000002,,
2026-04-19 20:15:33,1.7818,6.737,81.8,0.356,0.12819999999999987,,
2026-04-19 21:15:33,1.7881,6.611,80.6,0.356,0.1218999999999999,,
2026-04-19 22:15:33,1.8415,6.94,81.2,0.329,0.0685,,
2026-04-19 23:15:33,1.7943,6.914,81.9,0.329,0.11569999999999991,,
2026-04-20 00:15:33,1.832,6.611,82.6,0.329,0.07799999999999985,,
2026-04-20 01:15:33,1.8352,6.484,83.2,0.329,0.07479999999999998,,
2026-04-20 02:15:33,1.8069,6.56,83.2,0.329,0.10309999999999997,,
2026-04-20 03:15:33,1.8132,6.484,82.7,0.329,0.0968,,
2026-04-20 04:15:33,1.8195,6.484,81.3,0.301,0.09050000000000002,,
2026-04-20 05:15:33,1.832,6.56,77.8,0.301,0.07799999999999985,,
2026-04-20 06:15:33,1.8352,6.737,74.7,0.301,0.07479999999999998,,
2026-04-20 07:15:33,1.8729,6.788,73.9,0.301,0.03709999999999991,,
2026-04-20 08:15:33,1.854,7.293,72.2,0.301,0.05599999999999983,,
2026-04-20 09:15:33,1.8415,7.67,71.0,0.301,0.0685,,
2026-04-20 10:15:33,1.854,8.369,70.2,0.301,0.05599999999999983,,
2026-04-20 11:15:33,1.8697,9.854,74.1,0.301,0.0403,,
2026-04-20 12:15:33,1.8917,10.198,75.5,0.301,0.018299999999999983,,
2026-04-20 13:15:33,1.8572,10.956,72.9,0.301,0.05279999999999996,,
2026-04-20 14:15:33,1.8634,11.273,68.5,0.273,0.046599999999999975,,
2026-04-20 15:15:33,1.8477,11.2,70.3,0.273,0.06230000000000002,,
2026-04-20 16:15:33,1.8948,10.149,77.8,0.273,0.01519999999999988,,
2026-04-20 17:15:33,1.876,8.519,83.2,0.246,0.03400000000000003,,
2026-04-20 18:15:33,1.8854,8.22,83.6,0.246,0.024599999999999955,,
2026-04-20 19:15:33,1.8948,7.745,81.1,0.246,0.01519999999999988,,
2026-04-20 20:15:33,1.9074,7.695,79.8,0.246,0.0025999999999999357,,
2026-04-20 21:15:33,1.876,7.569,78.6,0.246,0.03400000000000003,,
2026-04-20 22:15:33,1.9168,8.095,76.4,0.246,-0.006800000000000139,,
2026-04-20 23:15:33,1.9011,8.369,76.3,0.246,0.008899999999999908,,
2026-04-21 00:15:33,1.9074,8.369,74.3,0.246,0.0025999999999999357,,
2026-04-21 01:15:33,1.9325,7.995,71.4,0.246,-0.022500000000000187,,
2026-04-21 02:15:33,1.9105,7.519,72.1,0.246,-0.000500000000000167,,
2026-04-21 03:15:33,1.8948,7.167,75.4,0.246,0.01519999999999988,,
2026-04-21 04:15:33,1.9137,7.116,75.0,0.246,-0.0037000000000000366,,
2026-04-21 05:15:33,1.9168,7.192,73.5,0.246,-0.006800000000000139,,
2026-04-21 06:15:33,1.898,7.091,74.6,0.246,0.01200000000000001,,
2026-04-21 07:15:33,1.9263,6.763,77.4,0.246,-0.01629999999999998,,
2026-04-21 08:15:33,1.9325,7.242,79.3,0.246,-0.022500000000000187,,
2026-04-21 09:15:33,1.9011,7.594,78.2,0.246,0.008899999999999908,,
2026-04-21 10:15:33,1.9263,8.369,78.4,0.246,-0.01629999999999998,,
2026-04-21 11:15:33,1.9357,8.245,78.3,0.273,-0.025700000000000056,,
2026-04-21 12:15:33,1.9388,8.643,80.5,0.273,-0.02880000000000016,,
2026-04-21 13:15:33,,8.419,83.8,0.273,,,
2026-04-21 14:15:33,1.9011,8.045,90.9,0.301,0.008899999999999908,,
2026-04-21 15:15:33,1.9263,8.045,92.6,0.301,-0.01629999999999998,,
2026-04-21 16:15:33,1.898,8.12,92.9,0.356,0.01200000000000001,,
2026-04-21 17:15:33,1.9263,7.343,89.1,0.412,-0.01629999999999998,,
2026-04-21 18:15:33,1.9263,6.408,85.8,0.522,-0.01629999999999998,,
2026-04-21 19:15:33,1.9168,4.947,90.1,0.632,-0.006800000000000139,,
2026-04-21 20:15:33,1.9514,4.324,78.9,0.77,-0.0414000000000001,,
2026-04-21 21:15:33,1.9011,4.089,75.3,0.907,0.008899999999999908,,
2026-04-21 22:15:33,1.9105,3.67,83.0,1.017,-0.000500000000000167,,
2026-04-21 23:15:33,1.8886,4.141,77.8,1.099,0.021399999999999864,,
2026-04-22 00:15:33,1.9074,3.433,84.9,1.18,0.0025999999999999357,,
2026-04-22 01:15:33,1.8917,3.221,85.9,1.208,0.018299999999999983,,
2026-04-22 02:15:33,1.9137,2.637,84.6,1.262,-0.0037000000000000366,,
2026-04-22 03:15:33,1.8886,2.983,74.5,1.289,0.021399999999999864,,
2026-04-22 04:15:33,1.898,2.637,69.3,1.317,0.01200000000000001,,
2026-04-22 05:15:33,1.9388,1.94,68.3,1.344,-0.02880000000000016,,
2026-04-22 06:15:33,1.9482,1.697,68.4,1.344,-0.03820000000000001,,
2026-04-22 07:15:33,1.9451,1.317,76.8,1.344,-0.03510000000000013,,
2026-04-22 08:15:33,1.942,1.615,77.4,1.344,-0.03200000000000003,,
2026-04-22 09:15:33,1.9137,2.289,71.6,1.317,-0.0037000000000000366,,
2026-04-22 10:15:33,1.9357,3.142,75.9,1.317,-0.025700000000000056,,
2026-04-22 11:15:33,1.9011,4.141,77.1,1.289,0.008899999999999908,,
2026-04-22 12:15:33,1.9105,5.024,74.8,1.289,-0.000500000000000167,,
2026-04-22 13:15:33,1.8917,5.616,69.4,1.317,0.018299999999999983,,
2026-04-22 14:15:33,1.8634,6.306,63.1,1.398,0.046599999999999975,,
2026-04-22 15:15:33,1.8729,6.204,69.2,1.453,0.03709999999999991,,
2026-04-22 16:15:33,1.8477,5.719,72.7,1.561,0.06230000000000002,,
2026-04-22 17:15:33,1.8572,5.179,74.2,1.67,0.05279999999999996,,
2026-04-22 18:15:33,1.8509,4.532,76.8,1.751,0.05909999999999993,,
2026-04-22 19:15:33,1.9074,3.406,76.0,1.859,0.0025999999999999357,,
2026-04-22 20:15:33,1.9263,2.316,77.6,1.913,-0.01629999999999998,,
2026-04-22 21:15:33,1.9011,2.503,77.6,1.967,0.008899999999999908,,
2026-04-22 22:15:33,1.92,2.396,80.5,1.994,-0.010000000000000009,,
2026-04-22 23:15:33,1.9043,2.557,77.9,1.994,0.005699999999999816,,
2026-04-23 00:15:33,1.9011,2.744,73.1,1.967,0.008899999999999908,,
2026-04-23 01:15:33,1.9168,2.877,71.2,1.967,-0.006800000000000139,,
2026-04-23 02:15:33,1.9357,2.477,73.7,1.94,-0.025700000000000056,,
2026-04-23 03:15:33,1.9263,1.994,76.3,1.913,-0.01629999999999998,,
2026-04-23 04:15:33,1.9043,1.697,74.1,1.886,0.005699999999999816,,
2026-04-23 05:15:33,1.9294,1.262,77.4,1.859,-0.019400000000000084,,
2026-04-23 06:15:33,1.9357,1.561,75.8,1.832,-0.025700000000000056,,
2026-04-23 07:15:33,1.9388,2.289,71.3,1.778,-0.02880000000000016,,
2026-04-23 08:15:33,1.9074,2.877,69.2,1.751,0.0025999999999999357,,
2026-04-23 09:15:33,1.9294,2.343,82.0,1.724,-0.019400000000000084,,
2026-04-23 10:15:33,1.9608,2.823,90.1,1.697,-0.05080000000000018,,
2026-04-23 11:15:33,1.9639,4.428,89.9,1.67,-0.05390000000000006,,
2026-04-23 12:15:33,1.9451,6.051,82.7,1.697,-0.03510000000000013,,
2026-04-23 13:15:33,1.9608,7.268,76.4,1.724,-0.05080000000000018,,
2026-04-23 14:15:33,1.9482,7.895,68.9,1.805,-0.03820000000000001,,
2026-04-23 15:15:33,1.9451,7.845,72.6,1.886,-0.03510000000000013,,
2026-04-23 16:15:33,1.9451,7.695,74.8,2.021,-0.03510000000000013,,
2026-04-23 17:15:33,1.9388,6.712,68.9,2.155,-0.02880000000000016,,
2026-04-23 18:15:33,1.9451,6.102,75.6,2.262,-0.03510000000000013,,
2026-04-23 19:15:33,1.942,5.154,78.3,2.37,-0.03200000000000003,,
2026-04-23 20:15:33,1.9137,4.194,80.3,2.477,-0.0037000000000000366,,
2026-04-23 21:15:33,1.9388,4.714,74.2,2.53,-0.02880000000000016,,
2026-04-23 22:15:33,1.854,4.714,71.3,2.584,0.05599999999999983,,
2026-04-23 23:15:33,1.8634,4.792,65.7,2.584,0.046599999999999975,,
2026-04-24 00:15:33,1.9105,4.194,66.4,2.584,-0.000500000000000167,,
2026-04-24 01:15:33,1.8603,4.402,62.4,2.584,0.049699999999999855,,
2026-04-24 02:15:33,1.9043,5.231,55.5,2.557,0.005699999999999816,,
2026-04-24 03:15:33,1.8917,5.462,52.0,2.53,0.018299999999999983,,
2026-04-24 04:15:33,1.8572,5.154,49.3,2.53,0.05279999999999996,,
2026-04-24 05:15:33,1.8634,4.532,51.8,2.503,0.046599999999999975,,
2026-04-24 06:15:33,1.8886,4.428,52.2,2.477,0.021399999999999864,,
2026-04-24 07:15:33,1.8886,4.402,55.6,2.45,0.021399999999999864,,
2026-04-24 08:15:33,1.9043,4.506,57.3,2.423,0.005699999999999816,,
2026-04-24 09:15:33,1.8886,5.385,57.9,2.396,0.021399999999999864,,
2026-04-24 10:15:33,1.8948,6.712,54.4,2.37,0.01519999999999988,,
2026-04-24 11:15:33,1.8572,7.82,53.5,2.37,0.05279999999999996,,
2026-04-24 12:15:33,1.8477,9.089,46.9,2.396,0.06230000000000002,,
2026-04-24 13:15:33,1.9105,9.657,49.3,2.423,-0.000500000000000167,,
2026-04-24 14:15:33,1.9043,10.149,49.6,2.503,0.005699999999999816,,
2026-04-24 15:15:33,1.942,10.051,51.9,2.61,-0.03200000000000003,,
2026-04-24 16:15:33,1.9451,9.336,58.5,2.744,-0.03510000000000013,,
2026-04-24 17:15:33,1.9231,9.336,52.3,2.85,-0.013100000000000112,,
2026-04-24 18:15:33,1.8697,8.02,53.8,2.983,0.0403,,
2026-04-24 19:15:33,1.9325,6.737,61.1,3.116,-0.022500000000000187,,
2026-04-24 20:15:33,1.9294,6.077,62.5,3.168,-0.019400000000000084,,
2026-04-24 21:15:33,1.9294,5.642,65.2,3.221,-0.019400000000000084,,
2026-04-24 22:15:33,1.9325,5.565,64.9,3.274,-0.022500000000000187,,
2026-04-24 23:15:33,1.9357,5.616,65.9,3.274,-0.025700000000000056,,
2026-04-25 00:15:33,1.9294,6.0,60.2,3.274,-0.019400000000000084,,
2026-04-25 01:15:33,1.9294,6.509,51.8,3.248,-0.019400000000000084,,
2026-04-25 02:15:33,1.9294,6.077,55.3,3.221,-0.019400000000000084,,
2026-04-25 03:15:33,1.9325,6.204,52.9,3.221,-0.022500000000000187,,
2026-04-25 04:15:33,1.9263,5.975,53.2,3.195,-0.01629999999999998,,
2026-04-25 05:15:33,,6.026,48.9,3.168,,,
2026-04-25 06:15:33,1.9074,6.179,44.8,3.168,0.0025999999999999357,,
2026-04-25 07:15:33,1.9325,5.616,51.4,3.142,-0.022500000000000187,,
2026-04-25 08:15:33,1.9388,5.642,53.1,3.116,-0.02880000000000016,,
2026-04-25 09:15:33,1.9294,6.128,50.5,3.116,-0.019400000000000084,,
2026-04-25 10:15:33,1.9263,7.066,48.5,3.116,-0.01629999999999998,,
2026-04-25 11:15:33,1.92,7.795,48.7,3.116,-0.010000000000000009,,
2026-04-25 12:15:33,1.9357,8.742,39.6,3.116,-0.025700000000000056,,
2026-04-25 13:15:33,1.9231,9.977,37.8,3.142,-0.013100000000000112,,
2026-04-25 14:15:33,1.942,10.32,47.7,3.195,-0.03200000000000003,,
2026-04-25 15:15:33,1.9451,10.198,50.7,3.248,-0.03510000000000013,,
2026-04-25 16:15:33,1.9325,10.369,47.1,3.354,-0.022500000000000187,,
2026-04-25 17:15:33,1.9357,9.188,58.0,3.459,-0.025700000000000056,,
2026-04-25 18:15:33,1.92,8.295,57.7,3.564,-0.010000000000000009,,
2026-04-25 19:15:33,1.8886,7.142,58.8,3.643,0.021399999999999864,,
2026-04-25 20:15:33,1.9074,5.616,61.2,3.722,0.0025999999999999357,,
2026-04-25 21:15:33,1.9011,5.539,57.8,3.749,0.008899999999999908,,
2026-04-25 22:15:33,1.8854,5.616,57.0,3.775,0.024599999999999955,,
2026-04-25 23:15:33,1.8572,5.796,56.9,3.749,0.05279999999999996,,
2026-04-26 00:15:33,1.9263,5.796,56.0,3.749,-0.01629999999999998,,
2026-04-26 01:15:33,1.8572,5.745,56.6,3.696,0.05279999999999996,,
2026-04-26 02:15:33,1.8854,5.514,57.0,3.67,0.024599999999999955,,
2026-04-26 03:15:33,1.8289,5.668,52.6,3.617,0.08109999999999995,,
2026-04-26 04:15:33,1.8477,5.591,51.9,3.591,0.06230000000000002,,
2026-04-26 05:15:33,1.832,5.488,53.5,3.564,0.07799999999999985,,
2026-04-26 06:15:33,1.8603,5.668,54.0,3.512,0.049699999999999855,,
2026-04-26 07:15:33,1.832,5.642,56.1,3.485,0.07799999999999985,,
2026-04-26 08:15:33,1.8446,5.745,56.5,3.459,0.0653999999999999,,
2026-04-26 09:15:33,1.8415,6.889,54.9,3.433,0.0685,,
2026-04-26 10:15:33,1.8917,7.97,56.6,3.406,0.018299999999999983,,
2026-04-26 11:15:33,1.8948,8.965,60.1,3.38,0.01519999999999988,,
2026-04-26 12:15:33,1.9011,10.222,55.4,3.406,0.008899999999999908,,
2026-04-26 13:15:33,1.8572,10.638,45.9,3.459,0.05279999999999996,,
2026-04-26 14:15:33,1.8791,11.053,52.5,3.538,0.030899999999999928,,
2026-04-26 15:15:33,1.942,11.394,48.2,3.617,-0.03200000000000003,,
2026-04-26 16:15:33,1.9357,11.005,55.7,3.749,-0.025700000000000056,,
2026-04-26 17:15:33,1.8572,9.78,63.3,3.854,0.05279999999999996,,
2026-04-26 18:15:33,1.9357,9.213,64.7,3.958,-0.025700000000000056,,
2026-04-26 19:15:33,1.942,8.195,65.4,4.063,-0.03200000000000003,,
2026-04-26 20:15:33,1.9388,6.889,64.5,4.168,-0.02880000000000016,,
2026-04-26 21:15:33,1.9388,6.306,60.3,4.22,-0.02880000000000016,,
2026-04-26 22:15:33,1.9357,6.179,59.4,4.246,-0.025700000000000056,,
2026-04-26 23:15:33,1.942,6.0,60.6,4.246,-0.03200000000000003,,
2026-04-27 00:15:33,1.9388,6.179,57.0,4.22,-0.02880000000000016,,
2026-04-27 01:15:33,1.9514,6.102,55.8,4.194,-0.0414000000000001,,
2026-04-27 02:15:33,1.9357,5.821,56.6,4.168,-0.025700000000000056,,
2026-04-27 03:15:33,1.9357,5.205,60.0,4.115,-0.025700000000000056,,
2026-04-27 04:15:33,1.9388,4.506,62.1,4.089,-0.02880000000000016,,
2026-04-27 05:15:33,1.9325,4.246,63.5,4.037,-0.022500000000000187,,
2026-04-27 06:15:33,1.9325,4.063,65.6,3.985,-0.022500000000000187,,
2026-04-27 07:15:33,1.9357,4.506,62.4,3.932,-0.025700000000000056,,
2026-04-27 08:15:33,1.9325,3.854,74.8,3.88,-0.022500000000000187,,
2026-04-27 09:15:33,1.9514,3.036,86.6,3.827,-0.0414000000000001,,
2026-04-27 10:15:33,1.9577,2.77,93.7,3.775,-0.047700000000000076,,
2026-04-27 11:15:33,1.9545,3.406,94.5,3.749,-0.044499999999999984,,
2026-04-27 12:15:33,1.9608,5.36,88.9,3.696,-0.05080000000000018,,
2026-04-27 13:15:33,1.9577,6.102,86.3,3.696,-0.047700000000000076,,
2026-04-27 14:15:33,1.9577,5.591,87.7,3.696,-0.047700000000000076,,
2026-04-27 15:15:33,1.9608,5.719,87.9,3.722,-0.05080000000000018,,
2026-04-27 16:15:33,1.9608,4.869,85.6,3.775,-0.05080000000000018,,
2026-04-27 17:15:33,1.9514,4.402,82.1,3.827,-0.0414000000000001,,
2026-04-27 18:15:33,1.9451,3.906,80.7,3.854,-0.03510000000000013,,
2026-04-27 19:15:33,1.9294,3.089,66.5,3.88,-0.019400000000000084,,
2026-04-27 20:15:33,1.9137,2.236,54.4,3.88,-0.0037000000000000366,,
2026-04-27 21:15:33,1.9294,2.956,53.6,3.854,-0.019400000000000084,,
2026-04-27 22:15:33,1.898,2.021,63.7,3.801,0.01200000000000001,,
2026-04-27 23:15:33,1.898,1.994,52.9,3.749,0.01200000000000001,,
2026-04-28 00:15:33,1.8948,1.453,47.5,3.67,0.01519999999999988,,
2026-04-28 01:15:33,1.9074,1.317,42.4,3.591,0.0025999999999999357,,
2026-04-28 02:15:33,1.8948,1.425,56.6,3.485,0.01519999999999988,,
2026-04-28 03:15:33,1.898,1.208,59.3,3.406,0.01200000000000001,,
2026-04-28 04:15:33,1.9011,0.825,49.9,3.327,0.008899999999999908,,
2026-04-28 05:15:33,1.9043,0.55,52.1,3.221,0.005699999999999816,,
2026-04-28 06:15:33,1.9043,0.934,53.0,3.142,0.005699999999999816,,
2026-04-28 07:15:33,1.942,1.126,68.1,3.036,-0.03200000000000003,,
2026-04-28 08:15:33,1.9294,-0.339,87.3,2.956,-0.019400000000000084,,
2026-04-28 09:15:33,1.9451,0.384,88.3,2.877,-0.03510000000000013,,
2026-04-28 10:15:33,1.9388,1.561,89.7,2.797,-0.02880000000000016,,
2026-04-28 11:15:33,1.9482,3.643,83.1,2.744,-0.03820000000000001,,
2026-04-28 12:15:33,1.9545,5.231,77.6,2.69,-0.044499999999999984,,
2026-04-28 13:15:33,1.9514,6.408,60.9,2.69,-0.0414000000000001,,
2026-04-28 14:15:33,1.9577,6.788,73.0,2.69,-0.047700000000000076,,
2026-04-28 15:15:33,1.9514,6.763,73.4,2.744,-0.0414000000000001,,
2026-04-28 16:15:33,1.9514,6.585,74.9,2.823,-0.0414000000000001,,
2026-04-28 17:15:33,1.9357,5.821,76.3,2.903,-0.025700000000000056,,
2026-04-28 18:15:33,1.9514,4.61,80.6,2.983,-0.0414000000000001,,
2026-04-28 19:15:33,1.9357,4.063,86.0,3.063,-0.025700000000000056,,
2026-04-28 20:15:33,1.9514,3.168,83.6,3.116,-0.0414000000000001,,
2026-04-28 21:15:33,1.9608,3.433,85.4,3.142,-0.05080000000000018,,
2026-04-28 22:15:33,1.9639,3.327,85.9,3.142,-0.05390000000000006,,
2026-04-28 23:15:33,1.9608,3.116,87.6,3.142,-0.05080000000000018,,
2026-04-29 00:15:33,1.9514,2.823,88.0,3.116,-0.0414000000000001,,
2026-04-29 01:15:33,1.9577,2.396,88.5,3.116,-0.047700000000000076,,
2026-04-29 02:15:33,1.9545,2.047,83.4,3.116,-0.044499999999999984,,
2026-04-29 03:15:33,1.9545,2.396,81.8,3.063,-0.044499999999999984,,
2026-04-29 04:15:33,1.9545,2.584,71.0,3.036,-0.044499999999999984,,
2026-04-29 05:15:33,1.9357,2.903,66.2,2.983,-0.025700000000000056,,
2026-04-29 06:15:33,,3.459,61.3,2.93,,,
2026-04-29 07:15:33,1.9263,3.88,62.0,2.903,-0.01629999999999998,,
2026-04-29 08:15:33,1.9263,4.194,68.1,2.85,-0.01629999999999998,,
2026-04-29 09:15:33,1.9514,5.205,70.6,2.823,-0.0414000000000001,,
2026-04-29 10:15:33,1.9451,6.408,70.7,2.797,-0.03510000000000013,,
2026-04-29 11:15:33,1.9608,7.745,71.4,2.77,-0.05080000000000018,,
2026-04-29 12:15:33,1.9639,9.262,67.4,2.797,-0.05390000000000006,,
2026-04-29 13:15:33,1.9577,10.1,67.3,2.85,-0.047700000000000076,,
2026-04-29 14:15:33,1.9482,10.051,65.1,2.93,-0.03820000000000001,,
2026-04-29 15:15:33,1.9577,10.198,70.4,3.036,-0.047700000000000076,,
2026-04-29 16:15:33,1.9577,9.977,68.2,3.168,-0.047700000000000076,,
2026-04-29 17:15:33,1.9608,9.829,73.3,3.301,-0.05080000000000018,,
2026-04-29 18:15:33,1.9545,8.568,76.2,3.433,-0.044499999999999984,,
2026-04-29 19:15:33,1.9545,7.569,77.3,3.538,-0.044499999999999984,,
2026-04-29 20:15:33,1.9514,6.914,75.8,3.643,-0.0414000000000001,,
2026-04-29 21:15:33,1.942,6.56,76.7,3.722,-0.03200000000000003,,
2026-04-29 22:15:33,1.9514,6.484,75.7,3.775,-0.0414000000000001,,
2026-04-29 23:15:33,1.9451,6.433,72.3,3.801,-0.03510000000000013,,
2026-04-30 00:15:33,1.9388,6.433,63.3,3.827,-0.02880000000000016,,
2026-04-30 01:15:33,,6.687,59.6,3.854,,,
2026-04-30 02:15:33,1.942,7.419,56.0,3.827,-0.03200000000000003,,
2026-04-30 03:15:33,1.9482,7.695,62.0,3.827,-0.03820000000000001,,
2026-04-30 04:15:33,1.9482,7.519,70.3,3.801,-0.03820000000000001,,
2026-04-30 05:15:33,1.9514,7.293,72.6,3.801,-0.0414000000000001,,
2026-04-30 06:15:33,1.9545,7.041,73.5,3.801,-0.044499999999999984,,
2026-04-30 07:15:33,1.9514,7.67,72.2,3.801,-0.0414000000000001,,
2026-04-30 08:15:33,1.9514,9.04,64.0,3.827,-0.0414000000000001,,
2026-04-30 09:15:33,1.9545,7.87,72.1,3.854,-0.044499999999999984,,
2026-04-30 10:15:33,1.9514,9.015,70.6,3.906,-0.0414000000000001,,
2026-04-30 11:15:33,1.9545,9.485,70.8,3.932,-0.044499999999999984,,
2026-04-30 12:15:33,1.9514,10.296,70.3,3.985,-0.0414000000000001,,
2026-04-30 13:15:33,1.9608,10.345,70.8,4.063,-0.05080000000000018,,
2026-04-30 14:15:33,1.9639,10.32,68.9,4.168,-0.05390000000000006,,
2026-04-30 15:15:33,1.9608,10.345,67.1,4.272,-0.05080000000000018,,
2026-04-30 16:15:33,1.9577,9.756,77.9,4.376,-0.047700000000000076,,
2026-04-30 17:15:33,1.9608,9.583,81.4,4.48,-0.05080000000000018,,
2026-04-30 18:15:33,1.9639,9.41,84.2,4.584,-0.05390000000000006,,
2026-04-30 19:15:33,1.9702,8.17,82.4,4.662,-0.06020000000000003,,
2026-04-30 20:15:33,1.9702,7.419,80.2,4.74,-0.06020000000000003,,
2026-04-30 21:15:33,1.9734,7.015,82.1,4.792,-0.06340000000000012,,
2026-04-30 22:15:33,1.9671,6.864,80.8,4.818,-0.05710000000000015,,
2026-04-30 23:15:33,1.9734,6.56,82.1,4.844,-0.06340000000000012,,
2026-05-01 00:15:33,1.9702,6.281,81.8,4.844,-0.06020000000000003,,
2026-05-01 01:15:33,1.9702,6.331,81.7,4.818,-0.06020000000000003,,
2026-05-01 02:15:33,1.9702,6.153,81.3,4.792,-0.06020000000000003,,
2026-05-01 03:15:33,1.9702,6.077,78.7,4.792,-0.06020000000000003,,
2026-05-01 04:15:33,1.9702,5.975,79.0,4.74,-0.06020000000000003,,
2026-05-01 05:15:33,1.9671,5.898,78.5,4.714,-0.05710000000000015,,
2026-05-01 06:15:33,1.9702,6.051,79.1,4.688,-0.06020000000000003,,
2026-05-01 07:15:33,1.9702,6.458,81.7,4.636,-0.06020000000000003,,
2026-05-01 08:15:33,1.9702,6.763,84.7,4.61,-0.06020000000000003,,
2026-05-01 09:15:33,1.9765,7.142,86.0,4.584,-0.0665,,
2026-05-01 10:15:33,1.9702,7.945,84.1,4.584,-0.06020000000000003,,
2026-05-01 11:15:33,1.9734,8.07,89.0,4.584,-0.06340000000000012,,
2026-05-01 12:15:33,1.9734,8.543,89.5,4.61,-0.06340000000000012,,
2026-05-01 13:15:33,1.9702,9.558,86.2,4.662,-0.06020000000000003,,
2026-05-01 14:15:33,1.9765,8.965,88.9,4.74,-0.0665,,
2026-05-01 15:15:33,1.9765,8.841,87.7,4.818,-0.0665,,
2026-05-01 16:15:33,1.9796,9.312,87.0,4.921,-0.0696000000000001,,
2026-05-01 17:15:33,1.9796,8.668,88.0,5.024,-0.0696000000000001,,
2026-05-01 18:15:33,1.9765,8.618,88.0,5.102,-0.0665,,
2026-05-01 19:15:33,1.9702,7.619,86.2,5.154,-0.06020000000000003,,
2026-05-01 20:15:33,1.9702,7.041,78.4,5.231,-0.06020000000000003,,
2026-05-01 21:15:33,1.9734,7.368,81.2,5.257,-0.06340000000000012,,
2026-05-01 22:15:33,1.9734,7.544,81.4,5.257,-0.06340000000000012,,
2026-05-01 23:15:33,1.9734,7.419,81.0,5.257,-0.06340000000000012,,
2026-05-02 00:15:33,1.9734,7.318,80.8,5.231,-0.06340000000000012,,
2026-05-02 01:15:33,1.9671,7.268,79.6,5.231,-0.05710000000000015,,
2026-05-02 02:15:33,1.9734,7.444,77.0,5.205,-0.06340000000000012,,
2026-05-02 03:15:33,1.9671,7.393,75.5,5.205,-0.05710000000000015,,
2026-05-02 04:15:33,1.9702,7.242,74.7,5.154,-0.06020000000000003,,
2026-05-02 05:15:33,1.9734,7.544,71.5,5.154,-0.06340000000000012,,
2026-05-02 06:15:33,1.9671,8.295,67.7,5.128,-0.05710000000000015,,
2026-05-02 07:15:33,1.9639,8.469,67.8,5.102,-0.05390000000000006,,
2026-05-02 08:15:33,1.9608,8.668,69.5,5.076,-0.05080000000000018,,
2026-05-02 09:15:33,,9.682,67.7,5.076,,,
2026-05-02 10:15:33,1.9702,11.321,66.1,5.076,-0.06020000000000003,,
2026-05-02 11:15:33,1.9671,12.413,65.4,5.076,-0.05710000000000015,,
2026-05-02 12:15:33,1.9702,13.497,63.9,5.128,-0.06020000000000003,,
2026-05-02 13:15:33,1.9828,14.122,61.5,5.205,-0.07279999999999998,,
2026-05-02 14:15:33,1.9765,14.314,60.3,5.282,-0.0665,,
2026-05-02 15:15:33,1.9796,14.721,59.6,5.437,-0.0696000000000001,,
2026-05-02 16:15:33,1.9828,14.05,65.9,5.591,-0.07279999999999998,,
2026-05-02 17:15:33,1.9859,13.594,66.1,5.745,-0.07590000000000008,,
2026-05-02 18:15:33,1.9859,12.195,65.8,5.898,-0.07590000000000008,,
2026-05-02 19:15:33,1.9765,11.2,65.3,6.026,-0.0665,,
2026-05-02 20:15:33,1.9639,10.834,49.1,6.102,-0.05390000000000006,,
2026-05-02 21:15:33,1.9514,10.296,48.6,6.179,-0.0414000000000001,,
2026-05-02 22:15:33,,10.394,51.7,6.204,,,
2026-05-02 23:15:33,1.9608,10.222,53.2,6.204,-0.05080000000000018,,
2026-05-03 00:15:33,1.9639,9.903,56.5,6.179,-0.05390000000000006,,
2026-05-03 01:15:33,1.9608,10.001,52.5,6.153,-0.05080000000000018,,
2026-05-03 02:15:33,1.9451,10.1,50.5,6.128,-0.03510000000000013,,
2026-05-03 03:15:33,1.9639,10.834,43.8,6.102,-0.05390000000000006,,
2026-05-03 04:15:33,1.9702,11.005,42.9,6.077,-0.06020000000000003,,
2026-05-03 05:15:33,1.9639,11.613,41.8,6.026,-0.05390000000000006,,
2026-05-03 06:15:33,1.9608,11.662,47.3,6.026,-0.05080000000000018,,
2026-05-03 07:15:33,1.9734,11.953,48.3,6.0,-0.06340000000000012,,
2026-05-03 08:15:33,1.9608,12.243,50.1,6.0,-0.05080000000000018,,
2026-05-03 09:15:33,1.9765,13.185,52.6,6.0,-0.0665,,
2026-05-03 10:15:33,1.9765,14.601,51.8,6.026,-0.0665,,
2026-05-03 11:15:33,1.9796,15.055,60.9,6.051,-0.0696000000000001,,
2026-05-03 12:15:33,1.9765,16.534,58.9,6.128,-0.0665,,
2026-05-03 13:15:33,1.9828,17.391,53.7,6.23,-0.07279999999999998,,
2026-05-03 14:15:33,1.9859,17.796,52.0,6.357,-0.07590000000000008,,
2026-05-03 15:15:33,1.9828,18.033,47.7,6.535,-0.07279999999999998,,
2026-05-03 16:15:33,1.9734,17.843,49.6,6.712,-0.06340000000000012,,
2026-05-03 17:15:33,1.9671,17.368,51.5,6.914,-0.05710000000000015,,
2026-05-03 18:15:33,1.9765,16.249,50.6,7.066,-0.0665,,
2026-05-03 19:15:33,1.9577,15.031,48.5,7.217,-0.047700000000000076,,
2026-05-03 20:15:33,1.9482,13.738,37.3,7.343,-0.03820000000000001,,
2026-05-03 21:15:33,1.9451,13.305,41.0,7.444,-0.03510000000000013,,
2026-05-03 22:15:33,1.9451,13.522,40.9,7.469,-0.03510000000000013,,
2026-05-03 23:15:33,1.8634,13.473,41.5,7.469,0.046599999999999975,,
2026-05-04 00:15:33,1.8383,13.618,41.1,7.469,0.07169999999999987,,
2026-05-04 01:15:33,1.8415,13.978,40.3,7.469,0.0685,,
2026-05-04 02:15:33,1.8415,14.242,39.8,7.444,0.0685,,
2026-05-04 03:15:33,1.8603,14.002,40.8,7.419,0.049699999999999855,,
2026-05-04 04:15:33,1.8383,13.618,42.4,7.419,0.07169999999999987,,
2026-05-04 05:15:33,1.8352,13.786,41.9,7.393,0.07479999999999998,,
2026-05-04 06:15:33,1.9325,13.69,42.9,7.393,-0.022500000000000187,,
2026-05-04 07:15:33,1.8415,13.81,44.2,7.393,0.0685,,
2026-05-04 08:15:33,1.8509,14.433,46.1,7.393,0.05909999999999993,,
2026-05-04 09:15:33,1.9357,15.294,43.9,7.393,-0.025700000000000056,,
2026-05-04 10:15:33,1.9388,17.177,42.4,7.419,-0.02880000000000016,,
2026-05-04 11:15:33,1.9482,18.39,41.2,7.444,-0.03820000000000001,,
2026-05-04 12:15:33,1.876,19.722,35.2,7.519,0.03400000000000003,,
2026-05-04 13:15:33,1.9765,20.627,34.0,7.594,-0.0665,,
2026-05-04 14:15:33,1.8886,21.199,34.4,7.745,0.021399999999999864,,
2026-05-04 15:15:33,1.9734,20.698,38.2,7.895,-0.06340000000000012,,
2026-05-04 16:15:33,1.9765,20.055,38.7,8.095,-0.0665,,
2026-05-04 17:15:33,1.8572,19.175,44.2,8.27,0.05279999999999996,,
2026-05-04 18:15:33,1.7629,17.986,40.6,8.444,0.1471,,
2026-05-04 19:15:33,1.7881,16.963,46.4,8.593,0.1218999999999999,,
2026-05-04 20:15:33,1.9514,15.055,48.6,8.693,-0.0414000000000001,,
2026-05-04 21:15:33,1.9482,14.625,51.3,8.767,-0.03820000000000001,,
2026-05-04 22:15:33,1.9702,14.026,55.6,8.792,-0.06020000000000003,,
2026-05-04 23:15:33,,13.497,57.3,8.817,,,
2026-05-05 00:15:33,1.9639,13.642,55.7,8.792,-0.05390000000000006,,
2026-05-05 01:15:33,1.9671,13.305,47.4,8.792,-0.05710000000000015,,
2026-05-05 02:15:33,,13.04,45.4,8.742,,,
2026-05-05 03:15:33,1.9608,12.92,44.3,8.717,-0.05080000000000018,,
2026-05-05 04:15:33,1.9671,12.775,45.3,8.668,-0.05710000000000015,,
2026-05-05 05:15:33,1.8257,12.871,43.2,8.618,0.08429999999999982,,
2026-05-05 06:15:33,1.8006,12.751,43.8,8.568,0.10939999999999994,,
2026-05-05 07:15:33,1.7975,12.558,45.8,8.494,0.11249999999999982,,
2026-05-05 08:15:33,1.8226,12.678,46.9,8.444,0.08739999999999992,,
2026-05-05 09:15:33,1.9639,13.497,51.7,8.419,-0.05390000000000006,,
2026-05-05 10:15:33,1.9734,14.912,55.1,8.369,-0.06340000000000012,,
2026-05-05 11:15:33,1.9734,15.963,54.2,8.344,-0.06340000000000012,,
2026-05-05 12:15:33,1.9796,17.082,52.5,8.369,-0.0696000000000001,,
2026-05-05 13:15:33,,17.415,52.3,8.419,,,
2026-05-05 14:15:33,1.9734,17.249,52.1,8.494,-0.06340000000000012,,
2026-05-05 15:15:33,1.9608,16.915,50.9,8.593,-0.05080000000000018,,
2026-05-05 16:15:33,1.9577,16.511,53.8,8.742,-0.047700000000000076,,
2026-05-05 17:15:33,1.9702,15.724,56.8,8.841,-0.06020000000000003,,
2026-05-05 18:15:33,1.9671,14.457,63.6,8.916,-0.05710000000000015,,
2026-05-05 19:15:33,1.9639,13.497,65.1,8.99,-0.05390000000000006,,
2026-05-05 20:15:33,1.9702,12.025,66.6,9.04,-0.06020000000000003,,
2026-05-05 21:15:33,1.9577,11.224,66.5,9.064,-0.047700000000000076,,
2026-05-05 22:15:33,1.9545,10.492,66.4,9.04,-0.044499999999999984,,
2026-05-05 23:15:33,1.9545,9.731,71.8,9.015,-0.044499999999999984,,
2026-05-06 00:15:33,1.9514,9.213,65.6,8.941,-0.0414000000000001,,
2026-05-06 01:15:33,1.9514,8.965,67.0,8.866,-0.0414000000000001,,
2026-05-06 02:15:33,1.9482,8.245,66.4,8.792,-0.03820000000000001,,
2026-05-06 03:15:33,1.9388,7.77,67.8,8.693,-0.02880000000000016,,
2026-05-06 04:15:33,1.9388,7.594,69.6,8.593,-0.02880000000000016,,
2026-05-06 05:15:33,1.9451,6.965,72.5,8.494,-0.03510000000000013,,
2026-05-06 06:15:33,1.942,6.889,71.2,8.394,-0.03200000000000003,,
2026-05-06 07:15:33,1.9577,7.091,75.0,8.27,-0.047700000000000076,,
2026-05-06 08:15:33,1.9545,6.839,74.5,8.17,-0.044499999999999984,,
2026-05-06 09:15:33,1.9577,6.102,82.5,8.07,-0.047700000000000076,,
2026-05-06 10:15:33,1.9639,6.0,87.7,7.995,-0.05390000000000006,,
2026-05-06 11:15:33,1.9702,6.636,86.7,7.895,-0.06020000000000003,,
2026-05-06 12:15:33,,7.293,83.1,7.82,,,
2026-05-06 13:15:33,1.9639,7.72,83.1,7.745,-0.05390000000000006,,
2026-05-06 14:15:33,1.9702,7.845,80.7,7.695,-0.06020000000000003,,
2026-05-06 15:15:33,1.9639,7.97,80.0,7.67,-0.05390000000000006,,
2026-05-06 16:15:33,1.9639,7.895,78.7,7.67,-0.05390000000000006,,
2026-05-06 17:15:33,1.9482,6.611,81.7,7.645,-0.03820000000000001,,
2026-05-06 18:15:33,1.9514,5.539,85.4,7.645,-0.0414000000000001,,
2026-05-06 19:15:33,1.9671,4.818,87.1,7.594,-0.05710000000000015,,
2026-05-06 20:15:33,1.7912,3.722,86.8,7.519,0.11880000000000002,,
2026-05-06 21:15:33,1.7347,3.036,65.9,7.444,0.1753,,
2026-05-06 22:15:33,1.7315,3.221,64.8,7.343,0.17849999999999988,,
2026-05-06 23:15:33,1.7347,2.717,68.7,7.242,0.1753,,
2026-05-07 00:15:33,1.7347,2.903,69.8,7.116,0.1753,,
2026-05-07 01:15:33,1.7755,3.116,76.5,6.965,0.13449999999999984,,
2026-05-07 02:15:33,,2.823,80.9,6.839,,,
2026-05-07 03:15:33,,3.749,79.5,6.687,,,
2026-05-07 04:15:33,1.9545,3.827,80.9,6.56,-0.044499999999999984,,
2026-05-07 05:15:33,1.9514,3.538,80.1,6.458,-0.0414000000000001,,
2026-05-07 06:15:33,1.7409,4.063,68.4,6.357,0.16910000000000003,,
2026-05-07 07:15:33,1.7347,4.74,62.9,6.255,0.1753,,
2026-05-07 08:15:33,1.7347,4.662,65.0,6.153,0.1753,,
2026-05-07 09:15:33,1.7315,5.872,59.4,6.051,0.17849999999999988,,
2026-05-07 10:15:33,1.9514,5.539,84.1,5.975,-0.0414000000000001,,
2026-05-07 11:15:33,1.9577,7.594,79.2,5.924,-0.047700000000000076,,
2026-05-07 12:15:33,1.9545,9.139,74.0,5.872,-0.044499999999999984,,
2026-05-07 13:15:33,,10.761,69.0,5.872,,,
2026-05-07 14:15:33,,11.662,64.8,5.898,,,
2026-05-07 15:15:33,,12.243,58.4,5.949,,,
2026-05-07 16:15:33,,11.71,63.6,6.051,,,
2026-05-07 17:15:33,,10.001,71.4,6.179,,,
2026-05-07 18:15:33,1.9325,9.287,76.3,6.255,-0.022500000000000187,,
2026-05-07 19:15:33,1.9325,8.717,78.9,6.331,-0.022500000000000187,,
2026-05-07 20:15:33,1.9608,7.444,79.6,6.408,-0.05080000000000018,,
2026-05-07 21:15:33,1.9577,7.318,77.2,6.433,-0.047700000000000076,,
2026-05-07 22:15:33,1.9577,7.343,75.7,6.433,-0.047700000000000076,,
2026-05-07 23:15:33,1.9639,7.015,79.4,6.433,-0.05390000000000006,,
2026-05-08 00:15:33,,7.393,74.9,6.433,,,
2026-05-08 01:15:33,1.9545,6.331,76.9,6.382,-0.044499999999999984,,
2026-05-08 02:15:33,1.9639,6.535,77.3,6.357,-0.05390000000000006,,
2026-05-08 03:15:33,1.9482,6.255,83.6,6.331,-0.03820000000000001,,
2026-05-08 04:15:33,,5.719,87.8,6.281,,,
2026-05-08 05:15:33,1.9545,5.205,90.1,6.255,-0.044499999999999984,,
2026-05-08 06:15:33,1.9671,5.282,92.9,6.204,-0.05710000000000015,,
2026-05-08 07:15:33,,5.128,96.6,6.153,,,
2026-05-08 08:15:33,,4.636,97.6,6.128,,,
2026-05-08 09:15:33,1.7504,4.74,96.9,6.077,0.15959999999999996,,
2026-05-08 10:15:33,1.7535,5.024,90.7,6.051,0.15649999999999986,,
2026-05-08 11:15:33,1.7347,5.872,85.7,6.0,0.1753,,
2026-05-08 12:15:33,1.7315,6.128,85.9,5.975,0.17849999999999988,,
2026-05-08 13:15:33,1.7315,5.796,87.8,5.949,0.17849999999999988,,
2026-05-08 14:15:33,,6.306,84.0,5.949,,,
2026-05-08 15:15:33,,7.015,81.8,5.924,,,
2026-05-08 16:15:33,,6.839,82.5,5.924,,,
2026-05-08 17:15:33,,7.192,80.9,5.924,,,
2026-05-08 18:15:33,1.9671,6.585,83.8,5.924,-0.05710000000000015,,
2026-05-08 19:15:33,1.9639,5.745,84.9,5.924,-0.05390000000000006,,
2026-05-08 20:15:33,1.9671,5.565,84.0,5.924,-0.05710000000000015,,
2026-05-08 21:15:33,1.9577,5.282,84.4,5.898,-0.047700000000000076,,
2026-05-08 22:15:33,1.9577,4.947,84.6,5.872,-0.047700000000000076,,
2026-05-08 23:15:33,1.9577,5.308,82.9,5.847,-0.047700000000000076,,
2026-05-09 00:15:33,1.9639,5.179,82.4,5.796,-0.05390000000000006,,
2026-05-09 01:15:33,1.9545,5.076,84.0,5.745,-0.044499999999999984,,
2026-05-09 02:15:33,1.9608,4.869,85.2,5.719,-0.05080000000000018,,
2026-05-09 03:15:33,1.9514,4.636,85.9,5.668,-0.0414000000000001,,
2026-05-09 04:15:33,1.9545,4.48,84.2,5.616,-0.044499999999999984,,
2026-05-09 05:15:33,1.9388,4.428,84.7,5.565,-0.02880000000000016,,
2026-05-09 06:15:33,1.9545,4.636,84.2,5.514,-0.044499999999999984,,
2026-05-09 07:15:33,1.9514,5.102,84.4,5.488,-0.0414000000000001,,
2026-05-09 08:15:33,1.9545,5.102,87.7,5.437,-0.044499999999999984,,
2026-05-09 09:15:33,1.9545,5.514,86.9,5.411,-0.044499999999999984,,
2026-05-09 10:15:33,1.9671,6.255,85.2,5.36,-0.05710000000000015,,
2026-05-09 11:15:33,1.9671,6.331,88.4,5.36,-0.05710000000000015,,
2026-05-09 12:15:33,1.9514,7.318,87.5,5.334,-0.0414000000000001,,
2026-05-09 13:15:33,,8.22,83.9,5.36,,,
2026-05-09 14:15:33,1.9545,7.97,86.1,5.385,-0.044499999999999984,,
2026-05-09 15:15:33,1.9608,8.369,82.1,5.411,-0.05080000000000018,,
2026-05-09 16:15:33,1.9514,8.195,82.5,5.488,-0.0414000000000001,,
2026-05-09 17:15:33,1.7692,8.22,81.8,5.514,0.14079999999999981,,
2026-05-09 18:15:33,1.7598,7.293,85.7,5.591,0.1501999999999999,,
2026-05-09 19:15:33,1.7347,6.179,88.5,5.616,0.1753,,
2026-05-09 20:15:33,1.7472,5.488,88.9,5.642,0.16279999999999983,,
2026-05-09 21:15:33,1.7472,4.921,88.4,5.668,0.16279999999999983,,
2026-05-09 22:15:33,1.9482,4.454,88.8,5.668,-0.03820000000000001,,
2026-05-09 23:15:33,1.9388,4.376,85.1,5.642,-0.02880000000000016,,
2026-05-10 00:15:33,1.9451,4.115,84.3,5.616,-0.03510000000000013,,
2026-05-10 01:15:33,1.7598,4.089,84.6,5.539,0.1501999999999999,,
2026-05-10 02:15:33,1.7441,4.428,84.8,5.488,0.16589999999999994,,
2026-05-10 03:15:33,1.7409,4.662,87.2,5.437,0.16910000000000003,,
2026-05-10 04:15:33,,4.61,89.2,5.385,,,
2026-05-10 05:15:33,1.7661,4.636,89.0,5.334,0.14389999999999992,,
2026-05-10 06:15:33,1.7378,4.688,90.7,5.282,0.1721999999999999,,
2026-05-10 07:15:33,1.7378,4.584,92.8,5.257,0.1721999999999999,,
2026-05-10 08:15:33,1.7347,4.973,90.9,5.205,0.1753,,
2026-05-10 09:15:33,,4.869,91.9,5.179,,,
2026-05-10 10:15:33,1.7629,5.411,90.4,5.154,0.1471,,
2026-05-10 11:15:33,1.7378,4.558,96.2,5.154,0.1721999999999999,,
2026-05-10 12:15:33,1.7315,5.024,95.4,5.128,0.17849999999999988,,
2026-05-10 13:15:33,1.7472,5.411,94.0,5.128,0.16279999999999983,,
2026-05-10 14:15:33,1.7441,6.077,87.6,5.128,0.16589999999999994,,
2026-05-10 15:15:33,1.7315,6.408,78.5,5.154,0.17849999999999988,,
2026-05-10 16:15:33,1.7661,7.142,79.7,5.154,0.14389999999999992,,
2026-05-10 17:15:33,1.7598,5.975,83.6,5.205,0.1501999999999999,,
2026-05-10 18:15:33,1.7347,5.796,90.7,5.231,0.1753,,
2026-05-10 19:15:33,,5.102,92.2,5.257,,,
2026-05-10 20:15:33,1.7284,3.801,92.0,5.257,0.18159999999999998,,
2026-05-10 21:15:33,1.7252,3.354,93.0,5.257,0.18479999999999985,,
2026-05-10 22:15:33,1.7315,2.503,92.2,5.231,0.17849999999999988,,
2026-05-10 23:15:33,1.7284,2.209,92.3,5.205,0.18159999999999998,,
2026-05-11 00:15:33,1.7252,1.859,92.3,5.154,0.18479999999999985,,
2026-05-11 01:15:33,1.7252,2.209,93.4,5.076,0.18479999999999985,,
2026-05-11 02:15:33,1.7284,1.371,91.6,5.024,0.18159999999999998,,
2026-05-11 03:15:33,1.7284,1.371,85.7,4.947,0.18159999999999998,,
2026-05-11 04:15:33,1.7284,1.371,82.3,4.844,0.18159999999999998,,
2026-05-11 05:15:33,1.7284,1.289,83.7,4.792,0.18159999999999998,,
2026-05-11 06:15:33,1.7284,1.751,77.5,4.688,0.18159999999999998,,
2026-05-11 07:15:33,1.7284,2.236,77.6,4.584,0.18159999999999998,,
2026-05-11 08:15:33,1.7284,2.956,83.0,4.506,0.18159999999999998,,
2026-05-11 09:15:33,1.7284,4.011,84.2,4.428,0.18159999999999998,,
2026-05-11 10:15:33,1.7315,5.745,87.4,4.376,0.17849999999999988,,
2026-05-11 11:15:33,1.7378,7.066,80.2,4.324,0.1721999999999999,,
