datetime,distance_m,air_temp_C,RH_pct,soil_temp_C,snow_depth_m,field_distance_m,field_snow_depth_m
2025-02-11 16:00:00,1.6122,-4.137,40.7,,0.15779999999999994,,
2025-02-11 17:00:00,1.5996,-5.079,34.9,,0.1704000000000001,,
2025-02-11 18:00:00,1.5902,-6.01,45.4,,0.17979999999999996,,
2025-02-11 19:00:00,1.5933,-6.77,52.2,,0.17670000000000008,,
2025-02-11 20:00:00,1.587,-6.42,48.5,,0.18300000000000005,,
2025-02-11 21:00:00,1.5902,-6.706,50.9,,0.17979999999999996,,
2025-02-11 22:00:00,1.5965,-6.357,49.8,,0.1735,,
2025-02-11 23:00:00,1.5902,-6.325,48.7,,0.17979999999999996,,
2025-02-12 00:00:00,,-5.916,52.6,,,,
2025-02-12 01:00:00,1.5965,-5.916,51.4,,0.1735,,
2025-02-12 02:00:00,1.5337,-6.01,53.7,,0.23629999999999995,,
2025-02-12 03:00:00,1.5965,-5.76,49.6,,0.1735,,
2025-02-12 04:00:00,1.587,-5.698,48.9,,0.18300000000000005,,
2025-02-12 05:00:00,1.5713,-6.01,48.9,,0.1987000000000001,,
2025-02-12 06:00:00,1.587,-5.948,44.4,,0.18300000000000005,,
2025-02-12 07:00:00,,-6.706,49.0,,,,
2025-02-12 08:00:00,,-6.962,50.0,,,,
2025-02-12 09:00:00,1.5839,-6.674,47.0,,0.18609999999999993,,
2025-02-12 10:00:00,,-5.76,43.1,,,,
2025-02-12 11:00:00,,-5.295,43.5,,,,
2025-02-12 12:00:00,1.5242,-4.257,36.9,,0.24580000000000002,,
2025-02-12 13:00:00,,-3.747,43.2,,,,
2025-02-12 14:00:00,1.5368,-3.035,40.6,,0.23320000000000007,,
2025-02-12 15:00:00,1.5651,-2.742,50.1,,0.20490000000000008,,
2025-02-12 16:00:00,1.5808,-2.771,48.0,,0.18920000000000003,,
2025-02-12 17:00:00,1.587,-3.657,47.0,,0.18300000000000005,,
2025-02-12 18:00:00,1.5619,-4.682,57.9,,0.20809999999999995,,
2025-02-12 19:00:00,,-5.698,52.6,,,,
2025-02-12 20:00:00,1.5776,-5.605,51.9,,0.19240000000000013,,
2025-02-12 21:00:00,1.5776,-5.418,49.8,,0.19240000000000013,,
2025-02-12 22:00:00,1.5839,-5.667,56.0,,0.18609999999999993,,
2025-02-12 23:00:00,1.5839,-5.76,58.5,,0.18609999999999993,,
2025-02-13 00:00:00,1.587,-4.804,51.3,,0.18300000000000005,,
2025-02-13 01:00:00,1.5965,-5.449,53.9,,0.1735,,
2025-02-13 02:00:00,1.5902,-5.511,57.5,,0.17979999999999996,,
2025-02-13 03:00:00,,-5.511,58.5,,,,
2025-02-13 04:00:00,1.5933,-4.957,58.0,,0.17670000000000008,,
2025-02-13 05:00:00,1.5965,-4.439,52.9,,0.1735,,
2025-02-13 06:00:00,1.5933,-4.804,58.6,,0.17670000000000008,,
2025-02-13 07:00:00,1.5808,-4.106,54.5,,0.18920000000000003,,
2025-02-13 08:00:00,1.5808,-3.39,49.4,,0.18920000000000003,,
2025-02-13 09:00:00,1.5337,-3.035,48.4,,0.23629999999999995,,
2025-02-13 10:00:00,1.5651,-2.859,50.3,,0.20490000000000008,,
2025-02-13 11:00:00,1.5839,-1.527,48.9,,0.18609999999999993,,
2025-02-13 12:00:00,1.5839,-1.071,43.9,,0.18609999999999993,,
2025-02-13 13:00:00,1.5682,-1.043,50.0,,0.20179999999999998,,
2025-02-13 14:00:00,1.587,-0.563,54.8,,0.18300000000000005,,
2025-02-13 15:00:00,1.5839,-0.873,54.3,,0.18609999999999993,,
2025-02-13 16:00:00,1.5713,-1.071,52.0,,0.1987000000000001,,
2025-02-13 17:00:00,1.5839,-1.498,56.7,,0.18609999999999993,,
2025-02-13 18:00:00,1.5839,-2.131,56.1,,0.18609999999999993,,
2025-02-13 19:00:00,1.5902,-2.566,59.1,,0.17979999999999996,,
2025-02-13 20:00:00,1.5808,-2.683,59.5,,0.18920000000000003,,
2025-02-13 21:00:00,1.5839,-2.976,61.1,,0.18609999999999993,,
2025-02-13 22:00:00,1.5808,-3.538,59.1,,0.18920000000000003,,
2025-02-13 23:00:00,1.5776,-3.777,57.2,,0.19240000000000013,,
2025-02-14 00:00:00,1.5651,-3.807,60.0,,0.20490000000000008,,
2025-02-14 01:00:00,1.5902,-4.227,58.8,,0.17979999999999996,,
2025-02-14 02:00:00,1.5902,-4.56,58.1,,0.17979999999999996,,
2025-02-14 03:00:00,1.5808,-4.834,58.5,,0.18920000000000003,,
2025-02-14 04:00:00,,-5.264,61.0,,,,
2025-02-14 05:00:00,1.587,-5.449,62.9,,0.18300000000000005,,
2025-02-14 06:00:00,1.5902,-6.01,64.5,,0.17979999999999996,,
2025-02-14 07:00:00,1.5808,-6.105,65.0,,0.18920000000000003,,
2025-02-14 08:00:00,1.5902,-6.357,65.7,,0.17979999999999996,,
2025-02-14 09:00:00,1.5651,-6.231,69.4,,0.20490000000000008,,
2025-02-14 10:00:00,1.5902,-5.636,69.9,,0.17979999999999996,,
2025-02-14 11:00:00,1.5808,-5.605,77.3,,0.18920000000000003,,
2025-02-14 12:00:00,1.5808,-4.167,66.5,,0.18920000000000003,,
2025-02-14 13:00:00,1.5651,-3.508,67.1,,0.20490000000000008,,
2025-02-14 14:00:00,,-2.976,66.8,,,,
2025-02-14 15:00:00,1.5965,-2.742,68.7,,0.1735,,
2025-02-14 16:00:00,,-2.654,73.8,,,,
2025-02-14 17:00:00,1.5933,-2.918,76.7,,0.17670000000000008,,
2025-02-14 18:00:00,,-3.124,77.4,,,,
2025-02-14 19:00:00,1.5933,-3.271,80.3,,0.17670000000000008,,
2025-02-14 20:00:00,1.5462,-3.419,79.7,,0.2238,,
2025-02-14 21:00:00,1.5619,-3.449,81.5,,0.20809999999999995,,
2025-02-14 22:00:00,1.5933,-2.771,80.3,,0.17670000000000008,,
2025-02-14 23:00:00,1.5933,-2.537,85.0,,0.17670000000000008,,
2025-02-15 00:00:00,1.5808,-2.276,83.4,,0.18920000000000003,,
2025-02-15 01:00:00,1.5776,-1.986,86.0,,0.19240000000000013,,
2025-02-15 02:00:00,1.6028,-1.641,83.4,,0.16720000000000002,,
2025-02-15 03:00:00,1.609,-1.699,89.1,,0.16100000000000003,,
2025-02-15 04:00:00,1.6028,-1.986,88.8,,0.16720000000000002,,
2025-02-15 05:00:00,1.6122,-2.102,88.5,,0.15779999999999994,,
2025-02-15 06:00:00,1.6185,-2.16,88.9,,0.15149999999999997,,
2025-02-15 07:00:00,1.5776,-2.654,89.2,,0.19240000000000013,,
2025-02-15 08:00:00,1.587,-3.153,89.6,,0.18300000000000005,,
2025-02-15 09:00:00,1.6216,-3.449,93.1,,0.1484000000000001,,
2025-02-15 10:00:00,1.6185,-3.271,94.0,,0.15149999999999997,,
2025-02-15 11:00:00,,-3.153,94.0,,,,
2025-02-15 12:00:00,1.5965,-3.479,94.4,,0.1735,,
2025-02-15 13:00:00,1.5933,-3.508,94.4,,0.17670000000000008,,
2025-02-15 14:00:00,1.5713,-3.479,94.8,,0.1987000000000001,,
2025-02-15 15:00:00,1.609,-3.568,94.6,,0.16100000000000003,,
2025-02-15 16:00:00,1.5839,-3.419,95.0,,0.18609999999999993,,
2025-02-15 17:00:00,1.5745,-3.538,95.1,,0.1955,,
2025-02-15 18:00:00,1.5619,-3.777,95.4,,0.20809999999999995,,
2025-02-15 19:00:00,1.5745,-3.896,95.5,,0.1955,,
2025-02-15 20:00:00,1.5713,-3.896,95.6,,0.1987000000000001,,
2025-02-15 21:00:00,1.5713,-3.866,95.8,,0.1987000000000001,,
2025-02-15 22:00:00,1.5713,-3.479,96.0,,0.1987000000000001,,
2025-02-15 23:00:00,1.5211,-2.712,96.4,,0.24890000000000012,,
2025-02-16 00:00:00,1.5431,-3.183,95.8,,0.2269000000000001,,
2025-02-16 01:00:00,1.5525,-3.271,95.6,,0.21750000000000003,,
2025-02-16 02:00:00,,-2.625,96.0,,,,
2025-02-16 03:00:00,1.5337,-2.334,96.0,,0.23629999999999995,,
2025-02-16 04:00:00,1.5525,-2.16,94.4,,0.21750000000000003,,
2025-02-16 05:00:00,1.5431,-1.727,93.2,,0.2269000000000001,,
2025-02-16 06:00:00,1.5588,-1.929,94.8,,0.21120000000000005,,
2025-02-16 07:00:00,1.5651,-1.327,94.1,,0.20490000000000008,,
2025-02-16 08:00:00,1.5745,-0.732,94.4,,0.1955,,
2025-02-16 09:00:00,1.5651,-0.367,94.6,,0.20490000000000008,,
2025-02-16 10:00:00,1.5651,-0.088,94.4,,0.20490000000000008,,
2025-02-16 11:00:00,1.5651,0.218,94.3,,0.20490000000000008,,
2025-02-16 12:00:00,1.5651,0.356,94.2,,0.20490000000000008,,
2025-02-16 13:00:00,1.5462,0.329,92.8,,0.2238,,
2025-02-16 14:00:00,1.5588,0.797,92.3,,0.21120000000000005,,
2025-02-16 15:00:00,1.5588,0.66,93.4,,0.21120000000000005,,
2025-02-16 16:00:00,1.5494,0.301,95.1,,0.2205999999999999,,
2025-02-16 17:00:00,1.5525,-0.06,94.1,,0.21750000000000003,,
2025-02-16 18:00:00,1.5525,-0.339,93.8,,0.21750000000000003,,
2025-02-16 19:00:00,1.5525,-0.704,93.9,,0.21750000000000003,,
2025-02-16 20:00:00,1.5588,-0.395,92.6,,0.21120000000000005,,
2025-02-16 21:00:00,1.5494,-0.227,92.0,,0.2205999999999999,,
2025-02-16 22:00:00,,-0.171,92.3,,,,
2025-02-16 23:00:00,1.5494,-0.171,91.1,,0.2205999999999999,,
2025-02-17 00:00:00,,-0.227,91.1,,,,
2025-02-17 01:00:00,,-0.395,92.0,,,,
2025-02-17 02:00:00,1.5525,-0.255,92.5,,0.21750000000000003,,
2025-02-17 03:00:00,1.5525,-0.311,91.8,,0.21750000000000003,,
2025-02-17 04:00:00,1.5525,-0.171,91.3,,0.21750000000000003,,
2025-02-17 05:00:00,1.5556,-0.339,91.4,,0.21439999999999992,,
2025-02-17 06:00:00,1.5525,-0.873,91.7,,0.21750000000000003,,
2025-02-17 07:00:00,1.5525,-0.986,91.9,,0.21750000000000003,,
2025-02-17 08:00:00,1.5556,-1.043,92.0,,0.21439999999999992,,
2025-02-17 09:00:00,1.5556,-0.789,90.5,,0.21439999999999992,,
2025-02-17 10:00:00,1.5556,-0.199,91.0,,0.21439999999999992,,
2025-02-17 11:00:00,1.5525,0.742,88.5,,0.21750000000000003,,
2025-02-17 12:00:00,1.5588,1.126,86.8,,0.21120000000000005,,
2025-02-17 13:00:00,1.5525,1.262,86.8,,0.21750000000000003,,
2025-02-17 14:00:00,1.5399,1.017,89.8,,0.23009999999999997,,
2025-02-17 15:00:00,1.5462,1.371,89.5,,0.2238,,
2025-02-17 16:00:00,,1.453,91.5,,,,
2025-02-17 17:00:00,1.5525,1.262,91.6,,0.21750000000000003,,
2025-02-17 18:00:00,1.5494,0.715,92.9,,0.2205999999999999,,
2025-02-17 19:00:00,1.5399,0.301,93.7,,0.23009999999999997,,
2025-02-17 20:00:00,1.5399,0.329,94.2,,0.23009999999999997,,
2025-02-17 21:00:00,1.5588,-0.032,94.0,,0.21120000000000005,,
2025-02-17 22:00:00,1.5588,-0.395,94.2,,0.21120000000000005,,
2025-02-17 23:00:00,1.5431,-0.507,94.0,,0.2269000000000001,,
2025-02-18 00:00:00,1.5431,-0.451,94.1,,0.2269000000000001,,
2025-02-18 01:00:00,1.5588,-0.845,93.8,,0.21120000000000005,,
2025-02-18 02:00:00,1.5682,-0.873,93.5,,0.20179999999999998,,
2025-02-18 03:00:00,1.5588,-0.732,92.4,,0.21120000000000005,,
2025-02-18 04:00:00,1.5588,-0.986,94.0,,0.21120000000000005,,
2025-02-18 05:00:00,1.5431,-1.527,95.7,,0.2269000000000001,,
2025-02-18 06:00:00,1.5431,-1.584,97.2,,0.2269000000000001,,
2025-02-18 07:00:00,1.5588,-1.413,95.8,,0.21120000000000005,,
2025-02-18 08:00:00,1.5431,-1.356,96.1,,0.2269000000000001,,
2025-02-18 09:00:00,,-0.76,93.9,,,,
2025-02-18 10:00:00,1.5682,-0.648,93.3,,0.20179999999999998,,
2025-02-18 11:00:00,1.5588,-0.676,94.5,,0.21120000000000005,,
2025-02-18 12:00:00,1.5588,-0.367,94.2,,0.21120000000000005,,
2025-02-18 13:00:00,1.5588,-0.339,94.5,,0.21120000000000005,,
2025-02-18 14:00:00,1.5588,-0.591,95.9,,0.21120000000000005,,
2025-02-18 15:00:00,1.5368,-0.591,96.8,,0.23320000000000007,,
2025-02-18 16:00:00,1.5588,-0.704,97.3,,0.21120000000000005,,
2025-02-18 17:00:00,1.5588,-0.845,97.8,,0.21120000000000005,,
2025-02-18 18:00:00,1.5682,-0.845,98.0,,0.20179999999999998,,
2025-02-18 19:00:00,1.5588,-0.873,97.8,,0.21120000000000005,,
2025-02-18 20:00:00,1.5588,-0.76,98.2,,0.21120000000000005,,
2025-02-18 21:00:00,1.5462,-0.62,98.8,,0.2238,,
2025-02-18 22:00:00,1.5651,-0.535,99.2,,0.20490000000000008,,
2025-02-18 23:00:00,1.5651,-0.479,99.2,,0.20490000000000008,,
2025-02-19 00:00:00,1.5682,-0.62,99.3,,0.20179999999999998,,
2025-02-19 01:00:00,1.5682,-0.62,99.3,,0.20179999999999998,,
2025-02-19 02:00:00,1.5651,-0.76,99.3,,0.20490000000000008,,
2025-02-19 03:00:00,,-0.902,99.3,,,,
2025-02-19 04:00:00,,-1.071,99.2,,,,
2025-02-19 05:00:00,1.5337,-1.043,99.2,,0.23629999999999995,,
2025-02-19 06:00:00,1.5431,-1.1,99.3,,0.2269000000000001,,
2025-02-19 07:00:00,1.5242,-1.157,99.3,,0.24580000000000002,,
2025-02-19 08:00:00,1.5494,-1.185,99.3,,0.2205999999999999,,
2025-02-19 09:00:00,,-1.128,99.4,,,,
2025-02-19 10:00:00,,-0.676,99.5,,,,
2025-02-19 11:00:00,,-0.311,99.7,,,,
2025-02-19 12:00:00,,-0.311,99.9,,,,
2025-02-19 13:00:00,,-0.004,100.0,,,,
2025-02-19 14:00:00,,0.107,99.9,,,,
2025-02-19 15:00:00,1.5242,0.135,99.8,,0.24580000000000002,,
2025-02-19 16:00:00,1.5054,0.051,100.0,,0.26459999999999995,,
2025-02-19 17:00:00,1.5022,0.051,100.0,,0.26780000000000004,,
2025-02-19 18:00:00,1.4928,-0.004,100.0,,0.2772000000000001,,
2025-02-19 19:00:00,1.4928,-0.032,100.0,,0.2772000000000001,,
2025-02-19 20:00:00,1.4897,-0.004,100.0,,0.2803,,
2025-02-19 21:00:00,1.4928,-0.004,100.0,,0.2772000000000001,,
2025-02-19 22:00:00,1.474,0.024,100.0,,0.29600000000000004,,
2025-02-19 23:00:00,1.4897,-0.088,100.0,,0.2803,,
2025-02-20 00:00:00,1.5022,-0.032,100.0,,0.26780000000000004,,
2025-02-20 01:00:00,1.4897,-0.171,100.0,,0.2803,,
2025-02-20 02:00:00,1.4897,-0.367,100.0,,0.2803,,
2025-02-20 03:00:00,1.4928,-0.62,100.0,,0.2772000000000001,,
2025-02-20 04:00:00,1.496,-1.1,99.8,,0.274,,
2025-02-20 05:00:00,,-1.641,99.4,,,,
2025-02-20 06:00:00,1.496,-1.356,99.6,,0.274,,
2025-02-20 07:00:00,1.496,-0.676,100.0,,0.274,,
2025-02-20 08:00:00,1.5054,-0.143,100.0,,0.26459999999999995,,
2025-02-20 09:00:00,1.5022,0.329,99.7,,0.26780000000000004,,
2025-02-20 10:00:00,1.4897,0.495,100.0,,0.2803,,
2025-02-20 11:00:00,1.5022,0.632,100.0,,0.26780000000000004,,
2025-02-20 12:00:00,1.5054,0.577,100.0,,0.26459999999999995,,
2025-02-20 13:00:00,1.5148,0.66,99.9,,0.2552000000000001,,
2025-02-20 14:00:00,1.5242,0.66,99.7,,0.24580000000000002,,
2025-02-20 15:00:00,1.5054,0.522,99.7,,0.26459999999999995,,
2025-02-20 16:00:00,1.5179,0.715,99.7,,0.2521,,
2025-02-20 17:00:00,1.5148,0.577,99.2,,0.2552000000000001,,
2025-02-20 18:00:00,1.496,0.605,98.6,,0.274,,
2025-02-20 19:00:00,1.5117,0.356,99.0,,0.2583,,
2025-02-20 20:00:00,1.5117,0.273,98.9,,0.2583,,
2025-02-20 21:00:00,1.5117,0.329,99.3,,0.2583,,
2025-02-20 22:00:00,1.5148,0.163,99.7,,0.2552000000000001,,
2025-02-20 23:00:00,1.5022,0.135,99.9,,0.26780000000000004,,
2025-02-21 00:00:00,1.5211,0.384,99.3,,0.24890000000000012,,
2025-02-21 01:00:00,1.5274,0.356,99.4,,0.24259999999999993,,
2025-02-21 02:00:00,1.5211,0.329,99.3,,0.24890000000000012,,
2025-02-21 03:00:00,1.5117,0.412,99.5,,0.2583,,
2025-02-21 04:00:00,1.5148,0.329,99.8,,0.2552000000000001,,
2025-02-21 05:00:00,1.5242,0.439,99.7,,0.24580000000000002,,
2025-02-21 06:00:00,1.5179,0.218,100.0,,0.2521,,
2025-02-21 07:00:00,1.5399,0.051,100.0,,0.23009999999999997,,
2025-02-21 08:00:00,1.5242,-0.116,100.0,,0.24580000000000002,,
2025-02-21 09:00:00,,0.107,100.0,,,,
2025-02-21 10:00:00,,0.273,99.8,,,,
2025-02-21 11:00:00,1.5117,0.687,99.0,,0.2583,,
2025-02-21 12:00:00,1.5242,0.605,99.5,,0.24580000000000002,,
2025-02-21 13:00:00,1.5085,0.825,100.0,,0.26150000000000007,,
2025-02-21 14:00:00,1.5117,0.605,100.0,,0.2583,,
2025-02-21 15:00:00,1.4991,0.687,100.0,,0.2708999999999999,,
2025-02-21 16:00:00,1.5274,0.88,100.0,,0.24259999999999993,,
2025-02-21 17:00:00,1.5085,0.55,100.0,,0.26150000000000007,,
2025-02-21 18:00:00,1.5148,0.742,100.0,,0.2552000000000001,,
2025-02-21 19:00:00,1.5211,1.18,100.0,,0.24890000000000012,,
2025-02-21 20:00:00,1.5211,1.398,100.0,,0.24890000000000012,,
2025-02-21 21:00:00,1.5211,1.398,99.4,,0.24890000000000012,,
2025-02-21 22:00:00,1.5117,1.48,99.2,,0.2583,,
2025-02-21 23:00:00,1.5148,1.534,97.7,,0.2552000000000001,,
2025-02-22 00:00:00,1.5148,1.425,95.8,,0.2552000000000001,,
2025-02-22 01:00:00,1.5148,1.371,93.3,,0.2552000000000001,,
2025-02-22 02:00:00,1.5305,1.453,92.0,,0.23950000000000005,,
2025-02-22 03:00:00,1.5054,1.208,92.6,,0.26459999999999995,,
2025-02-22 04:00:00,1.5242,0.88,95.2,,0.24580000000000002,,
2025-02-22 05:00:00,1.5054,1.18,95.9,,0.26459999999999995,,
2025-02-22 06:00:00,1.5179,1.289,95.5,,0.2521,,
2025-02-22 07:00:00,1.5179,0.962,95.5,,0.2521,,
2025-02-22 08:00:00,1.5179,0.989,93.9,,0.2521,,
2025-02-22 09:00:00,1.5179,1.615,93.0,,0.2521,,
2025-02-22 10:00:00,1.5242,1.262,97.5,,0.24580000000000002,,
2025-02-22 11:00:00,1.5305,0.962,99.0,,0.23950000000000005,,
2025-02-22 12:00:00,1.5242,0.495,99.3,,0.24580000000000002,,
2025-02-22 13:00:00,1.5274,0.989,99.2,,0.24259999999999993,,
2025-02-22 14:00:00,1.5399,1.967,99.4,,0.23009999999999997,,
2025-02-22 15:00:00,1.5305,2.396,99.7,,0.23950000000000005,,
2025-02-22 16:00:00,1.5085,3.036,99.9,,0.26150000000000007,,
2025-02-22 17:00:00,1.5368,2.61,99.7,,0.23320000000000007,,
2025-02-22 18:00:00,1.5054,2.316,98.9,,0.26459999999999995,,
2025-02-22 19:00:00,1.5242,1.507,99.0,,0.24580000000000002,,
2025-02-22 20:00:00,1.5274,1.126,98.6,,0.24259999999999993,,
2025-02-22 21:00:00,1.5305,0.797,98.7,,0.23950000000000005,,
2025-02-22 22:00:00,,0.246,97.7,,,,
2025-02-22 23:00:00,1.5274,0.19,96.9,,0.24259999999999993,,
2025-02-23 00:00:00,1.5148,0.19,97.0,,0.2552000000000001,,
2025-02-23 01:00:00,1.5305,0.024,97.1,,0.23950000000000005,,
2025-02-23 02:00:00,1.5305,-0.116,97.6,,0.23950000000000005,,
2025-02-23 03:00:00,1.5148,-0.032,97.4,,0.2552000000000001,,
2025-02-23 04:00:00,1.5305,-0.116,96.0,,0.23950000000000005,,
2025-02-23 05:00:00,1.5305,-0.255,96.0,,0.23950000000000005,,
2025-02-23 06:00:00,1.5148,-0.227,95.1,,0.2552000000000001,,
2025-02-23 07:00:00,1.5305,-0.423,94.3,,0.23950000000000005,,
2025-02-23 08:00:00,1.5148,-0.563,94.2,,0.2552000000000001,,
2025-02-23 09:00:00,1.5305,-0.171,92.9,,0.23950000000000005,,
2025-02-23 10:00:00,1.5305,0.218,93.6,,0.23950000000000005,,
2025-02-23 11:00:00,1.5148,0.852,91.2,,0.2552000000000001,,
2025-02-23 12:00:00,1.5305,1.534,89.1,,0.23950000000000005,,
2025-02-23 13:00:00,1.5305,1.615,84.1,,0.23950000000000005,,
2025-02-23 14:00:00,1.5179,1.18,91.4,,0.2521,,
2025-02-23 15:00:00,1.5462,0.742,95.8,,0.2238,,
2025-02-23 16:00:00,1.5431,0.495,97.1,,0.2269000000000001,,
2025-02-23 17:00:00,1.5305,0.218,98.8,,0.23950000000000005,,
2025-02-23 18:00:00,1.5462,-0.088,99.9,,0.2238,,
2025-02-23 19:00:00,1.5431,0.218,99.8,,0.2269000000000001,,
2025-02-23 20:00:00,1.5274,0.024,99.8,,0.24259999999999993,,
2025-02-23 21:00:00,1.5274,0.024,99.5,,0.24259999999999993,,
2025-02-23 22:00:00,1.5494,0.051,99.3,,0.2205999999999999,,
2025-02-23 23:00:00,1.5462,-0.116,99.4,,0.2238,,
2025-02-24 00:00:00,1.5713,-0.255,100.0,,0.1987000000000001,,
2025-02-24 01:00:00,,-0.171,100.0,,,,
2025-02-24 02:00:00,1.5494,-0.199,99.9,,0.2205999999999999,,
2025-02-24 03:00:00,1.5462,-0.199,99.3,,0.2238,,
2025-02-24 04:00:00,1.5337,-0.171,98.8,,0.23629999999999995,,
2025-02-24 05:00:00,1.5337,-0.255,97.7,,0.23629999999999995,,
2025-02-24 06:00:00,1.5305,-0.676,97.9,,0.23950000000000005,,
2025-02-24 07:00:00,1.5337,-0.704,97.7,,0.23629999999999995,,
2025-02-24 08:00:00,1.5337,-0.732,97.4,,0.23629999999999995,,
2025-02-24 09:00:00,1.5337,-0.676,97.8,,0.23629999999999995,,
2025-02-24 10:00:00,1.5337,-0.339,99.4,,0.23629999999999995,,
2025-02-24 11:00:00,1.5399,-0.311,99.7,,0.23009999999999997,,
2025-02-24 12:00:00,1.5399,-0.171,99.7,,0.23009999999999997,,
2025-02-24 13:00:00,1.5399,-0.283,99.9,,0.23009999999999997,,
2025-02-24 14:00:00,1.5494,-0.451,99.9,,0.2205999999999999,,
2025-02-24 15:00:00,1.5274,-0.507,100.0,,0.24259999999999993,,
2025-02-24 16:00:00,,-0.62,100.0,,,,
2025-02-24 17:00:00,,-0.873,100.0,,,,
2025-02-24 18:00:00,1.496,-0.902,100.0,,0.274,,
2025-02-24 19:00:00,1.5148,-0.958,100.0,,0.2552000000000001,,
2025-02-24 20:00:00,1.5274,-0.62,100.0,,0.24259999999999993,,
2025-02-24 21:00:00,,-0.76,100.0,,,,
2025-02-24 22:00:00,,-0.479,100.0,,,,
2025-02-24 23:00:00,1.5494,-0.255,100.0,,0.2205999999999999,,
2025-02-25 00:00:00,,-0.199,100.0,,,,
2025-02-25 01:00:00,,-0.227,100.0,,,,
2025-02-25 02:00:00,1.5462,-0.143,100.0,,0.2238,,
2025-02-25 03:00:00,1.5274,-0.199,100.0,,0.24259999999999993,,
2025-02-25 04:00:00,,-0.255,100.0,,,,
2025-02-25 05:00:00,1.5368,-0.339,100.0,,0.23320000000000007,,
2025-02-25 06:00:00,,-0.395,100.0,,,,
2025-02-25 07:00:00,1.5808,-0.451,100.0,,0.18920000000000003,,
2025-02-25 08:00:00,,-0.507,100.0,,,,
2025-02-25 09:00:00,1.5619,-0.367,100.0,,0.20809999999999995,,
2025-02-25 10:00:00,,-0.088,100.0,,,,
2025-02-25 11:00:00,1.5619,0.107,100.0,,0.20809999999999995,,
2025-02-25 12:00:00,1.4928,0.797,100.0,,0.2772000000000001,,
2025-02-25 13:00:00,1.5022,0.797,100.0,,0.26780000000000004,,
2025-02-25 14:00:00,1.4928,0.907,100.0,,0.2772000000000001,,
2025-02-25 15:00:00,1.5242,1.099,100.0,,0.24580000000000002,,
2025-02-25 16:00:00,1.4928,1.017,100.0,,0.2772000000000001,,
2025-02-25 17:00:00,1.5117,0.852,100.0,,0.2583,,
2025-02-25 18:00:00,1.5148,0.632,100.0,,0.2552000000000001,,
2025-02-25 19:00:00,1.5117,0.605,100.0,,0.2583,,
2025-02-25 20:00:00,1.5148,0.467,100.0,,0.2552000000000001,,
2025-02-25 21:00:00,1.5148,0.301,100.0,,0.2552000000000001,,
2025-02-25 22:00:00,1.5148,0.024,100.0,,0.2552000000000001,,
2025-02-25 23:00:00,1.5179,-0.255,100.0,,0.2521,,
2025-02-26 00:00:00,1.5148,-0.283,96.0,,0.2552000000000001,,
2025-02-26 01:00:00,1.4991,-0.171,91.8,,0.2708999999999999,,
2025-02-26 02:00:00,1.5148,-0.451,88.2,,0.2552000000000001,,
2025-02-26 03:00:00,1.5148,-0.423,88.2,,0.2552000000000001,,
2025-02-26 04:00:00,1.5148,-0.283,81.5,,0.2552000000000001,,
2025-02-26 05:00:00,1.5148,-0.423,85.6,,0.2552000000000001,,
2025-02-26 06:00:00,,-0.591,89.4,,,,
2025-02-26 07:00:00,1.496,-0.479,84.4,,0.274,,
2025-02-26 08:00:00,1.5242,-0.817,85.8,,0.24580000000000002,,
2025-02-26 09:00:00,1.5179,-0.143,80.7,,0.2521,,
2025-02-26 10:00:00,1.5148,1.697,77.1,,0.2552000000000001,,
2025-02-26 11:00:00,1.5148,2.503,78.6,,0.2552000000000001,,
2025-02-26 12:00:00,1.5117,3.063,76.1,,0.2583,,
2025-02-26 13:00:00,1.5117,3.301,75.9,,0.2583,,
2025-02-26 14:00:00,1.5337,3.327,77.8,,0.23629999999999995,,
2025-02-26 15:00:00,1.5274,3.433,75.2,,0.24259999999999993,,
2025-02-26 16:00:00,1.5211,3.301,72.1,,0.24890000000000012,,
2025-02-26 17:00:00,1.5211,3.564,66.4,,0.24890000000000012,,
2025-02-26 18:00:00,1.5399,4.115,56.9,,0.23009999999999997,,
2025-02-26 19:00:00,1.5337,4.246,51.3,,0.23629999999999995,,
2025-02-26 20:00:00,1.5305,3.985,48.1,,0.23950000000000005,,
2025-02-26 21:00:00,1.5274,4.168,42.2,,0.24259999999999993,,
2025-02-26 22:00:00,1.5148,4.35,41.3,,0.2552000000000001,,
2025-02-26 23:00:00,1.5337,3.801,51.0,,0.23629999999999995,,
2025-02-27 00:00:00,1.5337,3.116,59.4,,0.23629999999999995,,
2025-02-27 01:00:00,1.5274,0.163,93.6,,0.24259999999999993,,
2025-02-27 02:00:00,1.5368,0.715,94.2,,0.23320000000000007,,
2025-02-27 03:00:00,1.5211,1.017,95.6,,0.24890000000000012,,
2025-02-27 04:00:00,1.5211,0.989,96.6,,0.24890000000000012,,
2025-02-27 05:00:00,1.5211,1.534,97.6,,0.24890000000000012,,
2025-02-27 06:00:00,1.5274,1.453,98.1,,0.24259999999999993,,
2025-02-27 07:00:00,1.5305,1.371,98.1,,0.23950000000000005,,
2025-02-27 08:00:00,1.5399,1.344,98.1,,0.23009999999999997,,
2025-02-27 09:00:00,1.5337,1.507,98.3,,0.23629999999999995,,
2025-02-27 10:00:00,1.5368,1.832,98.8,,0.23320000000000007,,
2025-02-27 11:00:00,1.5305,2.074,99.2,,0.23950000000000005,,
2025-02-27 12:00:00,1.5274,2.423,99.7,,0.24259999999999993,,
2025-02-27 13:00:00,,2.557,99.8,,,,
2025-02-27 14:00:00,1.5368,2.503,100.0,,0.23320000000000007,,
2025-02-27 15:00:00,,2.744,99.8,,,,
2025-02-27 16:00:00,1.5305,2.503,99.9,,0.23950000000000005,,
2025-02-27 17:00:00,1.5399,2.477,99.6,,0.23009999999999997,,
2025-02-27 18:00:00,1.5431,1.859,99.7,,0.2269000000000001,,
2025-02-27 19:00:00,1.5368,1.453,99.6,,0.23320000000000007,,
2025-02-27 20:00:00,1.5368,1.453,99.6,,0.23320000000000007,,
2025-02-27 21:00:00,1.5399,1.561,99.3,,0.23009999999999997,,
2025-02-27 22:00:00,1.5399,1.832,99.7,,0.23009999999999997,,
2025-02-27 23:00:00,1.5399,1.805,99.7,,0.23009999999999997,,
2025-02-28 00:00:00,1.5431,1.507,99.6,,0.2269000000000001,,
2025-02-28 01:00:00,1.5462,1.289,99.3,,0.2238,,
2025-02-28 02:00:00,1.5368,0.934,98.8,,0.23320000000000007,,
2025-02-28 03:00:00,1.5368,0.55,98.5,,0.23320000000000007,,
2025-02-28 04:00:00,1.5179,0.687,98.4,,0.2521,,
2025-02-28 05:00:00,1.5368,0.495,98.3,,0.23320000000000007,,
2025-02-28 06:00:00,1.5368,0.632,97.8,,0.23320000000000007,,
2025-02-28 07:00:00,1.5179,0.55,94.3,,0.2521,,
2025-02-28 08:00:00,1.5337,0.715,85.3,,0.23629999999999995,,
2025-02-28 09:00:00,1.5337,1.588,81.1,,0.23629999999999995,,
2025-02-28 10:00:00,1.5368,2.289,82.8,,0.23320000000000007,,
2025-02-28 11:00:00,1.5211,2.903,82.1,,0.24890000000000012,,
2025-02-28 12:00:00,1.5211,3.327,85.8,,0.24890000000000012,,
2025-02-28 13:00:00,1.5431,3.643,91.6,,0.2269000000000001,,
2025-02-28 14:00:00,,4.506,73.0,,,,
2025-02-28 15:00:00,,2.877,91.3,,,,
2025-02-28 16:00:00,,3.88,73.5,,,,
2025-02-28 17:00:00,,3.932,67.3,,,,
2025-02-28 18:00:00,,3.248,65.2,,,,
2025-02-28 19:00:00,,3.221,61.7,,,,
2025-02-28 20:00:00,,3.485,56.0,,,,
2025-02-28 21:00:00,,3.301,58.9,,,,
2025-02-28 22:00:00,,3.221,61.0,,,,
2025-02-28 23:00:00,,2.85,61.4,,,,
2025-03-01 00:00:00,,4.246,44.6,,,,
2025-03-01 01:00:00,,4.22,44.4,,,,
2025-03-01 02:00:00,,4.35,42.1,,,,
2025-03-01 03:00:00,,3.722,46.2,,,,
2025-03-01 04:00:00,,3.089,50.6,,,,
2025-03-01 05:00:00,,3.327,49.5,,,,
2025-03-01 06:00:00,,3.722,49.2,,,,
2025-03-01 07:00:00,,3.116,53.6,,,,
2025-03-01 08:00:00,,3.142,55.3,,,,
2025-03-01 09:00:00,,3.116,58.3,,,,
2025-03-01 10:00:00,,3.248,64.2,,,,
2025-03-01 11:00:00,,3.696,65.5,,,,
2025-03-01 12:00:00,,3.617,70.8,,,,
2025-03-01 13:00:00,,3.617,70.7,,,,
2025-03-01 14:00:00,,2.021,86.9,,,,
2025-03-01 15:00:00,,1.913,91.9,,,,
2025-03-01 16:00:00,,1.588,94.2,,,,
2025-03-01 17:00:00,,1.262,94.2,,,,
2025-03-01 18:00:00,,0.907,95.0,,,,
2025-03-01 19:00:00,,0.715,95.7,,,,
2025-03-01 20:00:00,,0.522,96.1,,,,
2025-03-01 21:00:00,,0.495,96.4,,,,
2025-03-01 22:00:00,,0.163,97.0,,,,
2025-03-01 23:00:00,,0.246,97.1,,,,
2025-03-02 00:00:00,,0.051,97.6,,,,
2025-03-02 01:00:00,,0.051,97.8,,,,
2025-03-02 02:00:00,,0.218,98.5,,,,
2025-03-02 03:00:00,,0.051,100.0,,,,
2025-03-02 04:00:00,,0.024,100.0,,,,
2025-03-02 05:00:00,,0.051,100.0,,,,
2025-03-02 06:00:00,,-0.032,100.0,,,,
2025-03-02 07:00:00,,0.051,100.0,,,,
2025-03-02 08:00:00,,0.051,100.0,,,,
2025-03-02 09:00:00,,0.218,100.0,,,,
2025-03-02 10:00:00,,0.163,100.0,,,,
2025-03-02 11:00:00,,0.218,100.0,,,,
2025-03-02 12:00:00,,0.439,100.0,,,,
2025-03-02 13:00:00,,0.632,100.0,,,,
2025-03-02 14:00:00,,0.742,100.0,,,,
2025-03-02 15:00:00,1.2698,0.852,100.0,,0.5002,,
2025-03-02 16:00:00,,1.044,100.0,,,,
2025-03-02 17:00:00,,0.439,100.0,,,,
2025-03-02 18:00:00,,-0.116,100.0,,,,
2025-03-02 19:00:00,,-0.311,100.0,,,,
2025-03-02 20:00:00,,-0.535,100.0,,,,
2025-03-02 21:00:00,,-0.817,100.0,,,,
2025-03-02 22:00:00,,-0.958,99.6,,,,
2025-03-02 23:00:00,1.5085,-0.423,99.6,,0.26150000000000007,,
2025-03-03 00:00:00,,-1.157,97.5,,,,
2025-03-03 01:00:00,,-1.157,93.9,,,,
2025-03-03 02:00:00,,0.079,94.2,,,,
2025-03-03 03:00:00,,0.051,93.4,,,,
2025-03-03 04:00:00,,-0.255,92.2,,,,
2025-03-03 05:00:00,,-25.045,90.5,,,,
2025-03-03 06:00:00,,-0.591,88.2,,,,
2025-03-03 07:00:00,1.408,-0.423,82.0,,0.3620000000000001,,
2025-03-03 08:00:00,,0.797,81.1,,,,
2025-03-03 09:00:00,,0.797,81.1,,,,
2025-03-03 10:00:00,,1.561,83.0,,,,
2025-03-03 11:00:00,,2.074,81.9,,,,
2025-03-03 12:00:00,,2.396,85.1,,,,
2025-03-03 13:00:00,,2.209,86.1,,,,
2025-03-03 14:00:00,,2.396,88.1,,,,
2025-03-03 15:00:00,1.3107,2.423,90.4,,0.45930000000000004,,
2025-03-03 16:00:00,,2.343,93.5,,,,
2025-03-03 17:00:00,,1.643,91.9,,,,
2025-03-03 18:00:00,,1.18,90.2,,,,
2025-03-03 19:00:00,1.5745,0.742,87.7,,0.1955,,
2025-03-03 20:00:00,,0.577,85.5,,,,
2025-03-03 21:00:00,,0.852,84.0,,,,
2025-04-04 09:00:00,1.3326,2.477,74.3,,0.4374,1.36,
2025-04-04 10:00:00,1.3232,3.221,73.2,,0.4468000000000001,,
2025-04-04 11:00:00,1.3169,4.063,74.3,,0.45310000000000006,,
2025-04-04 12:00:00,1.3232,3.722,80.2,,0.4468000000000001,,
2025-04-04 13:00:00,1.3138,5.77,71.2,,0.45619999999999994,,
2025-04-04 14:00:00,1.3264,5.796,72.3,,0.4436,,
2025-04-04 15:00:00,1.3515,6.051,73.7,,0.4185000000000001,,
2025-04-04 16:00:00,1.3358,5.514,75.7,,0.4341999999999999,,
2025-04-04 17:00:00,1.3264,6.306,74.4,,0.4436,,
2025-04-04 18:00:00,1.3421,5.488,76.4,,0.42789999999999995,,
2025-04-04 19:00:00,1.3264,3.932,81.6,,0.4436,,
2025-04-04 20:00:00,1.3295,3.142,85.0,,0.4405000000000001,,
2025-04-04 21:00:00,1.3295,3.301,82.6,,0.4405000000000001,,
2025-04-04 22:00:00,1.3232,3.564,81.6,,0.4468000000000001,,
2025-04-04 23:00:00,1.3358,3.406,80.1,,0.4341999999999999,,
2025-04-05 00:00:00,1.3295,3.274,73.6,,0.4405000000000001,,
2025-04-05 01:00:00,1.3326,2.983,68.9,,0.4374,,
2025-04-05 02:00:00,1.3326,3.564,60.0,,0.4374,,
2025-04-05 03:00:00,1.3389,3.722,59.9,,0.43110000000000004,,
2025-04-05 04:00:00,1.3264,3.433,61.3,,0.4436,,
2025-04-05 05:00:00,1.3389,3.617,60.6,,0.43110000000000004,,
2025-04-05 06:00:00,1.3452,3.168,69.0,,0.42480000000000007,,
2025-04-05 07:00:00,1.3389,2.903,75.3,,0.43110000000000004,,
2025-04-05 08:00:00,1.3358,3.749,71.4,,0.4341999999999999,,
2025-04-05 09:00:00,1.3389,3.932,71.4,,0.43110000000000004,,
2025-04-05 10:00:00,1.3264,4.844,67.6,,0.4436,,
2025-04-05 11:00:00,1.3326,5.076,69.2,,0.4374,,
2025-04-05 12:00:00,1.3515,4.74,72.6,,0.4185000000000001,,
2025-04-05 13:00:00,1.3295,5.257,71.4,,0.4405000000000001,,
2025-04-05 14:00:00,1.3452,5.334,73.6,,0.42480000000000007,,
2025-04-05 15:00:00,1.3546,5.308,76.0,,0.4154,,
2025-04-05 16:00:00,1.3546,5.411,72.9,,0.4154,,
2025-04-05 17:00:00,1.3672,4.74,76.2,,0.40280000000000005,,
2025-04-05 18:00:00,1.3389,4.298,78.2,,0.43110000000000004,,
2025-04-05 19:00:00,1.3389,4.063,78.3,,0.43110000000000004,,
2025-04-05 20:00:00,1.3546,3.327,87.4,,0.4154,,
2025-04-05 21:00:00,1.3389,3.696,86.2,,0.43110000000000004,,
2025-04-05 22:00:00,1.3609,2.664,93.8,,0.4091,,
2025-04-05 23:00:00,1.364,2.93,95.2,,0.4059999999999999,,
2025-04-06 00:00:00,1.3609,2.823,95.2,,0.4091,,
2025-04-06 01:00:00,1.3389,2.503,96.6,,0.43110000000000004,,
2025-04-06 02:00:00,1.3389,2.477,95.9,,0.43110000000000004,,
2025-04-06 03:00:00,,2.61,93.4,,,,
2025-04-06 04:00:00,1.3546,2.396,95.1,,0.4154,,
2025-04-06 05:00:00,1.364,2.37,97.4,,0.4059999999999999,,
2025-04-06 06:00:00,1.3546,2.209,97.3,,0.4154,,
2025-04-06 07:00:00,1.3515,2.316,97.5,,0.4185000000000001,,
2025-04-06 08:00:00,1.364,2.503,97.1,,0.4059999999999999,,
2025-04-06 09:00:00,1.3609,2.584,97.2,,0.4091,,
2025-04-06 10:00:00,1.3452,2.047,98.7,,0.42480000000000007,,
2025-04-06 11:00:00,1.3735,2.047,98.8,,0.3965000000000001,,
2025-04-06 12:00:00,1.3766,1.67,98.9,,0.39339999999999997,,
2025-04-06 13:00:00,1.3578,2.289,100.0,,0.4122000000000001,,
2025-04-06 14:00:00,1.3735,2.396,100.0,,0.3965000000000001,,
2025-04-06 15:00:00,1.3672,2.236,100.0,,0.40280000000000005,,
2025-04-06 16:00:00,1.3735,2.101,100.0,,0.3965000000000001,,
2025-04-06 17:00:00,1.3609,1.071,100.0,,0.4091,,
2025-04-06 18:00:00,1.3452,0.55,100.0,,0.42480000000000007,,
2025-04-06 19:00:00,1.3798,0.329,100.0,,0.3902000000000001,,
2025-04-06 20:00:00,1.3766,0.218,99.6,,0.39339999999999997,,
2025-04-06 21:00:00,,0.107,99.5,,,,
2025-04-06 22:00:00,1.3829,0.329,98.3,,0.3871,,
2025-04-06 23:00:00,1.3201,0.412,98.0,,0.44989999999999997,,
2025-04-07 00:00:00,1.3766,0.467,98.0,,0.39339999999999997,,
2025-04-07 01:00:00,1.3892,0.467,98.4,,0.3808,,
2025-04-07 02:00:00,1.3766,0.522,97.8,,0.39339999999999997,,
2025-04-07 03:00:00,1.364,0.384,98.4,,0.4059999999999999,,
2025-04-07 04:00:00,1.3798,0.329,98.7,,0.3902000000000001,,
2025-04-07 05:00:00,1.364,0.19,99.3,,0.4059999999999999,,
2025-04-07 06:00:00,1.3672,-0.06,100.0,,0.40280000000000005,,
2025-04-07 07:00:00,1.3703,0.024,100.0,,0.39969999999999994,,
2025-04-07 08:00:00,1.3703,-0.143,100.0,,0.39969999999999994,,
2025-04-07 09:00:00,1.3986,-0.311,100.0,,0.37139999999999995,,
2025-04-07 10:00:00,1.3798,0.301,100.0,,0.3902000000000001,,
2025-04-07 11:00:00,1.3798,0.522,99.7,,0.3902000000000001,,
2025-04-07 12:00:00,1.3829,0.88,99.3,,0.3871,,
2025-04-07 13:00:00,1.3703,0.687,98.8,,0.39969999999999994,,
2025-04-07 14:00:00,,0.77,99.0,,,,
2025-04-07 15:00:00,1.3578,0.687,98.5,,0.4122000000000001,,
2025-04-07 16:00:00,,0.495,97.3,,,,
2025-04-07 17:00:00,1.3703,0.135,97.2,,0.39969999999999994,,
2025-04-07 18:00:00,,-0.06,97.7,,,,
2025-04-07 19:00:00,1.364,-0.227,98.8,,0.4059999999999999,,
2025-04-07 20:00:00,1.3829,-0.255,97.8,,0.3871,,
2025-04-07 21:00:00,1.3798,-0.311,97.5,,0.3902000000000001,,
2025-04-07 22:00:00,1.386,-0.227,96.2,,0.3840000000000001,,
2025-04-07 23:00:00,1.3578,-0.255,96.3,,0.4122000000000001,,
2025-04-08 00:00:00,1.3766,-0.311,97.0,,0.39339999999999997,,
2025-04-08 01:00:00,1.3829,-0.451,98.2,,0.3871,,
2025-04-08 02:00:00,1.386,-0.563,98.9,,0.3840000000000001,,
2025-04-08 03:00:00,1.386,-0.563,99.3,,0.3840000000000001,,
2025-04-08 04:00:00,1.3923,-0.451,98.5,,0.3776999999999999,,
2025-04-08 05:00:00,1.386,-0.507,98.2,,0.3840000000000001,,
2025-04-08 06:00:00,1.386,-0.535,98.4,,0.3840000000000001,,
2025-04-08 07:00:00,,-0.395,99.0,,,,
2025-04-08 08:00:00,1.3829,-0.143,98.8,,0.3871,,
2025-04-08 09:00:00,1.3546,-0.171,98.2,,0.4154,,
2025-04-08 10:00:00,1.3452,-0.06,99.5,,0.42480000000000007,,
2025-04-08 11:00:00,,0.19,99.1,,,,
2025-04-08 12:00:00,,0.246,99.7,,,,
2025-04-08 13:00:00,1.386,0.079,100.0,,0.3840000000000001,,
2025-04-08 14:00:00,1.3892,0.439,100.0,,0.3808,,
2025-04-08 15:00:00,,0.107,100.0,,,,
2025-04-08 16:00:00,1.3672,0.301,100.0,,0.40280000000000005,,
2025-04-08 17:00:00,1.3766,0.412,100.0,,0.39339999999999997,,
2025-04-08 18:00:00,1.3515,0.163,100.0,,0.4185000000000001,,
2025-04-08 19:00:00,1.3703,0.051,100.0,,0.39969999999999994,,
2025-04-08 20:00:00,1.3766,-0.032,100.0,,0.39339999999999997,,
2025-04-08 21:00:00,1.3766,-0.143,100.0,,0.39339999999999997,,
2025-04-08 22:00:00,1.3798,-0.311,100.0,,0.3902000000000001,,
2025-04-08 23:00:00,,-0.479,100.0,,,,
2025-04-09 00:00:00,,-0.958,100.0,,,,
2025-04-09 01:00:00,,-0.958,99.7,,,,
2025-04-09 02:00:00,1.3703,-0.986,99.7,,0.39969999999999994,,
2025-04-09 03:00:00,1.3735,-1.015,99.8,,0.3965000000000001,,
2025-04-09 04:00:00,,-1.213,99.4,,,,
2025-04-09 05:00:00,1.3735,-1.299,99.2,,0.3965000000000001,,
2025-04-09 06:00:00,1.3829,-1.242,99.2,,0.3871,,
2025-04-09 07:00:00,,-1.157,98.5,,,,
2025-04-09 08:00:00,1.3672,-0.873,98.2,,0.40280000000000005,,
2025-04-09 09:00:00,1.3703,-0.563,98.8,,0.39969999999999994,,
2025-04-09 10:00:00,1.3829,-0.171,98.9,,0.3871,,
2025-04-09 11:00:00,1.3703,0.55,97.8,,0.39969999999999994,,
2025-04-09 12:00:00,1.3703,0.66,97.8,,0.39969999999999994,,
2025-04-09 13:00:00,1.3766,0.632,96.6,,0.39339999999999997,,
2025-04-09 14:00:00,1.3829,0.88,96.0,,0.3871,,
2025-04-09 15:00:00,1.3766,1.262,98.2,,0.39339999999999997,,
2025-04-09 16:00:00,,0.907,97.9,,,,
2025-04-09 17:00:00,1.3766,0.687,99.5,,0.39339999999999997,,
2025-04-09 18:00:00,1.3766,0.439,99.1,,0.39339999999999997,,
2025-04-09 19:00:00,1.3798,0.135,99.6,,0.3902000000000001,,
2025-04-09 20:00:00,,0.051,99.3,,,,
2025-04-09 21:00:00,1.3766,-0.004,100.0,,0.39339999999999997,,
2025-04-09 22:00:00,,0.024,100.0,,,,
2025-04-09 23:00:00,1.3766,-0.032,99.9,,0.39339999999999997,,
2025-04-10 00:00:00,1.3829,0.135,98.7,,0.3871,,
2025-04-10 01:00:00,1.3609,0.163,99.0,,0.4091,,
2025-04-10 02:00:00,1.3735,0.107,100.0,,0.3965000000000001,,
2025-04-10 03:00:00,1.3735,0.024,100.0,,0.3965000000000001,,
2025-04-10 04:00:00,1.3609,0.135,100.0,,0.4091,,
2025-04-10 05:00:00,1.3609,0.55,100.0,,0.4091,,
2025-04-10 06:00:00,1.3735,0.522,100.0,,0.3965000000000001,,
2025-04-10 07:00:00,,0.715,100.0,,,,
2025-04-10 08:00:00,1.3546,0.88,100.0,,0.4154,,
2025-04-10 09:00:00,,0.88,100.0,,,,
2025-04-10 10:00:00,1.3735,0.907,100.0,,0.3965000000000001,,
2025-04-10 11:00:00,1.3703,0.715,100.0,,0.39969999999999994,,
2025-04-10 12:00:00,1.3766,0.412,100.0,,0.39339999999999997,,
2025-04-10 13:00:00,1.3672,0.825,100.0,,0.40280000000000005,,
2025-04-10 14:00:00,1.3766,1.099,100.0,,0.39339999999999997,,
2025-04-10 15:00:00,,1.615,99.4,,,,
2025-04-10 16:00:00,1.3829,0.962,100.0,,0.3871,,
2025-04-10 17:00:00,,0.495,100.0,,,,
2025-04-10 18:00:00,1.3703,0.135,100.0,,0.39969999999999994,,
2025-04-10 19:00:00,,0.024,100.0,,,,
2025-04-10 20:00:00,1.3735,-0.255,99.5,,0.3965000000000001,,
2025-04-10 21:00:00,1.3578,-0.479,100.0,,0.4122000000000001,,
2025-04-10 22:00:00,,-0.902,100.0,,,,
2025-04-10 23:00:00,1.3735,-1.242,100.0,,0.3965000000000001,,
2025-04-11 00:00:00,,-1.384,99.8,,,,
2025-04-11 01:00:00,1.3766,-1.756,98.6,,0.39339999999999997,,
2025-04-11 02:00:00,1.3232,-1.9,99.8,,0.4468000000000001,,
2025-04-11 03:00:00,1.3766,-2.131,100.0,,0.39339999999999997,,
2025-04-11 04:00:00,,-2.976,99.0,,,,
2025-04-11 05:00:00,1.5211,-3.301,97.7,,0.24890000000000012,,
2025-04-11 06:00:00,1.3735,-3.449,96.4,,0.3965000000000001,,
2025-04-11 07:00:00,1.386,-3.33,97.9,,0.3840000000000001,,
2025-04-11 08:00:00,1.3609,-3.094,98.2,,0.4091,,
2025-04-11 09:00:00,1.3609,-3.39,96.7,,0.4091,,
2025-04-11 10:00:00,1.3735,-2.596,94.8,,0.3965000000000001,,
2025-04-11 11:00:00,1.3735,-1.929,97.7,,0.3965000000000001,,
2025-04-11 12:00:00,1.3829,-1.67,96.5,,0.3871,,
2025-04-11 13:00:00,1.3766,-1.128,97.5,,0.39339999999999997,,
2025-04-11 14:00:00,,-0.789,97.9,,,,
2025-04-11 15:00:00,1.3735,-1.213,98.6,,0.3965000000000001,,
2025-04-11 16:00:00,,-1.842,97.8,,,,
2025-04-11 17:00:00,1.3892,-1.727,98.6,,0.3808,,
2025-04-11 18:00:00,1.3766,-2.102,97.5,,0.39339999999999997,,
2025-04-11 19:00:00,1.3578,-2.334,98.7,,0.4122000000000001,,
2025-04-11 20:00:00,1.3798,-2.45,96.6,,0.3902000000000001,,
2025-04-11 21:00:00,1.3798,-2.625,98.8,,0.3902000000000001,,
2025-04-11 22:00:00,1.3829,-2.8,98.7,,0.3871,,
2025-04-11 23:00:00,1.3735,-2.947,99.2,,0.3965000000000001,,
2025-04-12 00:00:00,1.3892,-3.035,99.8,,0.3808,,
2025-04-12 01:00:00,1.3798,-3.212,99.6,,0.3902000000000001,,
2025-04-12 02:00:00,1.3798,-3.419,99.8,,0.3902000000000001,,
2025-04-12 03:00:00,1.3892,-3.568,99.1,,0.3808,,
2025-04-12 04:00:00,1.386,-3.598,99.1,,0.3840000000000001,,
2025-04-12 05:00:00,1.3798,-3.39,100.0,,0.3902000000000001,,
2025-04-12 06:00:00,1.3798,-3.419,100.0,,0.3902000000000001,,
2025-04-12 07:00:00,1.3892,-3.36,100.0,,0.3808,,
2025-04-12 08:00:00,1.3798,-3.183,100.0,,0.3902000000000001,,
2025-04-12 09:00:00,1.3892,-3.33,100.0,,0.3808,,
2025-04-12 10:00:00,1.3829,-2.8,99.4,,0.3871,,
2025-04-12 11:00:00,1.3892,-2.015,97.3,,0.3808,,
2025-04-12 12:00:00,1.3829,-1.043,95.6,,0.3871,,
2025-04-12 13:00:00,1.3923,-0.143,91.0,,0.3776999999999999,,
2025-04-12 14:00:00,1.386,0.329,90.9,,0.3840000000000001,,
2025-04-12 15:00:00,1.3923,0.715,87.7,,0.3776999999999999,,
2025-04-12 16:00:00,1.3703,0.907,88.9,,0.39969999999999994,,
2025-04-12 17:00:00,1.3703,0.439,92.9,,0.39969999999999994,,
2025-04-12 18:00:00,1.3798,0.218,89.0,,0.3902000000000001,,
2025-04-12 19:00:00,,-0.283,89.8,,,,
2025-04-12 20:00:00,1.3923,-0.732,93.0,,0.3776999999999999,,
2025-04-12 21:00:00,1.3672,-1.157,90.5,,0.40280000000000005,,
2025-04-12 22:00:00,,-1.67,89.4,,,,
2025-04-12 23:00:00,,-1.613,94.0,,,,
2025-04-13 00:00:00,,-1.556,93.8,,,,
2025-04-13 01:00:00,1.3735,-1.498,94.1,,0.3965000000000001,,
2025-04-13 02:00:00,1.3735,-1.327,93.4,,0.3965000000000001,,
2025-04-13 03:00:00,1.3578,-1.213,92.0,,0.4122000000000001,,
2025-04-13 04:00:00,1.3735,-1.128,90.4,,0.3965000000000001,,
2025-04-13 05:00:00,1.3798,-0.873,91.4,,0.3902000000000001,,
2025-04-13 06:00:00,1.3829,-0.648,91.2,,0.3871,,
2025-04-13 07:00:00,1.3766,0.687,93.0,,0.39339999999999997,,
2025-04-13 08:00:00,1.3578,-0.535,94.3,,0.4122000000000001,,
2025-04-13 09:00:00,1.3798,-0.789,97.8,,0.3902000000000001,,
2025-04-13 10:00:00,1.3703,1.235,97.4,,0.39969999999999994,,
2025-04-13 11:00:00,1.3735,1.044,97.5,,0.3965000000000001,,
2025-04-13 12:00:00,1.3829,1.94,97.2,,0.3871,,
2025-04-13 13:00:00,1.3766,2.155,96.9,,0.39339999999999997,,
2025-04-13 14:00:00,1.3766,2.182,97.4,,0.39339999999999997,,
2025-04-13 15:00:00,1.3766,2.262,98.3,,0.39339999999999997,,
2025-04-13 16:00:00,1.3766,2.289,99.1,,0.39339999999999997,,
2025-04-13 17:00:00,,2.074,99.5,,,,
2025-04-13 18:00:00,1.3703,2.074,99.0,,0.39969999999999994,,
2025-04-13 19:00:00,1.3578,1.615,99.7,,0.4122000000000001,,
2025-04-13 20:00:00,1.3578,1.453,99.4,,0.4122000000000001,,
2025-04-13 21:00:00,1.3609,1.561,99.2,,0.4091,,
2025-04-13 22:00:00,1.364,1.697,99.1,,0.4059999999999999,,
2025-04-13 23:00:00,1.3766,1.886,99.2,,0.39339999999999997,,
2025-04-14 00:00:00,,1.886,98.9,,,,
2025-04-14 01:00:00,1.386,1.913,98.9,,0.3840000000000001,,
2025-04-14 02:00:00,1.386,1.994,98.8,,0.3840000000000001,,
2025-04-14 03:00:00,1.364,2.074,98.8,,0.4059999999999999,,
2025-04-14 04:00:00,1.3766,2.236,98.9,,0.39339999999999997,,
2025-04-14 05:00:00,1.3829,2.209,99.3,,0.3871,,
2025-04-14 06:00:00,1.3892,2.074,99.6,,0.3808,,
2025-04-14 07:00:00,1.3609,2.396,99.6,,0.4091,,
2025-04-14 08:00:00,1.3672,2.717,99.4,,0.40280000000000005,,
2025-04-14 09:00:00,1.3986,3.195,99.3,,0.37139999999999995,,
2025-04-14 10:00:00,1.3923,3.38,99.9,,0.3776999999999999,,
2025-04-14 11:00:00,1.3798,3.485,100.0,,0.3902000000000001,,
2025-04-14 12:00:00,1.3892,3.354,100.0,,0.3808,,
2025-04-14 13:00:00,1.3986,3.564,100.0,,0.37139999999999995,,
2025-04-14 14:00:00,1.3892,3.459,100.0,,0.3808,,
2025-04-14 15:00:00,1.3986,3.722,100.0,,0.37139999999999995,,
2025-04-14 16:00:00,1.4017,3.274,100.0,,0.36830000000000007,,
2025-04-14 17:00:00,1.3923,2.903,100.0,,0.3776999999999999,,
2025-04-14 18:00:00,1.3892,3.168,100.0,,0.3808,,
2025-04-14 19:00:00,1.3829,2.343,100.0,,0.3871,,
2025-04-14 20:00:00,,1.588,100.0,,,,
2025-04-14 21:00:00,1.3798,1.697,100.0,,0.3902000000000001,,
2025-04-14 22:00:00,1.3955,1.697,100.0,,0.37450000000000006,,
2025-04-14 23:00:00,1.3703,1.48,100.0,,0.39969999999999994,,
2025-04-15 00:00:00,,1.235,100.0,,,,
2025-04-15 01:00:00,1.3892,1.044,100.0,,0.3808,,
2025-04-15 02:00:00,1.3609,0.797,100.0,,0.4091,,
2025-04-15 03:00:00,1.3923,0.301,100.0,,0.3776999999999999,,
2025-04-15 04:00:00,1.3892,-0.227,100.0,,0.3808,,
2025-04-15 05:00:00,1.3892,-0.479,100.0,,0.3808,,
2025-04-15 06:00:00,,-0.676,100.0,,,,
2025-04-15 07:00:00,,-0.479,100.0,,,,
2025-04-15 08:00:00,1.3892,-0.479,100.0,,0.3808,,
2025-04-15 09:00:00,1.3986,-1.327,100.0,,0.37139999999999995,,
2025-04-15 10:00:00,1.3892,-0.732,100.0,,0.3808,,
2025-04-15 11:00:00,1.3923,0.467,96.8,,0.3776999999999999,,
2025-04-15 12:00:00,1.3923,1.994,87.1,,0.3776999999999999,,
2025-04-15 13:00:00,1.386,2.557,78.3,,0.3840000000000001,,
2025-04-15 14:00:00,1.3892,2.584,72.1,,0.3808,,
2025-04-15 15:00:00,1.3829,3.406,57.2,,0.3871,,
2025-04-15 16:00:00,1.408,3.564,49.5,,0.3620000000000001,,
2025-04-15 17:00:00,1.4017,4.35,48.6,,0.36830000000000007,,
2025-04-15 18:00:00,,2.664,55.4,,,,
2025-04-15 19:00:00,1.4112,0.825,63.3,,0.3588,,
2025-04-15 20:00:00,1.4143,-0.479,62.4,,0.3557000000000001,,
2025-04-15 21:00:00,1.4143,-0.986,64.9,,0.3557000000000001,,
2025-04-15 22:00:00,1.4049,-1.299,72.3,,0.3651,,
2025-04-15 23:00:00,1.4017,-1.327,80.0,,0.36830000000000007,,
2025-04-16 00:00:00,1.4143,-1.498,85.7,,0.3557000000000001,,
2025-04-16 01:00:00,1.4143,-1.613,88.4,,0.3557000000000001,,
2025-04-16 02:00:00,1.4049,-1.699,90.4,,0.3651,,
2025-04-16 03:00:00,1.4049,-1.498,85.6,,0.3651,,
2025-04-16 04:00:00,1.4143,-1.157,81.2,,0.3557000000000001,,
2025-04-16 05:00:00,1.3986,-1.299,77.6,,0.37139999999999995,,
2025-04-16 06:00:00,1.3829,-1.015,70.3,,0.3871,,
2025-04-16 07:00:00,1.3892,-0.93,70.9,,0.3808,,
2025-04-16 08:00:00,,-0.255,70.8,,,,
2025-04-16 09:00:00,1.4049,0.989,64.5,,0.3651,,
2025-04-16 10:00:00,1.4049,1.67,69.9,,0.3651,,
2025-04-16 11:00:00,1.408,3.089,63.3,,0.3620000000000001,,
2025-04-16 12:00:00,1.408,3.854,51.6,,0.3620000000000001,,
2025-04-16 13:00:00,,4.895,50.2,,,,
2025-04-16 14:00:00,1.3829,5.385,50.0,,0.3871,,
2025-04-16 15:00:00,1.408,6.051,51.0,,0.3620000000000001,,
2025-04-16 16:00:00,1.4206,6.306,48.4,,0.34939999999999993,,
2025-04-16 17:00:00,1.4049,6.433,45.9,,0.3651,,
2025-04-16 18:00:00,1.4269,5.024,54.3,,0.34309999999999996,,
2025-04-16 19:00:00,1.4269,4.272,56.5,,0.34309999999999996,,
2025-04-16 20:00:00,1.4143,2.45,55.4,,0.3557000000000001,,
2025-04-16 21:00:00,1.3955,3.009,47.3,,0.37450000000000006,,
2025-04-16 22:00:00,1.4143,3.168,45.8,,0.3557000000000001,,
2025-04-16 23:00:00,1.4206,2.77,50.6,,0.34939999999999993,,
2025-04-17 00:00:00,1.4206,2.877,44.4,,0.34939999999999993,,
2025-04-17 01:00:00,,3.063,41.6,,,,
2025-04-17 02:00:00,1.4206,2.236,48.5,,0.34939999999999993,,
2025-04-17 03:00:00,1.408,2.37,44.9,,0.3620000000000001,,
2025-04-17 04:00:00,1.386,1.697,52.7,,0.3840000000000001,,
2025-04-17 05:00:00,,1.778,50.4,,,,
2025-04-17 06:00:00,1.4017,2.209,45.9,,0.36830000000000007,,
2025-04-17 07:00:00,1.4017,2.155,48.8,,0.36830000000000007,,
2025-04-17 08:00:00,1.4206,2.557,48.6,,0.34939999999999993,,
2025-04-17 09:00:00,1.4237,4.011,41.8,,0.34630000000000005,,
2025-04-17 10:00:00,1.4174,5.257,35.4,,0.3526,,
2025-04-17 11:00:00,1.4206,6.255,36.9,,0.34939999999999993,,
2025-04-17 12:00:00,1.4237,7.494,42.2,,0.34630000000000005,,
2025-04-17 13:00:00,1.4269,8.27,40.9,,0.34309999999999996,,
2025-04-17 14:00:00,1.408,8.593,39.8,,0.3620000000000001,,
2025-04-17 15:00:00,1.4331,9.139,49.1,,0.3369,,
2025-04-17 16:00:00,1.4206,9.064,46.3,,0.34939999999999993,,
2025-04-17 17:00:00,1.4426,8.643,45.4,,0.3273999999999999,,
2025-04-17 18:00:00,1.4457,7.87,45.4,,0.32430000000000003,,
2025-04-17 19:00:00,1.4551,6.661,48.7,,0.31489999999999996,,
2025-04-17 20:00:00,1.4394,5.102,44.1,,0.3306,,
2025-04-17 21:00:00,1.4426,4.844,54.4,,0.3273999999999999,,
2025-04-17 22:00:00,1.43,5.282,54.0,,0.3400000000000001,,
2025-04-17 23:00:00,1.4331,5.437,56.9,,0.3369,,
2025-04-18 00:00:00,1.4426,6.23,60.4,,0.3273999999999999,,
2025-04-18 01:00:00,1.4426,6.077,60.1,,0.3273999999999999,,
2025-04-18 02:00:00,1.43,6.611,59.7,,0.3400000000000001,,
2025-04-18 03:00:00,1.4363,6.458,58.5,,0.3337000000000001,,
2025-04-18 04:00:00,1.4551,6.23,60.2,,0.31489999999999996,,
2025-04-18 05:00:00,1.4394,6.737,60.6,,0.3306,,
2025-04-18 06:00:00,1.4583,6.0,63.0,,0.3117000000000001,,
2025-04-18 07:00:00,1.4426,6.23,66.1,,0.3273999999999999,,
2025-04-18 08:00:00,1.4677,6.128,66.3,,0.3023,,
2025-04-18 09:00:00,1.43,5.462,68.4,,0.3400000000000001,,
2025-04-18 10:00:00,1.4583,6.306,66.4,,0.3117000000000001,,
2025-04-18 11:00:00,1.4363,6.382,65.2,,0.3337000000000001,,
2025-04-18 12:00:00,1.4614,7.343,67.3,,0.3086,,
2025-04-18 13:00:00,1.4708,7.066,71.4,,0.2991999999999999,,
2025-04-18 14:00:00,1.474,5.745,72.2,,0.29600000000000004,,
2025-04-18 15:00:00,1.4677,3.116,89.9,,0.3023,,
2025-04-18 16:00:00,1.4426,2.61,95.2,,0.3273999999999999,,
2025-04-18 17:00:00,1.4489,2.45,96.8,,0.32109999999999994,,
2025-04-18 18:00:00,1.4708,1.697,98.1,,0.2991999999999999,,
2025-04-18 19:00:00,,1.18,98.7,,,,
2025-04-18 20:00:00,1.452,0.632,99.0,,0.31800000000000006,,
2025-04-18 21:00:00,1.4677,-0.004,99.2,,0.3023,,
2025-04-18 22:00:00,1.4708,-0.958,99.5,,0.2991999999999999,,
2025-04-18 23:00:00,1.4771,-2.537,98.5,,0.29289999999999994,,
2025-04-19 00:00:00,1.474,-2.771,95.7,,0.29600000000000004,,
2025-04-19 01:00:00,1.4865,-2.247,96.9,,0.2835000000000001,,
2025-04-19 02:00:00,,-2.247,97.1,,,,
2025-04-19 03:00:00,1.4646,-2.015,97.0,,0.3054000000000001,,
2025-04-19 04:00:00,1.4363,-2.334,97.5,,0.3337000000000001,,
2025-04-19 05:00:00,1.4363,-2.45,97.6,,0.3337000000000001,,
2025-04-19 06:00:00,1.4489,-2.566,97.7,,0.32109999999999994,,
2025-04-19 07:00:00,1.4677,-2.8,98.3,,0.3023,,
2025-04-19 08:00:00,1.4677,-2.683,95.3,,0.3023,,
2025-04-19 09:00:00,1.4771,-2.247,98.2,,0.29289999999999994,,
2025-04-19 10:00:00,1.4677,-1.613,98.9,,0.3023,,
2025-04-19 11:00:00,1.4803,-1.1,99.2,,0.28970000000000007,,
2025-04-19 12:00:00,1.4834,-0.62,99.2,,0.28659999999999997,,
2025-04-19 13:00:00,1.4865,-0.227,97.9,,0.2835000000000001,,
2025-04-19 14:00:00,1.4771,0.163,98.3,,0.29289999999999994,,
2025-04-19 15:00:00,1.474,-0.004,99.3,,0.29600000000000004,,
2025-04-19 16:00:00,1.474,0.384,97.8,,0.29600000000000004,,
2025-04-19 17:00:00,1.474,0.301,98.3,,0.29600000000000004,,
2025-04-19 18:00:00,1.4865,-0.004,99.4,,0.2835000000000001,,
2025-04-19 19:00:00,,-0.088,99.2,,,,
2025-04-19 20:00:00,1.4865,-0.06,99.0,,0.2835000000000001,,
2025-04-19 21:00:00,1.4803,-0.088,99.1,,0.28970000000000007,,
2025-04-19 22:00:00,1.4677,-0.199,99.3,,0.3023,,
2025-04-19 23:00:00,1.496,-0.535,100.0,,0.274,,
2025-04-20 00:00:00,1.4708,-0.76,100.0,,0.2991999999999999,,
2025-04-20 01:00:00,1.4865,-0.76,99.5,,0.2835000000000001,,
2025-04-20 02:00:00,,-0.817,99.5,,,,
2025-04-20 03:00:00,1.4928,-0.704,98.9,,0.2772000000000001,,
2025-04-20 04:00:00,1.4897,-0.676,99.8,,0.2803,,
2025-04-20 05:00:00,1.4928,-0.732,99.8,,0.2772000000000001,,
2025-04-20 06:00:00,1.5022,-0.789,99.3,,0.26780000000000004,,
2025-04-20 07:00:00,1.4897,-1.043,100.0,,0.2803,,
2025-04-20 08:00:00,1.4897,-1.043,100.0,,0.2803,,
2025-04-20 09:00:00,1.4991,-0.732,100.0,,0.2708999999999999,,
2025-04-20 10:00:00,1.4928,-0.93,100.0,,0.2772000000000001,,
2025-04-20 11:00:00,1.4583,-0.171,97.6,,0.3117000000000001,,
2025-04-20 12:00:00,1.4646,-0.591,100.0,,0.3054000000000001,,
2025-04-20 13:00:00,1.4551,-0.199,100.0,,0.31489999999999996,,
2025-04-20 14:00:00,1.4489,-0.311,99.8,,0.32109999999999994,,
2025-04-20 15:00:00,1.4551,-0.088,99.9,,0.31489999999999996,,
2025-04-20 16:00:00,1.474,-0.199,100.0,,0.29600000000000004,,
2025-04-20 17:00:00,1.4708,-0.563,99.2,,0.2991999999999999,,
2025-04-20 18:00:00,1.4551,-1.071,99.4,,0.31489999999999996,,
2025-04-20 19:00:00,1.4551,-1.871,99.8,,0.31489999999999996,,
2025-04-20 20:00:00,1.4771,-2.771,96.2,,0.29289999999999994,,
2025-04-20 21:00:00,1.4426,-3.006,95.3,,0.3273999999999999,,
2025-04-20 22:00:00,1.4614,-3.094,97.0,,0.3086,,
2025-04-20 23:00:00,1.452,-3.36,97.1,,0.31800000000000006,,
2025-04-21 00:00:00,1.4677,-3.508,98.1,,0.3023,,
2025-04-21 01:00:00,1.4708,-3.538,98.1,,0.2991999999999999,,
2025-04-21 02:00:00,1.43,-3.657,97.3,,0.3400000000000001,,
2025-04-21 03:00:00,1.4614,-3.687,97.7,,0.3086,,
2025-04-21 04:00:00,1.4708,-3.777,97.7,,0.2991999999999999,,
2025-04-21 05:00:00,1.4677,-3.956,96.3,,0.3023,,
2025-04-21 06:00:00,,-3.836,97.3,,,,
2025-04-21 07:00:00,1.4614,-3.508,97.3,,0.3086,,
2025-04-21 08:00:00,1.452,-3.36,96.6,,0.31800000000000006,,
2025-04-21 09:00:00,,-2.918,96.6,,,,
2025-04-21 10:00:00,1.4771,-1.699,92.4,,0.29289999999999994,,
2025-04-21 11:00:00,1.4708,-0.591,89.7,,0.2991999999999999,,
2025-04-21 12:00:00,1.4646,0.356,87.6,,0.3054000000000001,,
2025-04-21 13:00:00,1.474,1.099,85.3,,0.29600000000000004,,
2025-04-21 14:00:00,1.474,1.561,83.2,,0.29600000000000004,,
2025-04-21 15:00:00,1.4614,1.994,79.4,,0.3086,,
2025-04-21 16:00:00,1.4677,2.262,73.7,,0.3023,,
2025-04-21 17:00:00,1.4551,2.45,76.7,,0.31489999999999996,,
2025-04-21 18:00:00,1.4771,1.643,79.2,,0.29289999999999994,,
2025-04-21 19:00:00,1.4363,0.079,85.8,,0.3337000000000001,,
2025-04-21 20:00:00,1.4331,-0.93,88.5,,0.3369,,
2025-04-21 21:00:00,1.4803,-1.327,90.0,,0.28970000000000007,,
2025-04-21 22:00:00,1.4708,-1.613,89.6,,0.2991999999999999,,
2025-04-21 23:00:00,1.4803,-1.67,88.9,,0.28970000000000007,,
2025-04-22 00:00:00,,-1.756,90.9,,,,
2025-04-22 01:00:00,1.4708,-1.785,92.2,,0.2991999999999999,,
2025-04-22 02:00:00,1.4771,-1.958,92.0,,0.29289999999999994,,
2025-04-22 03:00:00,1.452,-2.131,92.0,,0.31800000000000006,,
2025-04-22 04:00:00,1.4677,-2.218,92.2,,0.3023,,
2025-04-22 05:00:00,1.4677,-2.16,91.7,,0.3023,,
2025-04-22 06:00:00,1.4677,-2.044,91.1,,0.3023,,
2025-04-22 07:00:00,1.4771,-1.842,90.3,,0.29289999999999994,,
2025-04-22 08:00:00,1.4803,-1.727,91.8,,0.28970000000000007,,
2025-04-22 09:00:00,1.4708,-1.242,91.3,,0.2991999999999999,,
2025-04-22 10:00:00,1.4771,-0.339,90.7,,0.29289999999999994,,
2025-04-22 11:00:00,1.4489,1.208,86.2,,0.32109999999999994,,
2025-04-22 12:00:00,1.474,2.503,81.9,,0.29600000000000004,,
2025-04-22 13:00:00,1.474,3.775,76.7,,0.29600000000000004,,
2025-04-22 14:00:00,1.4865,3.985,75.1,,0.2835000000000001,,
2025-04-22 15:00:00,1.4771,4.818,74.5,,0.29289999999999994,,
2025-04-22 16:00:00,1.4897,4.428,77.7,,0.2803,,
2025-04-22 17:00:00,1.4834,3.617,80.4,,0.28659999999999997,,
2025-04-22 18:00:00,1.4551,3.116,80.5,,0.31489999999999996,,
2025-04-22 19:00:00,1.4803,1.588,87.8,,0.28970000000000007,,
2025-04-22 20:00:00,1.4551,0.742,88.4,,0.31489999999999996,,
2025-04-22 21:00:00,1.4771,0.522,88.0,,0.29289999999999994,,
2025-04-22 22:00:00,1.4803,0.577,86.0,,0.28970000000000007,,
2025-04-22 23:00:00,1.4803,0.742,83.3,,0.28970000000000007,,
2025-04-23 00:00:00,1.4803,0.852,84.5,,0.28970000000000007,,
2025-04-23 01:00:00,,0.522,85.0,,,,
2025-04-23 02:00:00,,0.218,82.4,,,,
2025-04-23 03:00:00,1.4677,-0.004,80.1,,0.3023,,
2025-04-23 04:00:00,1.4551,-0.032,78.9,,0.31489999999999996,,
2025-04-23 05:00:00,1.4583,0.051,76.5,,0.3117000000000001,,
2025-04-23 06:00:00,,0.107,76.5,,,,
2025-04-23 07:00:00,1.4677,0.907,75.7,,0.3023,,
2025-04-23 08:00:00,1.4394,1.099,78.9,,0.3306,,
2025-04-23 09:00:00,1.474,1.724,79.0,,0.29600000000000004,,
2025-04-23 10:00:00,1.4583,2.503,82.9,,0.3117000000000001,,
2025-04-23 11:00:00,1.474,3.749,82.4,,0.29600000000000004,,
2025-04-23 12:00:00,1.4771,4.818,77.8,,0.29289999999999994,,
2025-04-23 13:00:00,1.4834,5.462,73.1,,0.28659999999999997,,
2025-04-23 14:00:00,1.4928,6.077,66.8,,0.2772000000000001,,
2025-04-23 15:00:00,1.4834,5.385,69.0,,0.28659999999999997,,
2025-04-23 16:00:00,1.496,5.411,72.1,,0.274,,
2025-04-23 17:00:00,1.474,5.975,71.7,,0.29600000000000004,,
2025-04-23 18:00:00,1.4897,5.102,78.3,,0.2803,,
2025-04-23 19:00:00,1.5117,3.749,80.8,,0.2583,,
2025-04-23 20:00:00,1.4865,2.877,82.4,,0.2835000000000001,,
2025-04-23 21:00:00,1.4865,2.903,79.6,,0.2835000000000001,,
2025-04-23 22:00:00,1.4771,2.477,79.9,,0.29289999999999994,,
2025-04-23 23:00:00,1.496,2.37,78.6,,0.274,,
2025-04-24 00:00:00,1.4771,2.182,72.9,,0.29289999999999994,,
2025-04-24 01:00:00,1.4991,2.584,66.7,,0.2708999999999999,,
2025-04-24 02:00:00,1.4991,2.983,57.0,,0.2708999999999999,,
2025-04-24 03:00:00,1.4771,3.274,56.8,,0.29289999999999994,,
2025-04-24 04:00:00,1.4928,2.983,56.4,,0.2772000000000001,,
2025-04-24 05:00:00,1.4865,2.956,55.6,,0.2835000000000001,,
2025-04-24 06:00:00,1.5022,2.53,56.0,,0.26780000000000004,,
2025-04-24 07:00:00,1.5022,2.877,58.8,,0.26780000000000004,,
2025-04-24 08:00:00,1.4928,3.538,58.5,,0.2772000000000001,,
2025-04-24 09:00:00,1.4928,4.141,59.1,,0.2772000000000001,,
2025-04-24 10:00:00,1.5022,5.616,56.0,,0.26780000000000004,,
2025-04-24 11:00:00,1.5022,6.051,59.9,,0.26780000000000004,,
2025-04-24 12:00:00,1.5085,7.368,60.5,,0.26150000000000007,,
2025-04-24 13:00:00,1.4834,8.369,55.9,,0.28659999999999997,,
2025-04-24 14:00:00,1.5117,8.866,56.6,,0.2583,,
2025-04-24 15:00:00,1.5054,8.668,56.0,,0.26459999999999995,,
2025-04-24 16:00:00,1.5179,7.594,59.2,,0.2521,,
2025-04-24 17:00:00,1.5117,7.569,60.4,,0.2583,,
2025-04-24 18:00:00,1.5148,7.343,58.1,,0.2552000000000001,,
2025-04-24 19:00:00,1.5117,6.051,60.8,,0.2583,,
2025-04-24 20:00:00,1.5242,5.024,62.3,,0.24580000000000002,,
2025-04-24 21:00:00,1.4991,5.205,58.8,,0.2708999999999999,,
2025-04-24 22:00:00,1.5305,4.636,61.3,,0.23950000000000005,,
2025-04-24 23:00:00,1.5022,4.532,61.1,,0.26780000000000004,,
2025-04-25 00:00:00,1.5211,4.688,61.0,,0.24890000000000012,,
2025-04-25 01:00:00,1.5211,5.05,61.9,,0.24890000000000012,,
2025-04-25 02:00:00,1.5242,5.179,61.0,,0.24580000000000002,,
2025-04-25 03:00:00,1.5242,5.076,60.7,,0.24580000000000002,,
2025-04-25 04:00:00,1.5179,5.05,61.0,,0.2521,,
2025-04-25 05:00:00,1.5022,4.869,61.9,,0.26780000000000004,,
2025-04-25 06:00:00,1.5274,4.766,62.6,,0.24259999999999993,,
2025-04-25 07:00:00,1.5085,5.308,59.6,,0.26150000000000007,,
2025-04-25 08:00:00,1.5274,5.745,54.3,,0.24259999999999993,,
2025-04-25 09:00:00,1.5274,6.026,50.5,,0.24259999999999993,,
2025-04-25 10:00:00,1.5305,7.142,48.0,,0.23950000000000005,,
2025-04-25 11:00:00,1.5179,8.17,43.7,,0.2521,,
2025-04-25 12:00:00,1.5242,8.319,67.2,,0.24580000000000002,,
2025-04-25 13:00:00,1.5462,7.569,77.7,,0.2238,,
2025-04-25 14:00:00,1.5242,8.045,77.4,,0.24580000000000002,,
2025-04-25 15:00:00,1.5431,7.569,77.9,,0.2269000000000001,,
2025-04-25 16:00:00,1.5462,6.914,79.6,,0.2238,,
2025-04-25 17:00:00,1.5619,5.745,84.4,,0.20809999999999995,,
2025-04-25 18:00:00,1.5462,4.766,89.2,,0.2238,,
2025-04-25 19:00:00,1.5494,3.801,90.7,,0.2205999999999999,,
2025-04-25 20:00:00,1.5462,3.142,88.5,,0.2238,,
2025-04-25 21:00:00,,2.182,89.0,,,,
2025-04-25 22:00:00,1.5494,2.77,84.4,,0.2205999999999999,,
2025-04-25 23:00:00,,1.561,88.5,,,,
2025-04-26 00:00:00,1.5556,1.289,88.1,,0.21439999999999992,,
2025-04-26 01:00:00,1.5682,1.643,84.1,,0.20179999999999998,,
2025-04-26 02:00:00,1.5745,0.495,88.4,,0.1955,,
2025-04-26 03:00:00,1.5651,0.715,87.2,,0.20490000000000008,,
2025-04-26 04:00:00,,0.632,84.7,,,,
2025-04-26 05:00:00,1.5588,0.66,80.9,,0.21120000000000005,,
2025-04-26 06:00:00,1.5588,0.329,86.0,,0.21120000000000005,,
2025-04-26 07:00:00,,0.495,81.8,,,,
2025-04-26 08:00:00,1.5337,0.742,84.0,,0.23629999999999995,,
2025-04-26 09:00:00,1.5494,1.534,80.2,,0.2205999999999999,,
2025-04-26 10:00:00,1.5337,2.021,89.5,,0.23629999999999995,,
2025-04-26 11:00:00,1.5368,2.797,85.3,,0.23320000000000007,,
2025-04-26 12:00:00,1.5399,4.662,71.6,,0.23009999999999997,,
2025-04-26 13:00:00,1.5556,5.411,69.9,,0.21439999999999992,,
2025-04-26 14:00:00,1.5619,6.357,62.7,,0.20809999999999995,,
2025-04-26 15:00:00,1.5462,6.128,63.5,,0.2238,,
2025-04-26 16:00:00,,6.026,59.7,,,,
2025-04-26 17:00:00,1.5431,5.205,68.5,,0.2269000000000001,,
2025-04-26 18:00:00,1.5462,4.011,75.8,,0.2238,,
2025-04-26 19:00:00,1.5682,3.248,79.4,,0.20179999999999998,,
2025-04-26 20:00:00,1.5556,1.913,79.9,,0.21439999999999992,,
2025-04-26 21:00:00,,1.913,78.3,,,,
2025-04-26 22:00:00,1.5368,1.805,76.2,,0.23320000000000007,,
2025-04-26 23:00:00,1.5525,1.94,75.9,,0.21750000000000003,,
2025-04-27 00:00:00,,1.615,80.6,,,,
2025-04-27 01:00:00,1.5337,1.425,81.2,,0.23629999999999995,,
2025-04-27 02:00:00,1.5556,0.825,83.3,,0.21439999999999992,,
2025-04-27 03:00:00,1.5556,0.825,82.3,,0.21439999999999992,,
2025-04-27 04:00:00,1.5651,0.934,81.3,,0.20490000000000008,,
2025-04-27 05:00:00,1.5399,0.907,82.5,,0.23009999999999997,,
2025-04-27 06:00:00,1.5399,1.805,78.7,,0.23009999999999997,,
2025-04-27 07:00:00,1.5651,1.615,79.9,,0.20490000000000008,,
2025-04-27 08:00:00,,1.751,81.6,,,,
2025-04-27 09:00:00,1.5525,2.717,77.0,,0.21750000000000003,,
2025-04-27 10:00:00,1.5556,3.116,77.8,,0.21439999999999992,,
2025-04-27 11:00:00,1.5619,4.272,80.2,,0.20809999999999995,,
2025-04-27 12:00:00,1.5682,5.591,77.6,,0.20179999999999998,,
2025-04-27 13:00:00,1.5745,7.116,67.5,,0.1955,,
2025-04-27 14:00:00,1.5651,8.145,65.1,,0.20490000000000008,,
2025-04-27 15:00:00,1.5713,8.469,62.7,,0.1987000000000001,,
2025-04-27 16:00:00,1.5619,8.891,65.5,,0.20809999999999995,,
2025-04-27 17:00:00,1.5776,7.268,72.4,,0.19240000000000013,,
2025-04-27 18:00:00,1.587,7.695,71.7,,0.18300000000000005,,
2025-04-27 19:00:00,1.5745,6.306,74.1,,0.1955,,
2025-04-27 20:00:00,1.5839,4.272,82.1,,0.18609999999999993,,
2025-04-27 21:00:00,1.5965,4.141,84.6,,0.1735,,
2025-04-27 22:00:00,1.6059,4.272,84.1,,0.1640999999999999,,
2025-04-27 23:00:00,1.6153,4.48,84.2,,0.15470000000000006,,
2025-04-28 00:00:00,1.5745,4.089,79.8,,0.1955,,
2025-04-28 01:00:00,1.5933,3.696,73.7,,0.17670000000000008,,
2025-04-28 02:00:00,1.5933,5.154,64.9,,0.17670000000000008,,
2025-04-28 03:00:00,1.6122,3.354,75.9,,0.15779999999999994,,
2025-04-28 04:00:00,1.5965,3.063,80.3,,0.1735,,
2025-04-28 05:00:00,1.6059,2.209,87.6,,0.1640999999999999,,
2025-04-28 06:00:00,1.5996,2.182,93.3,,0.1704000000000001,,
2025-04-28 07:00:00,1.5996,2.182,95.3,,0.1704000000000001,,
2025-04-28 08:00:00,1.5808,2.584,95.5,,0.18920000000000003,,
2025-04-28 09:00:00,1.5996,2.53,95.5,,0.1704000000000001,,
2025-04-28 10:00:00,1.5996,2.664,95.4,,0.1704000000000001,,
2025-04-28 11:00:00,1.5745,2.903,95.5,,0.1955,,
2025-04-28 12:00:00,1.609,2.903,96.2,,0.16100000000000003,,
2025-04-28 13:00:00,1.6059,3.538,95.4,,0.1640999999999999,,
2025-04-28 14:00:00,1.6122,3.827,94.8,,0.15779999999999994,,
2025-04-28 15:00:00,1.6153,4.063,94.1,,0.15470000000000006,,
2025-04-28 16:00:00,1.6185,4.011,93.5,,0.15149999999999997,,
2025-04-28 17:00:00,1.6342,3.827,94.6,,0.13579999999999992,,
2025-04-28 18:00:00,1.609,3.696,95.2,,0.16100000000000003,,
2025-04-28 19:00:00,1.6279,3.459,95.6,,0.14210000000000012,,
2025-04-28 20:00:00,1.5996,3.38,97.4,,0.1704000000000001,,
2025-04-28 21:00:00,1.6342,3.195,97.5,,0.13579999999999992,,
2025-04-28 22:00:00,1.6185,3.274,97.7,,0.15149999999999997,,
2025-04-28 23:00:00,1.6373,3.009,97.6,,0.13270000000000004,,
2025-04-29 00:00:00,1.6404,2.69,97.9,,0.12959999999999994,,
2025-04-29 01:00:00,1.6122,2.477,97.9,,0.15779999999999994,,
2025-04-29 02:00:00,1.6216,1.561,99.3,,0.1484000000000001,,
2025-04-29 03:00:00,1.6279,0.687,99.0,,0.14210000000000012,,
2025-04-29 04:00:00,1.631,-0.088,99.9,,0.139,,
2025-04-29 05:00:00,1.6342,-0.563,100.0,,0.13579999999999992,,
2025-04-29 06:00:00,1.6279,-0.507,100.0,,0.14210000000000012,,
2025-04-29 07:00:00,1.6279,-0.676,100.0,,0.14210000000000012,,
2025-04-29 08:00:00,1.6279,-0.93,100.0,,0.14210000000000012,,
2025-04-29 09:00:00,1.6373,-0.648,100.0,,0.13270000000000004,,
2025-04-29 10:00:00,,-0.367,100.0,,,,
2025-04-29 11:00:00,1.6028,0.163,100.0,,0.16720000000000002,,
2025-04-29 12:00:00,1.6059,0.88,99.9,,0.1640999999999999,,
2025-04-29 13:00:00,1.5902,1.615,99.0,,0.17979999999999996,,
2025-04-29 14:00:00,1.6122,2.77,94.7,,0.15779999999999994,,
2025-04-29 15:00:00,1.6436,2.717,92.1,,0.12640000000000007,,
2025-04-29 16:00:00,1.6436,3.485,91.2,,0.12640000000000007,,
2025-04-29 17:00:00,1.6467,3.433,88.8,,0.12329999999999997,,
2025-04-29 18:00:00,1.6373,2.744,89.3,,0.13270000000000004,,
2025-04-29 19:00:00,1.6185,1.67,93.7,,0.15149999999999997,,
2025-04-29 20:00:00,,0.934,93.1,,,,
2025-04-29 21:00:00,1.6404,0.934,93.2,,0.12959999999999994,,
2025-04-29 22:00:00,1.6185,0.825,94.0,,0.15149999999999997,,
2025-04-29 23:00:00,1.6185,0.962,93.1,,0.15149999999999997,,
2025-04-30 00:00:00,,0.742,89.0,,,,
2025-04-30 01:00:00,1.6404,1.044,81.0,,0.12959999999999994,,
2025-04-30 02:00:00,1.6185,0.577,79.4,,0.15149999999999997,,
2025-04-30 03:00:00,1.6467,0.88,79.5,,0.12329999999999997,,
2025-04-30 04:00:00,1.6467,0.384,75.6,,0.12329999999999997,,
2025-04-30 05:00:00,1.6467,0.384,67.0,,0.12329999999999997,,
2025-04-30 06:00:00,1.6185,1.18,59.1,,0.15149999999999997,,
2025-04-30 07:00:00,1.6436,1.751,46.1,,0.12640000000000007,,
2025-04-30 08:00:00,1.6499,1.805,51.4,,0.1201000000000001,,
2025-04-30 09:00:00,1.6185,2.047,72.1,,0.15149999999999997,1.69,
2025-04-30 10:00:00,,3.221,77.8,,,,
2025-04-30 11:00:00,1.609,4.636,78.4,,0.16100000000000003,,
2025-04-30 12:00:00,1.6404,6.306,75.7,,0.12959999999999994,,
2025-04-30 13:00:00,1.6404,7.544,72.1,,0.12959999999999994,,
2025-04-30 14:00:00,1.6404,8.618,63.4,,0.12959999999999994,,
2025-04-30 15:00:00,1.6499,9.534,55.7,,0.1201000000000001,,
2025-04-30 16:00:00,1.6561,10.001,58.6,,0.11390000000000011,,
2025-04-30 17:00:00,1.6404,8.866,65.2,,0.12959999999999994,,
2025-04-30 18:00:00,1.6561,8.07,69.5,,0.11390000000000011,,
2025-04-30 19:00:00,1.6593,7.519,71.8,,0.11070000000000002,,
2025-04-30 20:00:00,1.6624,4.792,80.3,,0.10759999999999992,,
2025-04-30 21:00:00,1.6499,4.558,83.1,,0.1201000000000001,,
2025-04-30 22:00:00,1.6561,4.532,83.2,,0.11390000000000011,,
2025-04-30 23:00:00,1.675,4.141,84.5,,0.09499999999999997,,
2025-05-01 00:00:00,1.6718,4.063,85.8,,0.09820000000000007,,
2025-05-01 01:00:00,1.6813,4.011,85.7,,0.0887,,
2025-05-01 02:00:00,1.6624,4.506,80.9,,0.10759999999999992,,
2025-05-01 03:00:00,1.6561,4.636,80.9,,0.11390000000000011,,
2025-05-01 04:00:00,,4.428,67.7,,,,
2025-05-01 05:00:00,1.6624,4.376,73.5,,0.10759999999999992,,
2025-05-01 06:00:00,1.6624,4.688,63.8,,0.10759999999999992,,
2025-05-01 07:00:00,1.6624,5.024,58.4,,0.10759999999999992,,
2025-05-01 08:00:00,1.6687,5.128,60.7,,0.10129999999999995,,
2025-05-01 09:00:00,1.6656,5.539,62.1,,0.10440000000000005,,
2025-05-01 10:00:00,1.6718,6.585,64.9,,0.09820000000000007,,
2025-05-01 11:00:00,1.6656,8.17,64.8,,0.10440000000000005,,
2025-05-01 12:00:00,1.675,9.534,63.1,,0.09499999999999997,,
2025-05-01 13:00:00,1.7001,10.247,62.3,,0.06990000000000007,,
2025-05-01 14:00:00,1.6938,12.147,56.1,,0.07620000000000005,,
2025-05-01 15:00:00,1.697,12.219,53.1,,0.07299999999999995,,
2025-05-01 16:00:00,1.7064,11.929,54.0,,0.0636000000000001,,
2025-05-01 17:00:00,1.6938,11.029,57.9,,0.07620000000000005,,
2025-05-01 18:00:00,1.7033,10.834,61.4,,0.06669999999999998,,
2025-05-01 19:00:00,1.6781,10.394,61.5,,0.09190000000000009,,
2025-05-01 20:00:00,1.7158,7.895,68.9,,0.054200000000000026,,
2025-05-01 21:00:00,1.7064,7.116,70.9,,0.0636000000000001,,
2025-05-01 22:00:00,1.6938,7.318,66.3,,0.07620000000000005,,
2025-05-01 23:00:00,1.6938,6.94,63.8,,0.07620000000000005,,
2025-05-02 00:00:00,1.697,6.636,60.9,,0.07299999999999995,,
2025-05-02 01:00:00,1.697,6.914,52.1,,0.07299999999999995,,
2025-05-02 02:00:00,1.6781,6.026,51.2,,0.09190000000000009,,
2025-05-02 03:00:00,1.7001,6.0,45.7,,0.06990000000000007,,
2025-05-02 04:00:00,1.7033,6.102,55.2,,0.06669999999999998,,
2025-05-02 05:00:00,,6.458,60.5,,,,
2025-05-02 06:00:00,1.7158,6.611,66.1,,0.054200000000000026,,
2025-05-02 07:00:00,1.7033,6.357,72.1,,0.06669999999999998,,
2025-05-02 08:00:00,1.7221,6.889,73.0,,0.047900000000000054,,
2025-05-02 09:00:00,1.7095,6.813,75.8,,0.0605,,
2025-05-02 10:00:00,1.6907,6.94,78.6,,0.07929999999999993,,
2025-05-02 11:00:00,1.7033,6.433,83.2,,0.06669999999999998,,
2025-05-02 12:00:00,1.719,4.844,89.7,,0.050999999999999934,,
2025-05-02 13:00:00,1.7158,5.488,84.1,,0.054200000000000026,,
2025-05-02 14:00:00,1.7158,4.61,89.5,,0.054200000000000026,,
2025-05-02 15:00:00,1.7221,4.194,93.4,,0.047900000000000054,,
2025-05-02 16:00:00,1.697,3.116,97.1,,0.07299999999999995,,
2025-05-02 17:00:00,1.697,2.047,97.5,,0.07299999999999995,,
2025-05-02 18:00:00,,1.751,97.7,,,,
2025-05-02 19:00:00,1.8509,0.55,98.6,,-0.08089999999999997,,
2025-05-02 20:00:00,1.7221,-0.143,99.0,,0.047900000000000054,,
2025-05-02 21:00:00,1.7284,-0.227,99.1,,0.04160000000000008,,
2025-05-02 22:00:00,1.7315,-0.367,99.3,,0.03849999999999998,,
2025-05-02 23:00:00,1.7315,-0.958,99.2,,0.03849999999999998,,
2025-05-03 00:00:00,1.719,-1.043,99.2,,0.050999999999999934,,
2025-05-03 01:00:00,1.7033,-1.043,99.3,,0.06669999999999998,,
2025-05-03 02:00:00,1.7221,-1.242,99.1,,0.047900000000000054,,
2025-05-03 03:00:00,1.719,-1.556,98.0,,0.050999999999999934,,
2025-05-03 04:00:00,1.7252,-1.498,98.8,,0.04479999999999995,,
2025-05-03 05:00:00,1.719,-1.785,98.6,,0.050999999999999934,,
2025-05-03 06:00:00,,-1.814,99.0,,,,
2025-05-03 07:00:00,1.7001,-2.073,97.4,,0.06990000000000007,,
2025-05-03 08:00:00,1.719,-1.929,97.5,,0.050999999999999934,,
2025-05-03 09:00:00,1.719,-1.327,97.8,,0.050999999999999934,,
2025-05-03 10:00:00,1.7064,-0.76,96.7,,0.0636000000000001,,
2025-05-03 11:00:00,1.7221,-0.06,92.9,,0.047900000000000054,,
2025-05-03 12:00:00,1.7284,0.605,95.2,,0.04160000000000008,,
2025-05-03 13:00:00,1.7378,0.051,98.3,,0.032200000000000006,,
2025-05-03 14:00:00,1.7284,-0.06,98.8,,0.04160000000000008,,
2025-05-03 15:00:00,,0.163,98.9,,,,
2025-05-03 16:00:00,1.7158,0.19,99.6,,0.054200000000000026,,
2025-05-03 17:00:00,1.7221,0.19,100.0,,0.047900000000000054,,
2025-05-03 18:00:00,1.6876,1.099,100.0,,0.08240000000000003,,
2025-05-03 19:00:00,1.7221,-0.088,100.0,,0.047900000000000054,,
2025-05-03 20:00:00,1.7033,-0.648,100.0,,0.06669999999999998,,
2025-05-03 21:00:00,1.7221,-0.648,100.0,,0.047900000000000054,,
2025-05-03 22:00:00,1.675,-0.648,100.0,,0.09499999999999997,,
2025-05-03 23:00:00,1.6938,-0.93,100.0,,0.07620000000000005,,
2025-05-04 00:00:00,1.7284,-0.93,100.0,,0.04160000000000008,,
2025-05-04 01:00:00,1.719,-1.327,100.0,,0.050999999999999934,,
2025-05-04 02:00:00,1.7033,-1.756,99.5,,0.06669999999999998,,
2025-05-04 03:00:00,1.7252,-1.814,99.5,,0.04479999999999995,,
2025-05-04 04:00:00,1.7252,-1.756,99.9,,0.04479999999999995,,
2025-05-04 05:00:00,1.7158,-1.929,99.6,,0.054200000000000026,,
2025-05-04 06:00:00,1.719,-1.785,99.6,,0.050999999999999934,,
2025-05-04 07:00:00,1.719,-1.756,99.7,,0.050999999999999934,,
2025-05-04 08:00:00,,-1.641,99.4,,,,
2025-05-04 09:00:00,1.719,-1.213,99.5,,0.050999999999999934,,
2025-05-04 10:00:00,1.7284,-0.227,99.8,,0.04160000000000008,,
2025-05-04 11:00:00,1.719,0.605,99.9,,0.050999999999999934,,
2025-05-04 12:00:00,1.7095,1.208,100.0,,0.0605,,
2025-05-04 13:00:00,1.7284,2.021,98.8,,0.04160000000000008,,
2025-05-04 14:00:00,1.7347,2.503,93.4,,0.03530000000000011,,
2025-05-04 15:00:00,1.7033,3.485,92.7,,0.06669999999999998,,
2025-05-04 16:00:00,1.7158,5.128,86.2,,0.054200000000000026,,
2025-05-04 17:00:00,1.7095,5.36,81.3,,0.0605,,
2025-05-04 18:00:00,1.7221,4.298,78.4,,0.047900000000000054,,
2025-05-04 19:00:00,1.6687,3.116,84.2,,0.10129999999999995,,
2025-05-04 20:00:00,1.7033,2.074,87.3,,0.06669999999999998,,
2025-05-04 21:00:00,1.7033,2.236,86.8,,0.06669999999999998,,
2025-05-04 22:00:00,,2.209,87.6,,,,
2025-05-04 23:00:00,1.7221,2.316,86.1,,0.047900000000000054,,
2025-05-05 00:00:00,1.719,2.903,83.0,,0.050999999999999934,,
2025-05-05 01:00:00,1.7033,3.089,81.9,,0.06669999999999998,,
2025-05-05 02:00:00,1.7252,2.744,83.8,,0.04479999999999995,,
2025-05-05 03:00:00,1.7221,2.744,76.3,,0.047900000000000054,,
2025-05-05 04:00:00,1.7127,3.089,72.6,,0.05730000000000013,,
2025-05-05 05:00:00,1.7347,3.327,65.8,,0.03530000000000011,,
2025-05-05 06:00:00,,3.617,59.5,,,,
2025-05-05 07:00:00,1.7252,3.722,56.5,,0.04479999999999995,,
2025-05-05 08:00:00,1.7158,4.168,64.5,,0.054200000000000026,,
2025-05-05 09:00:00,1.7064,4.921,67.0,,0.0636000000000001,,
2025-05-05 10:00:00,1.7221,5.385,73.7,,0.047900000000000054,,
2025-05-05 11:00:00,1.7284,6.661,73.3,,0.04160000000000008,,
2025-05-05 12:00:00,1.7284,7.419,71.7,,0.04160000000000008,,
2025-05-05 13:00:00,1.7472,8.817,71.2,,0.02279999999999993,,
2025-05-05 14:00:00,1.7347,8.792,66.9,,0.03530000000000011,,
2025-05-05 15:00:00,1.7378,9.706,64.9,,0.032200000000000006,,
2025-05-05 16:00:00,1.7409,9.78,65.8,,0.029100000000000126,,
2025-05-05 17:00:00,1.7441,8.668,72.1,,0.025900000000000034,,
2025-05-05 18:00:00,1.7441,7.97,73.9,,0.025900000000000034,,
2025-05-05 19:00:00,1.7504,6.509,79.5,,0.019600000000000062,,
2025-05-05 20:00:00,1.7535,5.642,81.6,,0.01649999999999996,,
2025-05-05 21:00:00,1.7535,5.437,82.6,,0.01649999999999996,,
2025-05-05 22:00:00,1.7378,5.693,80.8,,0.032200000000000006,,
2025-05-05 23:00:00,1.7629,6.281,77.5,,0.007100000000000106,,
2025-05-06 00:00:00,1.7535,6.281,76.5,,0.01649999999999996,,
2025-05-06 01:00:00,1.7566,6.255,76.1,,0.013400000000000079,,
2025-05-06 02:00:00,1.7535,6.99,71.3,,0.01649999999999996,,
2025-05-06 03:00:00,1.7472,6.99,70.7,,0.02279999999999993,,
2025-05-06 04:00:00,1.7472,6.56,69.7,,0.02279999999999993,,
2025-05-06 05:00:00,1.7598,4.869,89.0,,0.010199999999999987,,
2025-05-06 06:00:00,1.7409,6.408,77.6,,0.029100000000000126,,
2025-05-06 07:00:00,1.7535,6.102,71.8,,0.01649999999999996,,
2025-05-06 08:00:00,1.7566,6.102,69.4,,0.013400000000000079,,
2025-05-06 09:00:00,1.7692,6.0,67.3,,0.0007999999999999119,,
2025-05-06 10:00:00,1.7504,6.864,66.5,,0.019600000000000062,,
2025-05-06 11:00:00,1.7629,7.192,66.3,,0.007100000000000106,,
2025-05-06 12:00:00,1.7692,7.268,68.1,,0.0007999999999999119,,
2025-05-06 13:00:00,1.7504,6.712,73.1,,0.019600000000000062,,
2025-05-06 14:00:00,1.7661,6.712,73.1,,0.0039000000000000146,,
2025-05-06 15:00:00,1.7661,6.433,73.6,,0.0039000000000000146,,
2025-05-06 16:00:00,1.7661,6.408,74.5,,0.0039000000000000146,,
2025-05-06 17:00:00,1.7504,5.437,77.1,,0.019600000000000062,,
2025-05-06 18:00:00,1.7692,4.532,85.0,,0.0007999999999999119,,
2025-05-06 19:00:00,1.7629,4.089,86.0,,0.007100000000000106,,
2025-05-06 20:00:00,1.7692,3.801,93.3,,0.0007999999999999119,,
2025-05-06 21:00:00,1.7158,3.221,94.8,,0.054200000000000026,,
2025-05-06 22:00:00,1.7629,3.009,96.9,,0.007100000000000106,,
2025-05-06 23:00:00,1.7692,2.77,97.2,,0.0007999999999999119,,
2025-05-07 00:00:00,1.7692,2.823,97.2,,0.0007999999999999119,,
2025-05-07 01:00:00,,2.717,97.7,,,,
2025-05-07 02:00:00,1.7629,2.101,98.6,,0.007100000000000106,,
2025-05-07 03:00:00,1.7252,0.384,98.9,,0.04479999999999995,,
2025-05-07 04:00:00,1.7661,-0.088,99.2,,0.0039000000000000146,,
2025-05-07 05:00:00,,-0.088,99.5,,,,
2025-05-07 06:00:00,1.7566,-0.451,99.5,,0.013400000000000079,,
2025-05-07 07:00:00,,-0.62,99.5,,,,
2025-05-07 08:00:00,1.7598,-0.676,99.3,,0.010199999999999987,,
2025-05-07 09:00:00,1.7661,0.107,99.3,,0.0039000000000000146,,
2025-05-07 10:00:00,1.7127,0.439,99.0,,0.05730000000000013,,
2025-05-07 11:00:00,1.7598,1.534,98.3,,0.010199999999999987,,
2025-05-07 12:00:00,1.7629,2.047,98.7,,0.007100000000000106,,
2025-05-07 13:00:00,1.7127,2.047,95.2,,0.05730000000000013,,
2025-05-07 14:00:00,1.7629,2.877,93.5,,0.007100000000000106,,
2025-05-07 15:00:00,,3.142,91.8,,,,
2025-05-07 16:00:00,1.7661,2.877,89.3,,0.0039000000000000146,,
2025-05-07 17:00:00,1.7661,1.071,90.5,,0.0039000000000000146,,
2025-05-07 18:00:00,1.7504,0.356,94.7,,0.019600000000000062,,
2025-05-07 19:00:00,1.7629,0.522,94.7,,0.007100000000000106,,
2025-05-07 20:00:00,1.7504,0.218,95.4,,0.019600000000000062,,
2025-05-07 21:00:00,1.7661,-0.479,90.0,,0.0039000000000000146,,
2025-05-07 22:00:00,1.7629,-0.789,93.1,,0.007100000000000106,,
2025-05-07 23:00:00,1.7598,-1.043,89.1,,0.010199999999999987,,
2025-05-08 00:00:00,1.7692,-1.071,89.1,,0.0007999999999999119,,
2025-05-08 01:00:00,1.7692,-0.93,87.8,,0.0007999999999999119,,
2025-05-08 02:00:00,1.7692,-1.015,89.7,,0.0007999999999999119,,
2025-05-08 03:00:00,,-1.128,91.7,,,,
2025-05-08 04:00:00,1.7598,-0.986,90.9,,0.010199999999999987,,
2025-05-08 05:00:00,1.7661,-0.704,89.0,,0.0039000000000000146,,
2025-05-08 06:00:00,1.7472,-0.367,89.1,,0.02279999999999993,,
2025-05-08 07:00:00,1.7629,-0.032,88.7,,0.007100000000000106,,
2025-05-08 08:00:00,1.7661,0.163,89.9,,0.0039000000000000146,,
2025-05-08 09:00:00,1.7692,0.715,91.0,,0.0007999999999999119,,
2025-05-08 10:00:00,1.7661,0.495,94.4,,0.0039000000000000146,,
2025-05-08 11:00:00,1.7629,0.852,90.9,,0.007100000000000106,,
2025-05-08 12:00:00,1.7535,1.561,88.0,,0.01649999999999996,,
2025-05-08 13:00:00,1.7535,2.262,85.6,,0.01649999999999996,,
2025-05-08 14:00:00,1.7472,2.155,95.9,,0.02279999999999993,,
2025-05-08 15:00:00,1.7409,1.967,95.4,,0.029100000000000126,,
2025-05-08 16:00:00,1.7598,0.962,96.7,,0.010199999999999987,,
2025-05-08 17:00:00,,1.044,97.0,,,,
2025-05-08 18:00:00,1.7566,1.289,96.8,,0.013400000000000079,,
2025-05-08 19:00:00,1.7598,1.099,97.2,,0.010199999999999987,,
2025-05-08 20:00:00,1.7598,0.467,97.0,,0.010199999999999987,,
2025-05-08 21:00:00,1.7441,0.329,96.3,,0.025900000000000034,,
2025-05-08 22:00:00,1.7598,0.135,94.5,,0.010199999999999987,,
2025-05-08 23:00:00,1.7441,0.439,92.3,,0.025900000000000034,,
2025-05-09 00:00:00,1.7598,0.632,89.5,,0.010199999999999987,,
2025-05-09 01:00:00,1.7409,0.742,84.8,,0.029100000000000126,,
2025-05-09 02:00:00,1.7598,1.099,78.9,,0.010199999999999987,,
2025-05-09 03:00:00,1.7441,1.371,76.6,,0.025900000000000034,,
2025-05-09 04:00:00,1.7598,1.453,79.1,,0.010199999999999987,,
2025-05-09 05:00:00,1.7598,1.561,79.9,,0.010199999999999987,,
2025-05-09 06:00:00,1.7629,1.751,80.0,,0.007100000000000106,,
2025-05-09 07:00:00,1.7598,2.101,74.3,,0.010199999999999987,,
2025-05-09 08:00:00,1.7661,2.236,77.9,,0.0039000000000000146,,
2025-05-09 09:00:00,1.7629,3.089,79.7,,0.007100000000000106,,
2025-05-09 10:00:00,1.7661,3.617,81.5,,0.0039000000000000146,,
2025-05-09 11:00:00,1.7661,4.037,79.9,,0.0039000000000000146,,
2025-05-09 12:00:00,1.7504,5.308,69.1,,0.019600000000000062,,
2025-05-09 13:00:00,1.7535,5.719,62.9,,0.01649999999999996,,
2025-05-09 14:00:00,1.7661,5.282,73.3,,0.0039000000000000146,,
2025-05-09 15:00:00,1.7535,4.662,73.0,,0.01649999999999996,,
2025-05-09 16:00:00,1.7661,4.792,73.6,,0.0039000000000000146,,
2025-05-09 17:00:00,1.7661,4.61,79.3,,0.0039000000000000146,,
2025-05-09 18:00:00,1.7661,5.488,77.0,,0.0039000000000000146,,
2025-05-09 19:00:00,1.7661,4.532,79.6,,0.0039000000000000146,,
2025-05-09 20:00:00,1.7661,3.38,84.3,,0.0039000000000000146,,
2025-05-09 21:00:00,,3.301,85.0,,,,
2025-05-09 22:00:00,1.7629,3.036,84.9,,0.007100000000000106,,
2025-05-09 23:00:00,1.7504,2.744,83.1,,0.019600000000000062,,
2025-05-10 00:00:00,1.7661,2.664,81.8,,0.0039000000000000146,,
2025-05-10 01:00:00,1.7661,2.903,80.1,,0.0039000000000000146,,
2025-05-10 02:00:00,,2.877,79.8,,,,
2025-05-10 03:00:00,1.7661,2.584,81.8,,0.0039000000000000146,,
2025-05-10 04:00:00,1.7598,2.316,77.7,,0.010199999999999987,,
2025-05-10 05:00:00,,2.45,74.0,,,,
2025-05-10 06:00:00,1.7472,2.877,74.0,,0.02279999999999993,,
2025-05-10 07:00:00,1.7661,3.354,78.1,,0.0039000000000000146,,
2025-05-10 08:00:00,1.7504,3.617,75.7,,0.019600000000000062,,
2025-05-10 09:00:00,1.7629,3.985,79.0,,0.007100000000000106,,
2025-05-10 10:00:00,1.7252,3.591,82.3,,0.04479999999999995,,
2025-05-10 11:00:00,1.7629,3.67,80.2,,0.007100000000000106,,
2025-05-10 12:00:00,1.7629,1.94,90.6,,0.007100000000000106,,
2025-05-10 13:00:00,1.7598,2.823,96.9,,0.010199999999999987,,
2025-05-10 14:00:00,1.7598,3.063,96.8,,0.010199999999999987,,
2025-05-10 15:00:00,1.7441,2.85,97.3,,0.025900000000000034,,
2025-05-10 16:00:00,1.7598,2.85,96.1,,0.010199999999999987,,
2025-05-10 17:00:00,1.7378,2.93,97.3,,0.032200000000000006,,
2025-05-10 18:00:00,,2.93,96.0,,,,
2025-05-10 19:00:00,1.7535,2.45,95.6,,0.01649999999999996,,
2025-05-10 20:00:00,1.7001,2.209,95.8,,0.06990000000000007,,
2025-05-10 21:00:00,1.7566,2.289,95.7,,0.013400000000000079,,
2025-05-10 22:00:00,1.7535,2.316,94.9,,0.01649999999999996,,
2025-05-10 23:00:00,,2.047,95.9,,,,
2025-05-11 00:00:00,1.7535,1.94,95.9,,0.01649999999999996,,
2025-05-11 01:00:00,1.7409,1.805,96.1,,0.029100000000000126,,
2025-05-11 02:00:00,1.7535,1.588,96.8,,0.01649999999999996,,
2025-05-11 03:00:00,1.7598,1.453,96.5,,0.010199999999999987,,
2025-05-11 04:00:00,1.7598,1.344,96.5,,0.010199999999999987,,
2025-05-11 05:00:00,1.7409,1.235,95.8,,0.029100000000000126,,
2025-05-11 06:00:00,1.7409,1.18,96.6,,0.029100000000000126,,
2025-05-11 07:00:00,1.7535,1.534,95.6,,0.01649999999999996,,
2025-05-11 08:00:00,1.719,1.67,96.5,,0.050999999999999934,,
2025-05-11 09:00:00,1.7566,2.316,98.7,,0.013400000000000079,,
2025-05-11 10:00:00,1.7566,3.009,99.5,,0.013400000000000079,,
2025-05-11 11:00:00,1.7064,3.301,97.5,,0.0636000000000001,,
2025-05-11 12:00:00,1.7598,4.506,93.6,,0.010199999999999987,,
2025-05-11 13:00:00,1.7409,2.983,94.1,,0.029100000000000126,,
2025-05-11 14:00:00,1.7378,3.274,98.4,,0.032200000000000006,,
2025-05-11 15:00:00,1.7598,1.317,98.1,,0.010199999999999987,,
2025-05-11 16:00:00,1.7566,2.423,99.1,,0.013400000000000079,,
2025-05-11 17:00:00,1.7441,3.009,99.8,,0.025900000000000034,,
2025-05-11 18:00:00,1.7566,2.797,100.0,,0.013400000000000079,,
2025-05-11 19:00:00,1.7598,2.236,100.0,,0.010199999999999987,,
2025-05-11 20:00:00,1.7598,1.859,100.0,,0.010199999999999987,,
2025-05-11 21:00:00,1.7566,1.588,100.0,,0.013400000000000079,,
2025-05-11 22:00:00,,1.67,99.8,,,,
2025-05-11 23:00:00,1.7504,1.724,99.8,,0.019600000000000062,,
2025-05-12 00:00:00,,1.751,99.9,,,,
2025-05-12 01:00:00,1.7535,1.561,100.0,,0.01649999999999996,,
2025-05-12 02:00:00,1.7409,1.697,100.0,,0.029100000000000126,,
2025-05-12 03:00:00,1.7598,1.859,100.0,,0.010199999999999987,,
2025-05-12 04:00:00,1.7598,1.913,100.0,,0.010199999999999987,,
2025-05-12 05:00:00,1.7378,1.697,100.0,,0.032200000000000006,,
2025-05-12 06:00:00,,1.751,100.0,,,,
2025-05-12 07:00:00,1.7033,2.021,100.0,,0.06669999999999998,,
2025-05-12 08:00:00,1.7598,2.209,100.0,,0.010199999999999987,,
2025-05-12 09:00:00,1.7598,2.557,100.0,,0.010199999999999987,,
2025-05-12 10:00:00,1.7598,3.327,100.0,,0.010199999999999987,,
2025-05-12 11:00:00,1.7598,4.61,100.0,,0.010199999999999987,,
2025-05-12 12:00:00,1.7598,5.076,100.0,,0.010199999999999987,,
2025-05-12 13:00:00,1.7629,6.255,96.1,,0.007100000000000106,,
2025-05-12 14:00:00,1.7598,7.895,89.2,,0.010199999999999987,,
2025-05-12 15:00:00,1.7661,8.767,80.9,,0.0039000000000000146,,
2025-05-12 16:00:00,1.7661,9.608,80.7,,0.0039000000000000146,,
2025-05-12 17:00:00,1.7472,8.965,82.2,,0.02279999999999993,,
2025-05-12 18:00:00,1.7472,8.045,86.7,,0.02279999999999993,,
2025-05-12 19:00:00,1.7472,7.594,85.1,,0.02279999999999993,,
2025-05-12 20:00:00,1.7629,5.77,89.4,,0.007100000000000106,,
2025-05-12 21:00:00,1.7629,6.331,87.0,,0.007100000000000106,,
2025-05-12 22:00:00,1.7598,4.947,91.6,,0.010199999999999987,,
2025-05-12 23:00:00,1.7598,5.154,93.9,,0.010199999999999987,,
2025-05-13 00:00:00,1.7598,5.488,93.1,,0.010199999999999987,,
2025-05-13 01:00:00,1.7629,6.0,91.5,,0.007100000000000106,,
2025-05-13 02:00:00,1.7441,5.05,91.2,,0.025900000000000034,,
2025-05-13 03:00:00,1.7441,6.0,84.7,,0.025900000000000034,,
2025-05-13 04:00:00,1.7598,4.324,89.9,,0.010199999999999987,,
2025-05-13 05:00:00,1.7598,5.231,59.7,,0.010199999999999987,,
2025-05-13 06:00:00,1.7598,4.947,58.0,,0.010199999999999987,,
2025-05-13 07:00:00,1.7598,4.454,55.9,,0.010199999999999987,,
2025-05-13 08:00:00,1.7598,3.749,63.6,,0.010199999999999987,,
2025-05-13 09:00:00,,4.376,67.7,,,,
2025-05-13 10:00:00,1.7598,4.48,78.1,,0.010199999999999987,,
2025-05-13 11:00:00,1.7629,6.153,70.4,,0.007100000000000106,,
2025-05-13 12:00:00,1.7504,6.737,71.5,,0.019600000000000062,,
2025-05-13 13:00:00,1.7629,7.494,69.3,,0.007100000000000106,,
2025-05-13 14:00:00,1.7661,9.089,67.5,,0.0039000000000000146,,
2025-05-13 15:00:00,1.7629,7.167,72.4,,0.007100000000000106,,
2025-05-13 16:00:00,1.7661,6.458,78.1,,0.0039000000000000146,,
2025-05-13 17:00:00,1.7661,5.949,79.5,,0.0039000000000000146,,
2025-05-13 18:00:00,1.7472,6.864,77.8,,0.02279999999999993,,
2025-05-13 19:00:00,1.7598,4.973,85.4,,0.010199999999999987,,
2025-05-13 20:00:00,1.7441,3.88,89.0,,0.025900000000000034,,
2025-05-13 21:00:00,1.7598,2.69,90.4,,0.010199999999999987,,
2025-05-13 22:00:00,1.7315,2.236,91.0,,0.03849999999999998,,
2025-05-13 23:00:00,1.7629,1.886,90.5,,0.007100000000000106,,
2025-05-14 00:00:00,,1.724,93.1,,,,
2025-05-14 01:00:00,1.7566,1.534,94.3,,0.013400000000000079,,
2025-05-14 02:00:00,1.7661,1.235,96.1,,0.0039000000000000146,,
2025-05-14 03:00:00,1.7598,0.77,94.9,,0.010199999999999987,,
2025-05-14 04:00:00,1.7598,0.246,92.8,,0.010199999999999987,,
2025-05-14 05:00:00,1.7629,-0.395,93.3,,0.007100000000000106,,
2025-05-14 06:00:00,1.7629,-0.732,92.4,,0.007100000000000106,,
2025-05-14 07:00:00,1.7598,-0.789,90.3,,0.010199999999999987,,
2025-05-14 08:00:00,1.7598,-0.676,91.3,,0.010199999999999987,,
2025-05-14 09:00:00,1.7629,0.079,88.9,,0.007100000000000106,,
2025-05-14 10:00:00,1.7629,1.317,83.7,,0.007100000000000106,,
2025-05-14 11:00:00,1.7598,3.142,74.8,,0.010199999999999987,,
2025-05-14 12:00:00,1.7598,4.324,69.3,,0.010199999999999987,,
2025-05-14 13:00:00,1.7598,5.693,65.6,,0.010199999999999987,,
2025-05-14 14:00:00,1.7441,6.102,65.2,,0.025900000000000034,,
2025-05-14 15:00:00,1.7629,6.56,66.2,,0.007100000000000106,,
2025-05-14 16:00:00,1.7441,6.763,64.9,,0.025900000000000034,,
2025-05-14 17:00:00,1.7441,6.204,63.0,,0.025900000000000034,,
2025-05-14 18:00:00,1.7598,4.558,75.9,,0.010199999999999987,,
2025-05-14 19:00:00,1.7598,3.591,77.4,,0.010199999999999987,,
2025-05-14 20:00:00,1.7409,2.53,73.8,,0.029100000000000126,,
2025-05-14 21:00:00,1.7598,2.047,61.9,,0.010199999999999987,,
2025-05-14 22:00:00,,2.262,50.5,,,,
2025-05-14 23:00:00,1.7629,3.036,48.3,,0.007100000000000106,,
2025-05-15 00:00:00,,3.406,62.1,,,,
2025-05-15 01:00:00,,3.221,69.9,,,,
2025-05-15 02:00:00,,3.354,71.7,,,,
2025-05-15 03:00:00,1.7661,3.116,76.8,,0.0039000000000000146,,
2025-05-15 04:00:00,1.7315,2.717,81.6,,0.03849999999999998,,
2025-05-15 05:00:00,,2.584,80.5,,,,
2025-05-15 06:00:00,1.7566,2.557,83.0,,0.013400000000000079,,
2025-05-15 07:00:00,,1.805,89.2,,,,
2025-05-15 08:00:00,1.7598,1.371,95.9,,0.010199999999999987,,
2025-05-15 09:00:00,1.7661,1.18,97.5,,0.0039000000000000146,,
2025-05-15 10:00:00,1.7629,1.262,98.6,,0.007100000000000106,,
2025-05-15 11:00:00,1.7566,1.317,98.8,,0.013400000000000079,,
2025-05-15 12:00:00,1.7692,1.832,99.3,,0.0007999999999999119,,
2025-05-15 13:00:00,1.7661,2.477,99.4,,0.0039000000000000146,,
2025-05-15 14:00:00,,2.503,99.1,,,,
2025-05-15 15:00:00,1.7629,2.503,98.3,,0.007100000000000106,,
2025-05-15 16:00:00,1.7127,2.584,98.1,,0.05730000000000013,,
2025-05-15 17:00:00,,2.584,98.2,,,,
2025-05-15 18:00:00,,2.53,98.4,,,,
2025-05-15 19:00:00,1.7472,2.423,98.8,,0.02279999999999993,,
2025-05-15 20:00:00,1.7598,2.128,98.7,,0.010199999999999987,,
2025-05-15 21:00:00,1.7598,2.343,99.0,,0.010199999999999987,,
2025-05-15 22:00:00,,2.236,99.2,,,,
2025-05-15 23:00:00,,2.236,99.1,,,,
2025-05-16 00:00:00,1.7409,2.128,99.1,,0.029100000000000126,,
2025-05-16 01:00:00,1.7598,2.182,99.1,,0.010199999999999987,,
2025-05-16 02:00:00,1.7598,1.994,99.3,,0.010199999999999987,,
2025-05-16 03:00:00,1.719,2.262,99.6,,0.050999999999999934,,
2025-05-16 04:00:00,1.7409,2.53,99.7,,0.029100000000000126,,
2025-05-16 05:00:00,1.7566,2.956,99.6,,0.013400000000000079,,
2025-05-16 06:00:00,1.7566,2.956,99.5,,0.013400000000000079,,
2025-05-16 07:00:00,1.7598,3.063,99.5,,0.010199999999999987,,
2025-05-16 08:00:00,1.7598,3.406,99.6,,0.010199999999999987,,
2025-05-16 09:00:00,1.7598,3.749,99.6,,0.010199999999999987,,
2025-05-16 10:00:00,1.7347,4.063,99.7,,0.03530000000000011,,
2025-05-16 11:00:00,1.7441,4.115,100.0,,0.025900000000000034,,
2025-05-16 12:00:00,1.7629,4.48,100.0,,0.007100000000000106,,
2025-05-16 13:00:00,1.7441,4.376,100.0,,0.025900000000000034,,
2025-05-16 14:00:00,1.7441,4.818,99.8,,0.025900000000000034,,
2025-05-16 15:00:00,1.7629,4.818,100.0,,0.007100000000000106,,
2025-05-16 16:00:00,1.7629,4.662,99.7,,0.007100000000000106,,
2025-05-16 17:00:00,1.7629,4.428,99.7,,0.007100000000000106,,
2025-05-16 18:00:00,1.7409,3.354,99.8,,0.029100000000000126,,
2025-05-16 19:00:00,,3.036,100.0,,,,
2025-05-16 20:00:00,1.7566,2.69,100.0,,0.013400000000000079,,
2025-05-16 21:00:00,1.7441,2.664,100.0,,0.025900000000000034,,
2025-05-16 22:00:00,1.7566,2.37,100.0,,0.013400000000000079,,
2025-05-16 23:00:00,1.7598,2.236,100.0,,0.010199999999999987,,
2025-05-17 00:00:00,,2.182,100.0,,,,
2025-05-17 01:00:00,1.7347,2.074,100.0,,0.03530000000000011,,
2025-05-17 02:00:00,1.7378,2.047,100.0,,0.032200000000000006,,
2025-05-17 03:00:00,1.7598,1.967,100.0,,0.010199999999999987,,
2025-05-17 04:00:00,1.7598,1.534,100.0,,0.010199999999999987,,
2025-05-17 05:00:00,1.7566,1.153,100.0,,0.013400000000000079,,
2025-05-17 06:00:00,1.7566,0.989,100.0,,0.013400000000000079,,
2025-05-17 07:00:00,1.7535,1.371,100.0,,0.01649999999999996,,
2025-05-17 08:00:00,1.7566,1.317,100.0,,0.013400000000000079,,
2025-05-17 09:00:00,1.7566,1.724,100.0,,0.013400000000000079,,
2025-05-17 10:00:00,1.7566,2.128,100.0,,0.013400000000000079,,
2025-05-17 11:00:00,,2.209,100.0,,,,
2025-05-17 12:00:00,1.7535,2.343,100.0,,0.01649999999999996,,
2025-05-17 13:00:00,1.7409,3.036,100.0,,0.029100000000000126,,
2025-05-17 14:00:00,1.7566,2.877,100.0,,0.013400000000000079,,
2025-05-17 15:00:00,,2.61,100.0,,,,
2025-05-17 16:00:00,,2.074,100.0,,,,
2025-05-17 17:00:00,1.7566,1.697,100.0,,0.013400000000000079,,
2025-05-17 18:00:00,1.7598,1.126,100.0,,0.010199999999999987,,
2025-05-17 19:00:00,1.7566,0.687,100.0,,0.013400000000000079,,
2025-05-17 20:00:00,1.7566,0.66,100.0,,0.013400000000000079,,
2025-05-17 21:00:00,1.7598,0.107,100.0,,0.010199999999999987,,
2025-05-17 22:00:00,1.7598,-0.116,100.0,,0.010199999999999987,,
2025-05-17 23:00:00,1.7598,-0.199,100.0,,0.010199999999999987,,
2025-05-18 00:00:00,1.7598,-0.311,100.0,,0.010199999999999987,,
2025-05-18 01:00:00,1.7598,-0.479,100.0,,0.010199999999999987,,
2025-05-18 02:00:00,1.7566,-0.563,100.0,,0.013400000000000079,,
2025-05-18 03:00:00,1.7598,-0.648,100.0,,0.010199999999999987,,
2025-05-18 04:00:00,1.7284,-0.676,100.0,,0.04160000000000008,,
2025-05-18 05:00:00,1.7598,-0.676,100.0,,0.010199999999999987,,
2025-05-18 06:00:00,,-0.845,100.0,,,,
2025-05-18 07:00:00,1.7252,-0.902,100.0,,0.04479999999999995,,
2025-05-18 08:00:00,,-0.507,100.0,,,,
2025-05-18 09:00:00,1.7598,-0.227,100.0,,0.010199999999999987,,
2025-05-18 10:00:00,,-0.004,100.0,,,,
2025-05-18 11:00:00,1.7598,0.962,100.0,,0.010199999999999987,,
2025-05-18 12:00:00,1.7598,1.126,100.0,,0.010199999999999987,,
2025-05-18 13:00:00,1.7661,2.316,100.0,,0.0039000000000000146,,
2025-05-18 14:00:00,1.7598,2.956,100.0,,0.010199999999999987,,
2025-05-18 15:00:00,1.7598,3.433,100.0,,0.010199999999999987,,
2025-05-18 16:00:00,,2.744,100.0,,,,
2025-05-18 17:00:00,1.7378,3.195,100.0,,0.032200000000000006,,
2025-05-18 18:00:00,,2.664,97.9,,,,
2025-05-18 19:00:00,1.7566,1.886,98.3,,0.013400000000000079,,
2025-05-18 20:00:00,1.7598,1.561,97.3,,0.010199999999999987,,
2025-05-18 21:00:00,1.6938,1.289,93.3,,0.07620000000000005,,
2025-05-18 22:00:00,,1.153,93.6,,,,
2025-05-18 23:00:00,1.7409,1.208,94.0,,0.029100000000000126,,
2025-05-19 00:00:00,1.7661,0.163,99.1,,0.0039000000000000146,,
2025-05-19 01:00:00,1.7598,-0.004,100.0,,0.010199999999999987,,
2025-05-19 02:00:00,1.7441,0.051,100.0,,0.025900000000000034,,
2025-05-19 03:00:00,1.7566,0.051,100.0,,0.013400000000000079,,
2025-05-19 04:00:00,1.7598,0.19,100.0,,0.010199999999999987,,
2025-05-19 05:00:00,1.7598,0.135,100.0,,0.010199999999999987,,
2025-05-19 06:00:00,1.7504,0.218,100.0,,0.019600000000000062,,
2025-05-19 07:00:00,1.7535,0.439,100.0,,0.01649999999999996,,
2025-05-19 08:00:00,1.7661,0.605,99.7,,0.0039000000000000146,,
2025-05-19 09:00:00,,0.797,99.9,,,,
2025-05-19 10:00:00,,1.126,99.4,,,,
2025-05-19 11:00:00,1.7629,1.289,100.0,,0.007100000000000106,,
2025-05-19 12:00:00,1.7598,1.67,100.0,,0.010199999999999987,,
2025-05-19 13:00:00,1.719,1.94,100.0,,0.050999999999999934,,
2025-05-19 14:00:00,,2.262,99.9,,,,
2025-05-19 15:00:00,1.7566,1.994,99.1,,0.013400000000000079,,
2025-05-19 16:00:00,1.7598,1.588,99.9,,0.010199999999999987,,
2025-05-19 17:00:00,1.7598,1.371,100.0,,0.010199999999999987,,
2025-05-19 18:00:00,,1.235,100.0,,,,
2025-05-19 19:00:00,,1.017,100.0,,,,
2025-05-19 20:00:00,1.7692,0.66,100.0,,0.0007999999999999119,,
2025-05-19 21:00:00,,0.632,100.0,,,,
2025-05-19 22:00:00,1.7661,0.55,100.0,,0.0039000000000000146,,
2025-05-19 23:00:00,1.7566,0.495,100.0,,0.013400000000000079,,
2025-05-20 00:00:00,1.7598,0.467,100.0,,0.010199999999999987,,
2025-05-20 01:00:00,,0.467,100.0,,,,
2025-05-20 02:00:00,,0.356,100.0,,,,
2025-05-20 03:00:00,1.7598,0.329,100.0,,0.010199999999999987,,
2025-05-20 04:00:00,1.7566,0.329,100.0,,0.013400000000000079,,
2025-05-20 05:00:00,1.7409,0.412,100.0,,0.029100000000000126,,
2025-05-20 06:00:00,1.7566,0.522,99.6,,0.013400000000000079,,
2025-05-20 07:00:00,1.7598,0.715,98.7,,0.010199999999999987,,
2025-05-20 08:00:00,1.7598,0.852,99.6,,0.010199999999999987,,
2025-05-20 09:00:00,,1.099,99.6,,,,
2025-05-20 10:00:00,1.7629,1.344,100.0,,0.007100000000000106,,
2025-05-20 11:00:00,1.7284,1.371,100.0,,0.04160000000000008,,
2025-05-20 12:00:00,1.7221,1.588,100.0,,0.047900000000000054,,
2025-05-20 13:00:00,,2.316,100.0,,,,
2025-05-20 14:00:00,,2.584,100.0,,,,
2025-05-20 15:00:00,1.7566,3.036,100.0,,0.013400000000000079,,
2025-05-20 16:00:00,1.7566,2.262,100.0,,0.013400000000000079,,
2025-05-20 17:00:00,1.7629,2.209,100.0,,0.007100000000000106,,
2025-05-20 18:00:00,1.7158,2.155,100.0,,0.054200000000000026,,
2025-05-20 19:00:00,1.7598,1.126,100.0,,0.010199999999999987,,
2025-05-20 20:00:00,1.7566,1.126,100.0,,0.013400000000000079,,
2025-05-20 21:00:00,1.7566,1.153,100.0,,0.013400000000000079,,
2025-05-20 22:00:00,1.7535,1.153,100.0,,0.01649999999999996,,
2025-05-20 23:00:00,1.7378,1.044,100.0,,0.032200000000000006,,
2025-05-21 00:00:00,,0.66,100.0,,,,
2025-05-21 01:00:00,1.7378,0.55,100.0,,0.032200000000000006,,
2025-05-21 02:00:00,1.7629,0.412,100.0,,0.007100000000000106,,
2025-05-21 03:00:00,,0.051,100.0,,,,
2025-05-21 04:00:00,1.7504,0.19,100.0,,0.019600000000000062,,
2025-05-21 05:00:00,1.7566,0.273,100.0,,0.013400000000000079,,
2025-05-21 06:00:00,1.7535,0.632,100.0,,0.01649999999999996,,
2025-05-21 07:00:00,1.7409,0.907,100.0,,0.029100000000000126,,
2025-05-21 08:00:00,1.7566,1.262,100.0,,0.013400000000000079,,
2025-05-21 09:00:00,,1.967,100.0,,,,
2025-05-21 10:00:00,1.7566,2.262,100.0,,0.013400000000000079,,
2025-05-21 11:00:00,1.7629,2.584,100.0,,0.007100000000000106,,
2025-05-21 12:00:00,1.7598,2.77,100.0,,0.010199999999999987,,
2025-05-21 13:00:00,1.7566,2.209,100.0,,0.013400000000000079,,
2025-05-21 14:00:00,1.7598,2.503,100.0,,0.010199999999999987,,
2025-05-21 15:00:00,,2.37,100.0,,,,
2025-05-21 16:00:00,1.7598,3.617,100.0,,0.010199999999999987,,
2025-05-21 17:00:00,,2.69,100.0,,,,
2025-05-21 18:00:00,1.7566,2.877,100.0,,0.013400000000000079,,
2025-05-21 19:00:00,1.7566,2.877,100.0,,0.013400000000000079,,
2025-05-21 20:00:00,,2.557,100.0,,,,
2025-05-21 21:00:00,1.7566,1.67,100.0,,0.013400000000000079,,
2025-05-21 22:00:00,1.7598,1.044,100.0,,0.010199999999999987,,
2025-05-21 23:00:00,1.7409,0.715,100.0,,0.029100000000000126,,
2025-05-22 00:00:00,1.7158,0.77,100.0,,0.054200000000000026,,
2025-05-22 01:00:00,1.7566,0.715,100.0,,0.013400000000000079,,
2025-05-22 02:00:00,1.7566,0.742,100.0,,0.013400000000000079,,
2025-05-22 03:00:00,1.7504,0.66,100.0,,0.019600000000000062,,
2025-05-22 04:00:00,1.7535,0.55,100.0,,0.01649999999999996,,
2025-05-22 05:00:00,1.7566,0.632,100.0,,0.013400000000000079,,
2025-05-22 06:00:00,1.7378,0.797,100.0,,0.032200000000000006,,
2025-05-22 07:00:00,1.7535,1.126,100.0,,0.01649999999999996,,
2025-05-22 08:00:00,1.7409,1.643,100.0,,0.029100000000000126,,
2025-05-22 09:00:00,1.7598,2.45,100.0,,0.010199999999999987,,
2025-05-22 10:00:00,1.7566,2.983,100.0,,0.013400000000000079,,
2025-05-22 11:00:00,1.7598,3.406,100.0,,0.010199999999999987,,
2025-05-22 12:00:00,1.7566,4.246,100.0,,0.013400000000000079,,
2025-05-22 13:00:00,1.7504,4.35,100.0,,0.019600000000000062,,
2025-05-22 14:00:00,1.7441,5.024,100.0,,0.025900000000000034,,
2025-05-22 15:00:00,1.7629,4.089,100.0,,0.007100000000000106,,
2025-05-22 16:00:00,1.7629,4.194,100.0,,0.007100000000000106,,
2025-05-22 17:00:00,,3.301,100.0,,,,
2025-05-22 18:00:00,1.7566,4.089,100.0,,0.013400000000000079,,
2025-05-22 19:00:00,1.7409,2.93,100.0,,0.029100000000000126,,
2025-05-22 20:00:00,1.7535,2.69,100.0,,0.01649999999999996,,
2025-05-22 21:00:00,1.7566,2.503,100.0,,0.013400000000000079,,
2025-05-22 22:00:00,1.7535,2.155,100.0,,0.01649999999999996,,
2025-05-22 23:00:00,1.7566,1.778,100.0,,0.013400000000000079,,
2025-05-23 00:00:00,,1.017,100.0,,,,
2025-05-23 01:00:00,1.7535,0.742,100.0,,0.01649999999999996,,
2025-05-23 02:00:00,1.7535,0.467,100.0,,0.01649999999999996,,
2025-05-23 03:00:00,1.7535,0.66,99.4,,0.01649999999999996,,
2025-05-23 04:00:00,1.7252,0.55,99.7,,0.04479999999999995,,
2025-05-23 05:00:00,1.7504,0.522,99.8,,0.019600000000000062,,
2025-05-23 06:00:00,1.7535,0.687,100.0,,0.01649999999999996,,
2025-05-23 07:00:00,1.7535,0.934,100.0,,0.01649999999999996,,
2025-05-23 08:00:00,1.7504,0.962,95.5,,0.019600000000000062,,
2025-05-23 09:00:00,1.7095,1.697,96.4,,0.0605,,
2025-05-23 10:00:00,,2.101,100.0,,,,
2025-05-23 11:00:00,1.7347,2.53,100.0,,0.03530000000000011,,
2025-05-23 12:00:00,,3.063,100.0,,,,
2025-05-23 13:00:00,1.7535,2.664,100.0,,0.01649999999999996,,
2025-05-23 14:00:00,,2.61,100.0,,,,
2025-05-23 15:00:00,1.7535,2.423,100.0,,0.01649999999999996,,
2025-05-23 16:00:00,1.719,2.637,100.0,,0.050999999999999934,,
2025-05-23 17:00:00,1.7566,2.93,99.1,,0.013400000000000079,,
2025-05-23 18:00:00,1.7566,2.956,99.0,,0.013400000000000079,,
2025-05-23 19:00:00,1.7535,2.61,99.3,,0.01649999999999996,,
2025-05-23 20:00:00,1.7535,2.262,99.4,,0.01649999999999996,,
2025-05-23 21:00:00,,2.128,99.6,,,,
2025-05-23 22:00:00,,2.047,100.0,,,,
2025-05-23 23:00:00,1.7315,2.021,99.5,,0.03849999999999998,,
2025-05-24 00:00:00,1.7504,2.074,99.5,,0.019600000000000062,,
2025-05-24 01:00:00,1.7535,2.289,97.1,,0.01649999999999996,,
2025-05-24 02:00:00,1.7566,2.53,95.2,,0.013400000000000079,,
2025-05-24 03:00:00,1.7535,2.53,95.1,,0.01649999999999996,,
2025-05-24 04:00:00,1.7378,2.37,96.0,,0.032200000000000006,,
2025-05-24 05:00:00,,2.45,95.4,,,,
2025-05-24 06:00:00,1.7566,2.877,94.0,,0.013400000000000079,,
2025-05-24 07:00:00,1.7598,3.485,91.9,,0.010199999999999987,,
2025-05-24 08:00:00,,3.88,89.6,,,,
2025-05-24 09:00:00,1.7566,4.194,90.1,,0.013400000000000079,,
2025-05-24 10:00:00,1.7598,4.61,88.7,,0.010199999999999987,,
2025-05-24 11:00:00,1.7441,5.591,92.4,,0.025900000000000034,,
2025-05-24 12:00:00,1.7598,6.051,86.4,,0.010199999999999987,,
2025-05-24 13:00:00,1.7566,6.077,90.1,,0.013400000000000079,,
2025-05-24 14:00:00,1.7629,6.0,89.6,,0.007100000000000106,,
2025-05-24 15:00:00,1.7629,6.535,90.7,,0.007100000000000106,,
2025-05-24 16:00:00,1.7598,7.242,88.8,,0.010199999999999987,,
2025-05-24 17:00:00,1.7598,7.318,85.1,,0.010199999999999987,,
2025-05-24 18:00:00,1.7598,7.594,85.1,,0.010199999999999987,,
2025-05-24 19:00:00,1.7598,6.813,87.0,,0.010199999999999987,,
2025-05-24 20:00:00,1.7629,6.0,90.4,,0.007100000000000106,,
2025-05-24 21:00:00,1.7441,5.847,89.5,,0.025900000000000034,,
2025-05-24 22:00:00,1.7566,5.36,87.6,,0.013400000000000079,,
2025-05-24 23:00:00,1.7566,4.921,85.0,,0.013400000000000079,,
2025-05-25 00:00:00,1.7441,4.22,89.9,,0.025900000000000034,,
2025-05-25 01:00:00,1.7598,3.906,90.6,,0.010199999999999987,,
2025-05-25 02:00:00,1.7566,3.985,87.5,,0.013400000000000079,,
2025-05-25 03:00:00,1.7598,3.274,92.7,,0.010199999999999987,,
2025-05-25 04:00:00,1.7347,3.116,94.5,,0.03530000000000011,,
2025-05-25 05:00:00,,3.722,90.3,,,,
2025-05-25 06:00:00,,3.195,90.4,,,,
2025-05-25 07:00:00,1.7472,3.274,89.9,,0.02279999999999993,,
2025-05-25 08:00:00,1.7566,3.617,89.5,,0.013400000000000079,,
2025-05-25 09:00:00,1.7566,3.591,93.2,,0.013400000000000079,,
2025-05-25 10:00:00,1.7566,3.801,97.7,,0.013400000000000079,,
2025-05-25 11:00:00,1.7409,4.168,98.3,,0.029100000000000126,,
2025-05-25 12:00:00,,4.766,95.7,,,,
2025-05-25 13:00:00,1.7535,5.102,92.4,,0.01649999999999996,,
2025-05-25 14:00:00,1.7566,5.539,90.3,,0.013400000000000079,,
2025-05-25 15:00:00,1.7566,5.693,91.6,,0.013400000000000079,,
2025-05-25 16:00:00,1.7441,6.026,90.8,,0.025900000000000034,,
2025-05-25 17:00:00,1.7629,5.693,93.1,,0.007100000000000106,,
2025-05-25 18:00:00,1.7409,5.024,95.3,,0.029100000000000126,,
2025-05-25 19:00:00,1.7566,4.792,97.5,,0.013400000000000079,,
2025-05-25 20:00:00,1.7566,4.428,97.7,,0.013400000000000079,,
2025-05-25 21:00:00,,4.428,97.4,,,,
2025-05-25 22:00:00,1.7535,4.272,97.0,,0.01649999999999996,,
2025-05-25 23:00:00,1.7535,4.22,97.4,,0.01649999999999996,,
2025-05-26 00:00:00,1.7535,4.168,98.1,,0.01649999999999996,,
2025-05-26 01:00:00,1.719,3.801,98.2,,0.050999999999999934,,
2025-05-26 02:00:00,1.7566,3.722,99.1,,0.013400000000000079,,
2025-05-26 03:00:00,1.7378,3.38,99.3,,0.032200000000000006,,
2025-05-26 04:00:00,1.7535,2.983,99.4,,0.01649999999999996,,
2025-05-26 05:00:00,,3.354,99.6,,,,
2025-05-26 06:00:00,1.7378,3.433,99.8,,0.032200000000000006,,
2025-05-26 07:00:00,,3.248,100.0,,,,
2025-05-26 08:00:00,1.7504,2.744,100.0,,0.019600000000000062,,
2025-05-26 09:00:00,1.7158,2.85,99.0,,0.054200000000000026,,
2025-05-26 10:00:00,1.7566,2.877,95.8,,0.013400000000000079,,
2025-05-26 11:00:00,1.7064,3.327,91.2,,0.0636000000000001,,
2025-05-26 12:00:00,1.7566,3.142,88.2,,0.013400000000000079,,
2025-05-26 13:00:00,1.7378,3.063,87.3,,0.032200000000000006,,
2025-05-26 14:00:00,,3.248,83.9,,,,
2025-05-26 15:00:00,,3.063,88.5,,,,
2025-05-26 16:00:00,1.7347,3.036,87.4,,0.03530000000000011,,
2025-05-26 17:00:00,,2.956,88.3,,,,
2025-05-26 18:00:00,1.7566,2.717,89.6,,0.013400000000000079,,
2025-05-26 19:00:00,1.7535,2.477,92.2,,0.01649999999999996,,
2025-05-26 20:00:00,1.7566,2.289,93.7,,0.013400000000000079,,
2025-05-26 21:00:00,1.7535,2.396,93.9,,0.01649999999999996,,
2025-05-26 22:00:00,1.7378,2.423,94.9,,0.032200000000000006,,
2025-05-26 23:00:00,1.7378,2.584,95.1,,0.032200000000000006,,
2025-05-27 00:00:00,1.7535,3.142,93.4,,0.01649999999999996,,
2025-05-27 01:00:00,1.7378,3.406,93.9,,0.032200000000000006,,
2025-05-27 02:00:00,1.7535,3.88,94.2,,0.01649999999999996,,
2025-05-27 03:00:00,1.7566,4.35,93.4,,0.013400000000000079,,
2025-05-27 04:00:00,1.7535,4.428,93.4,,0.01649999999999996,,
2025-05-27 05:00:00,1.7535,4.246,95.3,,0.01649999999999996,,
2025-05-27 06:00:00,1.7409,4.584,95.7,,0.029100000000000126,,
2025-05-27 07:00:00,1.7284,4.454,96.4,,0.04160000000000008,,
2025-05-27 08:00:00,,4.74,97.4,,,,
2025-05-27 09:00:00,1.7535,4.973,97.2,,0.01649999999999996,,
2025-05-27 10:00:00,1.7535,5.128,97.2,,0.01649999999999996,,
2025-05-27 11:00:00,1.7535,5.257,98.4,,0.01649999999999996,,
2025-05-27 12:00:00,1.7378,5.437,98.3,,0.032200000000000006,,
2025-05-27 13:00:00,1.7535,5.539,99.1,,0.01649999999999996,,
2025-11-21 10:07:11,,38.037,100.0,35.2,,,
2026-01-14 12:00:00,1.4583,3.195,100.0,0.522,0.3117000000000001,1.46,
2026-01-14 13:00:00,1.452,3.327,100.0,0.467,0.31800000000000006,,
2026-01-14 14:00:00,1.4489,2.744,100.0,0.467,0.32109999999999994,,
2026-01-14 15:00:00,1.4394,3.168,100.0,0.467,0.3306,,
2026-01-14 16:00:00,1.4394,2.37,100.0,0.495,0.3306,,
2026-01-14 17:00:00,1.4489,1.67,100.0,0.495,0.32109999999999994,,
2026-01-14 18:00:00,1.4489,2.236,100.0,0.495,0.32109999999999994,,
2026-01-14 19:00:00,1.4457,1.344,100.0,0.495,0.32430000000000003,,
2026-01-14 20:00:00,1.386,1.398,100.0,0.495,0.3840000000000001,,
2026-01-14 21:00:00,,1.588,100.0,0.522,,,
2026-01-14 22:00:00,1.4237,1.208,100.0,0.522,0.34630000000000005,,
2026-01-14 23:00:00,,1.126,100.0,0.522,,,
2026-01-15 00:00:00,1.4394,0.632,100.0,0.522,0.3306,,
2026-01-15 01:00:00,1.4457,0.246,100.0,0.522,0.32430000000000003,,
2026-01-15 02:00:00,1.4394,-0.171,99.9,0.522,0.3306,,
2026-01-15 03:00:00,1.4489,0.107,100.0,0.522,0.32109999999999994,,
2026-01-15 04:00:00,,0.329,98.9,0.522,,,
2026-01-15 05:00:00,1.4017,0.384,93.0,0.522,0.36830000000000007,,
2026-01-15 06:00:00,1.4426,1.017,79.0,0.522,0.3273999999999999,,
2026-01-15 07:00:00,1.4394,1.615,69.2,0.522,0.3306,,
2026-01-15 08:00:00,1.4489,2.53,63.0,0.522,0.32109999999999994,,
2026-01-15 09:00:00,1.4457,3.564,49.8,0.522,0.32430000000000003,,
2026-01-15 10:00:00,1.4426,4.35,45.8,0.522,0.3273999999999999,,
2026-01-15 11:00:00,1.4489,5.411,42.8,0.522,0.32109999999999994,,
2026-01-15 12:00:00,1.5745,6.077,38.8,0.55,0.1955,,
2026-01-15 13:00:00,,6.535,37.8,0.55,,,
2026-01-15 14:00:00,1.4583,7.519,37.1,0.55,0.3117000000000001,,
2026-01-15 15:00:00,1.4394,7.72,36.5,0.55,0.3306,,
2026-01-15 16:00:00,1.4206,7.343,32.0,0.577,0.34939999999999993,,
2026-01-15 17:00:00,1.4551,5.821,42.4,0.577,0.31489999999999996,,
2026-01-15 18:00:00,1.4551,6.102,41.9,0.577,0.31489999999999996,,
2026-01-15 19:00:00,1.4583,6.0,40.7,0.577,0.3117000000000001,,
2026-01-15 20:00:00,,5.668,43.0,0.577,,,
2026-01-15 21:00:00,1.4426,6.306,39.6,0.577,0.3273999999999999,,
2026-01-15 22:00:00,1.4646,6.839,37.9,0.577,0.3054000000000001,,
2026-01-15 23:00:00,1.4614,6.204,41.9,0.577,0.3086,,
2026-01-16 00:00:00,1.474,6.051,41.2,0.55,0.29600000000000004,,
2026-01-16 01:00:00,1.474,6.661,39.0,0.55,0.29600000000000004,,
2026-01-16 02:00:00,1.4677,6.153,43.0,0.522,0.3023,,
2026-01-16 03:00:00,1.4803,6.636,39.9,0.522,0.28970000000000007,,
2026-01-16 04:00:00,1.4834,6.484,41.2,0.522,0.28659999999999997,,
2026-01-16 05:00:00,,7.015,38.8,0.522,,,
2026-01-16 06:00:00,,7.041,38.4,0.495,,,
2026-01-16 07:00:00,1.4771,7.015,38.9,0.495,0.29289999999999994,,
2026-01-16 08:00:00,1.4834,7.217,41.8,0.467,0.28659999999999997,,
2026-01-16 09:00:00,1.4865,7.242,45.5,0.467,0.2835000000000001,,
2026-01-16 10:00:00,1.4708,7.519,43.4,0.467,0.2991999999999999,,
2026-01-16 11:00:00,1.496,8.891,35.6,0.439,0.274,,
2026-01-16 12:00:00,1.5022,10.001,31.6,0.439,0.26780000000000004,,
2026-01-16 13:00:00,1.496,10.026,31.0,0.412,0.274,,
2026-01-16 14:00:00,1.5148,10.051,31.6,0.412,0.2552000000000001,,
2026-01-16 15:00:00,,10.858,32.6,0.412,,,
2026-01-16 16:00:00,1.5054,10.222,33.5,0.412,0.26459999999999995,,
2026-01-16 17:00:00,1.5148,7.77,39.6,0.384,0.2552000000000001,,
2026-01-16 18:00:00,1.4928,8.444,34.4,0.356,0.2772000000000001,,
2026-01-16 19:00:00,,7.393,37.5,0.356,,,
2026-01-16 20:00:00,1.5211,7.494,35.6,0.356,0.24890000000000012,,
2026-01-16 21:00:00,1.5179,7.72,33.8,0.329,0.2521,,
2026-01-16 22:00:00,1.5337,7.72,32.6,0.356,0.23629999999999995,,
2026-01-16 23:00:00,1.5179,7.619,32.8,0.356,0.2521,,
2026-01-17 00:00:00,1.5242,7.569,33.3,0.356,0.24580000000000002,,
2026-01-17 01:00:00,1.5494,7.67,33.9,0.356,0.2205999999999999,,
2026-01-17 02:00:00,1.5368,7.569,33.9,0.356,0.23320000000000007,,
2026-01-17 03:00:00,1.5305,8.195,30.7,0.384,0.23950000000000005,,
2026-01-17 04:00:00,1.5556,8.195,29.1,0.384,0.21439999999999992,,
2026-01-17 05:00:00,1.5337,7.645,32.1,0.384,0.23629999999999995,,
2026-01-17 06:00:00,1.5305,7.544,33.7,0.384,0.23950000000000005,,
2026-01-17 07:00:00,1.5305,7.77,31.5,0.384,0.23950000000000005,,
2026-01-17 08:00:00,1.5431,8.27,32.6,0.384,0.2269000000000001,,
2026-01-17 09:00:00,1.5337,7.67,35.3,0.384,0.23629999999999995,,
2026-01-17 10:00:00,,8.394,38.1,0.412,,,
2026-01-17 11:00:00,1.5399,9.608,28.7,0.412,0.23009999999999997,,
2026-01-17 12:00:00,1.5556,10.541,28.6,0.412,0.21439999999999992,,
2026-01-17 13:00:00,1.5462,10.614,28.7,0.384,0.2238,,
2026-01-17 14:00:00,1.5619,11.102,28.6,0.384,0.20809999999999995,,
2026-01-17 15:00:00,1.5588,10.785,28.2,0.384,0.21120000000000005,,
2026-01-17 16:00:00,1.5745,11.273,28.6,0.384,0.1955,,
2026-01-17 17:00:00,1.5651,8.17,35.2,0.384,0.20490000000000008,,
2026-01-17 18:00:00,1.5713,8.965,30.5,0.384,0.1987000000000001,,
2026-01-17 19:00:00,1.5682,9.064,36.6,0.356,0.20179999999999998,,
2026-01-17 20:00:00,,8.469,37.2,0.356,,,
2026-01-17 21:00:00,1.5651,8.17,44.4,0.356,0.20490000000000008,,
2026-01-17 22:00:00,1.5713,8.767,42.3,0.356,0.1987000000000001,,
2026-01-17 23:00:00,1.5651,9.558,40.4,0.356,0.20490000000000008,,
2026-01-18 00:00:00,,9.015,41.3,0.356,,,
2026-01-18 01:00:00,1.5745,9.213,38.6,0.356,0.1955,,
2026-01-18 02:00:00,1.5902,9.238,37.7,0.356,0.17979999999999996,,
2026-01-18 03:00:00,1.7284,9.977,36.2,0.356,0.04160000000000008,,
2026-01-18 04:00:00,,9.015,38.1,0.356,,,
2026-01-18 05:00:00,1.5839,8.916,36.0,0.356,0.18609999999999993,,
2026-01-18 06:00:00,1.5965,9.213,32.2,0.356,0.1735,,
2026-01-18 07:00:00,1.6028,8.916,37.6,0.356,0.16720000000000002,,
2026-01-18 08:00:00,1.5996,9.706,36.5,0.356,0.1704000000000001,,
2026-01-18 09:00:00,1.5996,10.075,34.7,0.356,0.1704000000000001,,
2026-01-18 10:00:00,1.5996,9.756,36.5,0.384,0.1704000000000001,,
2026-01-18 11:00:00,1.5965,10.883,32.4,0.384,0.1735,,
2026-01-18 12:00:00,1.6059,11.637,31.5,0.412,0.1640999999999999,,
2026-01-18 13:00:00,,12.001,32.2,0.439,,,
2026-01-18 14:00:00,1.5996,11.807,30.2,0.467,0.1704000000000001,,
2026-01-18 15:00:00,1.6153,11.443,33.9,0.522,0.15470000000000006,,
2026-01-18 16:00:00,1.6122,10.98,32.7,0.605,0.15779999999999994,,
2026-01-18 17:00:00,1.6122,8.02,43.9,0.687,0.15779999999999994,,
2026-01-18 18:00:00,1.5996,7.82,41.0,0.77,0.1704000000000001,,
2026-01-18 19:00:00,1.631,7.619,41.6,0.88,0.139,,
2026-01-18 20:00:00,1.6153,7.645,41.2,0.962,0.15470000000000006,,
2026-01-18 21:00:00,1.6153,7.945,39.8,1.071,0.15470000000000006,,
2026-01-18 22:00:00,1.6185,8.045,40.3,1.18,0.15149999999999997,,
2026-01-18 23:00:00,1.6153,7.87,39.7,1.262,0.15470000000000006,,
2026-01-19 00:00:00,1.6185,7.519,39.4,1.344,0.15149999999999997,,
2026-01-19 01:00:00,,7.82,37.4,1.425,,,
2026-01-19 02:00:00,1.6185,7.97,35.8,1.507,0.15149999999999997,,
2026-01-19 03:00:00,1.609,7.594,38.8,1.615,0.16100000000000003,,
2026-01-19 04:00:00,1.6059,7.015,42.3,1.67,0.1640999999999999,,
2026-01-19 05:00:00,1.6185,7.293,39.6,1.751,0.15149999999999997,,
2026-01-19 06:00:00,1.5745,7.519,40.7,1.805,0.1955,,
2026-01-19 07:00:00,1.6122,6.763,41.3,1.859,0.15779999999999994,,
2026-01-19 08:00:00,1.6185,6.102,43.6,1.94,0.15149999999999997,,
2026-01-19 09:00:00,1.5996,6.94,38.8,1.967,0.1704000000000001,,
2026-01-19 10:00:00,1.609,7.72,36.4,2.021,0.16100000000000003,,
2026-01-19 11:00:00,1.6185,8.941,33.9,2.047,0.15149999999999997,,
2026-01-19 12:00:00,1.6216,10.124,30.2,2.101,0.1484000000000001,,
2026-01-19 13:00:00,1.5588,10.369,30.4,2.128,0.21120000000000005,,
2026-01-19 14:00:00,1.6153,10.687,28.2,2.182,0.15470000000000006,,
2026-01-19 15:00:00,1.6059,11.029,28.8,2.236,0.1640999999999999,,
2026-01-19 16:00:00,1.6122,9.805,33.3,2.289,0.15779999999999994,,
2026-01-19 17:00:00,1.6059,7.419,37.2,2.37,0.1640999999999999,,
2026-01-19 18:00:00,1.609,8.295,33.2,2.45,0.16100000000000003,,
2026-01-19 19:00:00,1.6059,7.97,27.7,2.53,0.1640999999999999,,
2026-01-19 20:00:00,1.6059,7.217,33.6,2.584,0.1640999999999999,,
2026-01-19 21:00:00,,7.318,28.2,2.637,,,
2026-01-19 22:00:00,1.5965,8.469,24.8,2.664,0.1735,,
2026-01-19 23:00:00,,8.99,28.0,2.69,,,
2026-01-20 00:00:00,1.6059,7.619,31.6,2.717,0.1640999999999999,,
2026-01-20 01:00:00,1.5965,7.695,33.1,2.717,0.1735,,
2026-01-20 02:00:00,1.5839,7.318,31.8,2.744,0.18609999999999993,,
2026-01-20 03:00:00,1.6028,7.619,31.2,2.744,0.16720000000000002,,
2026-01-20 04:00:00,1.5996,6.763,34.5,2.77,0.1704000000000001,,
2026-01-20 05:00:00,1.5933,8.344,30.5,2.77,0.17670000000000008,,
2026-01-20 06:00:00,1.6059,7.745,34.4,2.797,0.1640999999999999,,
2026-01-20 07:00:00,1.6059,7.845,35.4,2.797,0.1640999999999999,,
2026-01-20 08:00:00,1.5996,7.494,35.1,2.797,0.1704000000000001,,
2026-01-20 09:00:00,1.5933,7.519,34.2,2.823,0.17670000000000008,,
2026-01-20 10:00:00,1.5556,7.242,40.1,2.85,0.21439999999999992,,
2026-01-20 11:00:00,1.5933,7.368,38.4,2.85,0.17670000000000008,,
2026-01-20 12:00:00,1.6028,8.668,32.7,2.85,0.16720000000000002,,
2026-01-20 13:00:00,1.5965,9.903,32.3,2.85,0.1735,,
2026-01-20 14:00:00,1.6028,10.1,27.7,2.877,0.16720000000000002,,
2026-01-20 15:00:00,1.6059,9.682,32.2,2.903,0.1640999999999999,,
2026-01-20 16:00:00,1.5588,9.238,31.2,2.93,0.21120000000000005,,
2026-01-20 17:00:00,,7.066,38.9,2.983,,,
2026-01-20 18:00:00,1.6122,5.975,43.5,3.036,0.15779999999999994,,
2026-01-20 19:00:00,,5.847,42.8,3.116,,,
2026-01-20 20:00:00,1.5996,6.0,41.9,3.116,0.1704000000000001,,
2026-01-20 21:00:00,1.5996,5.847,39.8,3.142,0.1704000000000001,,
2026-01-20 22:00:00,1.6028,5.745,44.6,3.142,0.16720000000000002,,
2026-01-20 23:00:00,1.6028,5.179,42.8,3.142,0.16720000000000002,,
2026-01-21 00:00:00,1.6028,5.514,41.5,3.116,0.16720000000000002,,
2026-01-21 01:00:00,1.609,4.74,44.6,3.116,0.16100000000000003,,
2026-01-21 02:00:00,1.5965,4.558,43.9,3.116,0.1735,,
2026-01-21 03:00:00,1.6028,4.35,43.8,3.063,0.16720000000000002,,
2026-01-21 04:00:00,1.6059,4.141,44.9,3.063,0.1640999999999999,,
2026-01-21 05:00:00,1.5651,4.063,44.3,3.009,0.20490000000000008,,
2026-01-21 06:00:00,1.6059,4.272,42.8,2.983,0.1640999999999999,,
2026-01-21 07:00:00,1.5965,4.141,43.0,2.956,0.1735,,
2026-01-21 08:00:00,1.5996,4.246,42.8,2.93,0.1704000000000001,,
2026-01-21 09:00:00,1.5965,4.246,41.5,2.903,0.1735,,
2026-01-21 10:00:00,1.5525,4.999,38.8,2.85,0.21750000000000003,,
2026-01-21 11:00:00,1.6059,5.154,39.1,2.823,0.1640999999999999,,
2026-01-21 12:00:00,1.6153,5.949,36.3,2.797,0.15470000000000006,,
2026-01-21 13:00:00,1.6028,6.737,31.2,2.744,0.16720000000000002,,
2026-01-21 14:00:00,1.5996,7.645,31.0,2.744,0.1704000000000001,,
2026-01-21 15:00:00,1.6059,7.091,35.6,2.717,0.1640999999999999,,
2026-01-21 16:00:00,1.5933,6.535,35.5,2.717,0.17670000000000008,,
2026-01-21 17:00:00,1.6028,5.024,46.0,2.744,0.16720000000000002,,
2026-01-21 18:00:00,1.6059,4.272,49.2,2.744,0.1640999999999999,,
2026-01-21 19:00:00,1.6028,4.454,45.7,2.797,0.16720000000000002,,
2026-01-21 20:00:00,,3.985,47.2,2.797,,,
2026-01-21 21:00:00,1.6059,3.958,46.6,2.797,0.1640999999999999,,
2026-01-21 22:00:00,1.5776,4.141,42.9,2.797,0.19240000000000013,,
2026-01-21 23:00:00,,4.037,42.7,2.77,,,
2026-01-22 00:00:00,1.5651,3.932,42.8,2.744,0.20490000000000008,,
2026-01-22 01:00:00,1.6059,3.958,43.1,2.744,0.1640999999999999,,
2026-01-22 02:00:00,1.6028,3.38,46.2,2.717,0.16720000000000002,,
2026-01-22 03:00:00,,3.749,44.8,2.69,,,
2026-01-22 04:00:00,1.7378,3.827,44.2,2.664,0.032200000000000006,,
2026-01-22 05:00:00,1.5965,3.459,45.9,2.637,0.1735,,
2026-01-22 06:00:00,1.5965,3.274,49.3,2.584,0.1735,,
2026-01-22 07:00:00,1.6059,3.248,50.6,2.584,0.1640999999999999,,
2026-01-22 08:00:00,1.5808,3.089,47.2,2.557,0.18920000000000003,,
2026-01-22 09:00:00,1.6028,2.61,48.2,2.53,0.16720000000000002,,
2026-01-22 10:00:00,1.5996,2.823,54.4,2.503,0.1704000000000001,,
2026-01-22 11:00:00,1.5996,2.77,61.4,2.477,0.1704000000000001,,
2026-01-22 12:00:00,1.609,2.956,61.1,2.477,0.16100000000000003,,
2026-01-22 13:00:00,1.609,3.248,60.6,2.423,0.16100000000000003,,
2026-01-22 14:00:00,1.609,3.485,63.0,2.423,0.16100000000000003,,
2026-01-22 15:00:00,1.5996,2.983,67.9,2.423,0.1704000000000001,,
2026-01-22 16:00:00,1.5996,2.823,63.2,2.423,0.1704000000000001,,
2026-01-22 17:00:00,1.5965,2.128,66.5,2.423,0.1735,,
2026-01-22 18:00:00,,1.561,62.7,2.423,,,
2026-01-22 19:00:00,1.5996,1.453,60.2,2.423,0.1704000000000001,,
2026-01-22 20:00:00,1.5525,1.534,57.0,2.423,0.21750000000000003,,
2026-01-22 21:00:00,,1.615,56.6,2.396,,,
2026-01-22 22:00:00,1.5996,1.153,56.0,2.396,0.1704000000000001,,
2026-01-22 23:00:00,1.5933,1.751,51.5,2.343,0.17670000000000008,,
2026-01-23 00:00:00,1.6028,1.778,51.6,2.316,0.16720000000000002,,
2026-01-23 01:00:00,1.5933,1.398,51.9,2.262,0.17670000000000008,,
2026-01-23 02:00:00,1.5965,1.344,48.1,2.236,0.1735,,
2026-01-23 03:00:00,1.5933,1.507,51.0,2.209,0.17670000000000008,,
2026-01-23 04:00:00,1.6028,1.724,52.4,2.155,0.16720000000000002,,
2026-01-23 05:00:00,1.5965,1.615,54.3,2.101,0.1735,,
2026-01-23 06:00:00,1.5996,2.021,48.7,2.074,0.1704000000000001,,
2026-01-23 07:00:00,1.5965,1.886,49.3,2.047,0.1735,,
2026-01-23 08:00:00,1.2039,1.67,47.2,1.994,0.5661,,
2026-01-23 09:00:00,,1.859,46.9,1.967,,,
2026-01-23 10:00:00,1.5965,2.074,48.9,1.94,0.1735,,
2026-01-23 11:00:00,1.5965,2.664,41.6,1.886,0.1735,,
2026-01-23 12:00:00,1.6028,3.221,39.2,1.859,0.16720000000000002,,
2026-01-23 13:00:00,,3.67,38.3,1.832,,,
2026-01-23 14:00:00,1.5996,4.063,43.1,1.832,0.1704000000000001,,
2026-01-23 15:00:00,1.6059,4.35,41.1,1.805,0.1640999999999999,,
2026-01-23 16:00:00,1.6059,3.932,37.0,1.778,0.1640999999999999,,
2026-01-23 17:00:00,1.5996,2.37,54.1,1.805,0.1704000000000001,,
2026-01-23 18:00:00,1.6059,1.48,57.9,1.832,0.1640999999999999,,
2026-01-23 19:00:00,1.5965,1.588,57.3,1.832,0.1735,,
2026-01-23 20:00:00,1.5965,1.099,54.7,1.832,0.1735,,
2026-01-23 21:00:00,1.5965,1.099,54.0,1.832,0.1735,,
2026-01-23 22:00:00,1.6028,1.235,50.8,1.832,0.16720000000000002,,
2026-01-23 23:00:00,1.5305,1.235,47.0,1.805,0.23950000000000005,,
2026-01-24 00:00:00,1.5713,1.425,44.3,1.778,0.1987000000000001,,
2026-01-24 01:00:00,1.6059,1.017,45.4,1.751,0.1640999999999999,,
2026-01-24 02:00:00,1.6028,1.588,38.4,1.724,0.16720000000000002,,
2026-01-24 03:00:00,1.5996,1.778,39.4,1.67,0.1704000000000001,,
2026-01-24 04:00:00,1.5619,1.453,40.7,1.643,0.20809999999999995,,
2026-01-24 05:00:00,1.5965,1.289,41.4,1.615,0.1735,,
2026-01-24 06:00:00,1.6059,1.425,43.6,1.588,0.1640999999999999,,
2026-01-24 07:00:00,,1.94,35.9,1.534,,,
2026-01-24 08:00:00,1.609,1.099,43.3,1.507,0.16100000000000003,,
2026-01-24 09:00:00,1.609,2.262,34.5,1.48,0.16100000000000003,,
2026-01-24 10:00:00,,2.074,32.9,1.453,,,
2026-01-24 11:00:00,1.5996,2.423,34.7,1.425,0.1704000000000001,,
2026-01-24 12:00:00,1.6185,3.617,30.1,1.398,0.15149999999999997,,
2026-01-24 13:00:00,1.6059,3.827,31.9,1.398,0.1640999999999999,,
2026-01-24 14:00:00,1.6059,3.985,31.5,1.371,0.1640999999999999,,
2026-01-24 15:00:00,1.6153,4.037,31.6,1.344,0.15470000000000006,,
2026-01-24 16:00:00,,2.797,33.7,1.371,,,
2026-01-24 17:00:00,1.6122,2.343,40.3,1.398,0.15779999999999994,,
2026-01-24 18:00:00,1.6059,1.453,39.4,1.398,0.1640999999999999,,
2026-01-24 19:00:00,1.6059,1.724,30.4,1.398,0.1640999999999999,,
2026-01-24 20:00:00,1.6059,1.832,29.5,1.425,0.1640999999999999,,
2026-01-24 21:00:00,1.5933,1.588,33.5,1.398,0.17670000000000008,,
2026-01-24 22:00:00,1.6059,1.778,31.9,1.398,0.1640999999999999,,
2026-01-24 23:00:00,1.6059,2.128,33.4,1.398,0.1640999999999999,,
2026-01-25 00:00:00,,1.289,35.7,1.371,,,
2026-01-25 01:00:00,1.5965,1.453,34.7,1.344,0.1735,,
2026-01-25 02:00:00,1.5996,1.262,35.7,1.317,0.1704000000000001,,
2026-01-25 03:00:00,1.5996,1.153,35.2,1.289,0.1704000000000001,,
2026-01-25 04:00:00,1.5996,1.371,35.6,1.289,0.1704000000000001,,
2026-01-25 05:00:00,1.5713,0.907,33.8,1.262,0.1987000000000001,,
2026-01-25 06:00:00,1.5996,1.262,32.5,1.235,0.1704000000000001,,
2026-01-25 07:00:00,1.6028,1.534,30.8,1.208,0.16720000000000002,,
2026-01-25 08:00:00,,2.074,33.2,1.18,,,
2026-01-25 09:00:00,1.609,1.561,35.7,1.153,0.16100000000000003,,
2026-01-25 10:00:00,1.609,2.316,33.5,1.126,0.16100000000000003,,
2026-01-25 11:00:00,1.6185,2.343,32.9,1.126,0.15149999999999997,,
2026-01-25 12:00:00,1.6216,2.262,32.1,1.099,0.1484000000000001,,
2026-01-25 13:00:00,1.5933,2.101,40.0,1.099,0.17670000000000008,,
2026-01-25 14:00:00,1.6059,1.913,44.2,1.099,0.1640999999999999,,
2026-01-25 15:00:00,1.5996,1.262,49.1,1.099,0.1704000000000001,,
2026-01-25 16:00:00,1.5996,0.495,57.5,1.099,0.1704000000000001,,
2026-01-25 17:00:00,1.5839,0.605,57.3,1.099,0.18609999999999993,,
2026-01-25 18:00:00,1.6122,0.218,55.3,1.126,0.15779999999999994,,
2026-01-25 19:00:00,1.7661,0.522,54.2,1.126,0.0039000000000000146,,
2026-01-25 20:00:00,1.7441,0.301,53.5,1.126,0.025900000000000034,,
2026-01-25 21:00:00,1.6153,1.208,46.5,1.126,0.15470000000000006,,
2026-01-25 22:00:00,1.6059,1.453,45.0,1.126,0.1640999999999999,,
2026-01-25 23:00:00,1.6122,1.289,49.0,1.099,0.15779999999999994,,
2026-01-26 00:00:00,,0.825,50.4,1.099,,,
2026-01-26 01:00:00,,0.218,52.2,1.099,,,
2026-01-26 02:00:00,1.7221,0.632,53.6,1.099,0.047900000000000054,,
2026-01-26 03:00:00,1.7472,0.024,59.0,1.099,0.02279999999999993,,
2026-01-26 04:00:00,1.609,-0.563,60.5,1.099,0.16100000000000003,,
2026-01-26 05:00:00,1.5933,-0.62,65.0,1.099,0.17670000000000008,,
2026-01-26 06:00:00,1.5933,-0.451,61.6,1.071,0.17670000000000008,,
2026-01-26 07:00:00,,0.962,57.9,1.071,,,
2026-01-26 08:00:00,1.5965,0.605,59.2,1.071,0.1735,,
2026-01-26 09:00:00,1.5965,1.643,43.4,1.071,0.1735,,
2026-01-26 10:00:00,1.609,1.751,42.9,1.071,0.16100000000000003,,
2026-01-26 11:00:00,1.6153,1.208,57.6,1.071,0.15470000000000006,,
2026-01-26 12:00:00,1.6153,0.301,64.5,1.044,0.15470000000000006,,
2026-01-26 13:00:00,1.5965,0.88,61.3,1.044,0.1735,,
2026-01-26 14:00:00,1.6059,0.962,61.5,1.044,0.1640999999999999,,
2026-01-26 15:00:00,1.6028,0.907,66.9,1.044,0.16720000000000002,,
2026-01-26 16:00:00,,0.605,71.9,1.044,,,
2026-01-26 17:00:00,1.5933,1.099,74.6,1.044,0.17670000000000008,,
2026-01-26 18:00:00,1.6028,1.561,62.4,1.044,0.16720000000000002,,
2026-01-26 19:00:00,1.7284,2.182,61.8,1.044,0.04160000000000008,,
2026-01-26 20:00:00,,1.344,63.6,1.071,,,
2026-01-26 21:00:00,1.5902,1.371,66.7,1.071,0.17979999999999996,,
2026-01-26 22:00:00,1.5808,1.425,67.5,1.044,0.18920000000000003,,
2026-01-26 23:00:00,1.6122,0.989,71.3,1.071,0.15779999999999994,,
2026-01-27 00:00:00,1.5965,0.934,76.7,1.071,0.1735,,
2026-01-27 01:00:00,1.7347,0.962,77.5,1.071,0.03530000000000011,,
2026-01-27 02:00:00,,0.051,81.3,1.071,,,
2026-01-27 03:00:00,1.7378,0.051,79.9,1.071,0.032200000000000006,,
2026-01-27 04:00:00,1.6059,0.079,79.9,1.071,0.1640999999999999,,
2026-01-27 05:00:00,1.5965,0.384,78.7,1.071,0.1735,,
2026-01-27 06:00:00,1.609,0.218,80.7,1.071,0.16100000000000003,,
2026-01-27 07:00:00,,1.235,77.1,1.071,,,
2026-01-27 08:00:00,1.6028,0.329,80.5,1.071,0.16720000000000002,,
2026-01-27 09:00:00,1.6122,0.19,84.0,1.071,0.15779999999999994,,
2026-01-27 10:00:00,1.5996,0.962,83.3,1.044,0.1704000000000001,,
2026-01-27 11:00:00,1.6028,1.913,79.9,1.044,0.16720000000000002,,
2026-01-27 12:00:00,1.6028,2.423,77.7,1.044,0.16720000000000002,,
2026-01-27 13:00:00,,2.797,74.7,1.044,,,
2026-01-27 14:00:00,1.6028,2.983,72.3,1.071,0.16720000000000002,,
2026-01-27 15:00:00,,2.69,72.8,1.071,,,
2026-01-27 16:00:00,1.5965,2.45,74.0,1.099,0.1735,,
2026-01-27 17:00:00,1.5965,1.398,85.1,1.126,0.1735,,
2026-01-27 18:00:00,1.6059,1.262,89.7,1.153,0.1640999999999999,,
2026-01-27 19:00:00,1.6028,0.989,93.7,1.18,0.16720000000000002,,
2026-01-27 20:00:00,1.6656,0.632,95.9,1.208,0.10440000000000005,,
2026-01-27 21:00:00,1.609,0.024,97.6,1.208,0.16100000000000003,,
2026-01-27 22:00:00,1.5682,-0.06,98.4,1.235,0.20179999999999998,,
2026-01-27 23:00:00,1.6028,-0.311,98.6,1.235,0.16720000000000002,,
2026-01-28 00:00:00,1.6122,-0.395,99.0,1.235,0.15779999999999994,,
2026-01-28 01:00:00,,-0.423,99.2,1.235,,,
2026-01-28 02:00:00,1.6247,-0.311,99.1,1.235,0.14529999999999998,,
2026-01-28 03:00:00,1.5902,0.301,99.3,1.235,0.17979999999999996,,
2026-01-28 04:00:00,,0.687,99.3,1.235,,,
2026-01-28 05:00:00,1.609,0.88,99.3,1.208,0.16100000000000003,,
2026-01-28 06:00:00,1.5556,0.467,99.0,1.208,0.21439999999999992,,
2026-01-28 07:00:00,1.6122,0.439,99.0,1.18,0.15779999999999994,,
2026-01-28 08:00:00,1.609,0.412,98.7,1.18,0.16100000000000003,,
2026-01-28 09:00:00,1.7347,0.55,98.5,1.18,0.03530000000000011,,
2026-01-28 10:00:00,,0.439,98.9,1.18,,,
2026-01-28 11:00:00,1.6028,0.384,98.6,1.153,0.16720000000000002,,
2026-01-28 12:00:00,1.6122,0.412,98.9,1.153,0.15779999999999994,,
2026-01-28 13:00:00,1.6028,0.577,98.9,1.126,0.16720000000000002,,
2026-01-28 14:00:00,1.609,0.439,99.2,1.126,0.16100000000000003,,
2026-01-28 15:00:00,1.6028,0.384,99.4,1.126,0.16720000000000002,,
2026-01-28 16:00:00,1.6028,0.852,99.2,1.099,0.16720000000000002,,
2026-01-28 17:00:00,1.5933,0.825,99.5,1.071,0.17670000000000008,,
2026-01-28 18:00:00,1.5933,0.907,99.5,1.071,0.17670000000000008,,
2026-01-28 19:00:00,1.5965,0.934,99.2,1.017,0.1735,,
2026-01-28 20:00:00,1.5933,1.099,99.3,0.989,0.17670000000000008,,
2026-01-28 21:00:00,1.6122,0.989,99.2,0.989,0.15779999999999994,,
2026-01-28 22:00:00,,0.907,99.1,0.962,,,
2026-01-28 23:00:00,,0.962,99.6,0.962,,,
2026-01-29 00:00:00,,1.071,99.5,0.962,,,
2026-01-29 01:00:00,,1.235,100.0,0.962,,,
2026-01-29 02:00:00,,1.044,100.0,0.989,,,
2026-01-29 03:00:00,,1.071,100.0,0.989,,,
2026-01-29 04:00:00,,0.934,100.0,1.017,,,
2026-01-29 05:00:00,,0.632,100.0,1.017,,,
2026-01-29 06:00:00,,0.687,100.0,1.044,,,
2026-01-29 07:00:00,,1.398,99.9,1.044,,,
2026-01-29 08:00:00,,2.37,99.7,1.044,,,
2026-01-29 09:00:00,,3.485,99.6,1.044,,,
2026-01-29 10:00:00,,3.221,99.6,1.071,,,
2026-01-29 11:00:00,,3.009,99.8,1.099,,,
2026-01-29 12:00:00,,3.38,99.4,1.126,,,
2026-01-29 13:00:00,,3.38,99.3,1.18,,,
2026-01-29 14:00:00,,3.564,98.1,1.235,,,
2026-01-29 15:00:00,,2.956,99.6,1.289,,,
2026-01-29 16:00:00,,2.85,100.0,1.344,,,
2026-01-29 17:00:00,,2.85,99.9,1.398,,,
2026-01-29 18:00:00,,2.53,100.0,1.453,,,
2026-01-29 19:00:00,,2.209,100.0,1.507,,,
2026-01-29 20:00:00,,2.423,100.0,1.561,,,
2026-01-29 21:00:00,,1.859,100.0,1.615,,,
2026-01-29 22:00:00,,2.343,100.0,1.643,,,
2026-01-29 23:00:00,,2.343,100.0,1.67,,,
2026-01-30 00:00:00,,2.289,100.0,1.697,,,
2026-01-30 01:00:00,,2.85,100.0,1.724,,,
2026-01-30 02:00:00,,2.503,100.0,1.724,,,
2026-01-30 03:00:00,,2.289,100.0,1.778,,,
2026-01-30 04:00:00,,2.074,100.0,1.778,,,
2026-01-30 05:00:00,,1.832,100.0,1.832,,,
2026-01-30 06:00:00,,1.099,100.0,1.832,,,
2026-01-30 07:00:00,,0.495,100.0,1.859,,,
2026-01-30 08:00:00,,0.384,100.0,1.859,,,
2026-01-30 09:00:00,,0.246,100.0,1.832,,,
2026-01-30 10:00:00,,0.495,100.0,1.778,,,
2026-01-30 11:00:00,,0.687,100.0,1.697,,,
2026-01-30 12:00:00,,2.316,100.0,1.615,,,
2026-01-30 13:00:00,,3.142,100.0,1.507,,,
2026-01-30 14:00:00,,3.433,100.0,1.453,,,
2026-01-30 15:00:00,,3.722,100.0,1.398,,,
2026-01-30 16:00:00,,3.643,100.0,1.398,,,
2026-01-30 17:00:00,,3.538,100.0,1.425,,,
2026-01-30 18:00:00,,2.903,100.0,1.453,,,
2026-01-30 19:00:00,,3.168,100.0,1.507,,,
2026-01-30 20:00:00,,2.236,100.0,1.561,,,
2026-01-30 21:00:00,,2.236,100.0,1.615,,,
2026-01-30 22:00:00,,1.859,100.0,1.643,,,
2026-01-30 23:00:00,,2.182,100.0,1.697,,,
2026-01-31 00:00:00,,2.557,99.5,1.724,,,
2026-01-31 01:00:00,,2.664,99.8,1.751,,,
2026-01-31 02:00:00,,2.956,99.4,1.778,,,
2026-01-31 03:00:00,,3.009,99.3,1.778,,,
2026-01-31 04:00:00,,3.564,98.7,1.805,,,
2026-01-31 05:00:00,,3.406,98.6,1.832,,,
2026-01-31 06:00:00,,3.512,98.9,1.832,,,
2026-01-31 07:00:00,,3.38,99.5,1.859,,,
2026-01-31 08:00:00,,3.564,100.0,1.886,,,
2026-01-31 09:00:00,,3.643,100.0,1.94,,,
2026-01-31 10:00:00,,3.538,100.0,1.967,,,
2026-01-31 11:00:00,,3.801,100.0,1.994,,,
2026-01-31 12:00:00,,4.168,100.0,2.047,,,
2026-01-31 13:00:00,,4.428,100.0,2.074,,,
2026-01-31 14:00:00,,4.168,100.0,2.101,,,
2026-01-31 15:00:00,,3.696,100.0,2.155,,,
2026-01-31 16:00:00,,3.406,100.0,2.209,,,
2026-01-31 17:00:00,,3.617,100.0,2.262,,,
2026-01-31 18:00:00,,3.88,100.0,2.289,,,
2026-01-31 19:00:00,,3.617,100.0,2.316,,,
2026-01-31 20:00:00,,3.248,100.0,2.37,,,
2026-01-31 21:00:00,,3.116,100.0,2.396,,,
2026-01-31 22:00:00,,2.77,100.0,2.423,,,
2026-01-31 23:00:00,,2.53,100.0,2.45,,,
2026-02-01 00:00:00,,2.074,100.0,2.477,,,
2026-02-01 01:00:00,,1.615,100.0,2.477,,,
2026-02-01 02:00:00,,1.317,100.0,2.503,,,
2026-02-01 03:00:00,,0.907,100.0,2.503,,,
2026-02-01 04:00:00,,1.643,100.0,2.503,,,
2026-02-01 05:00:00,,1.044,100.0,2.477,,,
2026-02-01 06:00:00,,1.67,100.0,2.45,,,
2026-02-01 07:00:00,,1.751,100.0,2.396,,,
2026-02-01 08:00:00,,1.371,100.0,2.423,,,
2026-02-01 09:00:00,,1.561,100.0,2.396,,,
2026-02-01 10:00:00,,1.805,100.0,2.396,,,
2026-02-19 12:00:00,1.6373,-6.294,77.3,0.852,0.13270000000000004,,
2026-02-19 13:00:00,1.4928,-6.388,81.8,0.88,0.2772000000000001,,
2026-02-19 14:00:00,1.4897,-5.667,82.7,0.852,0.2803,,
2026-02-19 15:00:00,1.4897,-5.079,82.4,0.852,0.2803,,
2026-02-19 16:00:00,1.4897,-4.378,86.2,0.852,0.2803,,
2026-02-19 17:00:00,,-5.264,83.2,0.852,,,
2026-02-19 18:00:00,1.4897,-5.698,84.4,0.852,0.2803,,
2026-02-19 19:00:00,,-6.168,86.6,0.852,,,
2026-02-19 20:00:00,1.4897,-6.262,88.1,0.852,0.2803,,
2026-02-19 21:00:00,1.4897,-6.294,87.2,0.852,0.2803,,
2026-02-19 22:00:00,1.4897,-6.547,88.2,0.852,0.2803,,
2026-02-19 23:00:00,1.4865,-6.706,88.8,0.852,0.2835000000000001,,
2026-02-20 00:00:00,1.4897,-6.93,89.1,0.852,0.2803,,
2026-02-20 01:00:00,1.4991,-6.93,90.8,0.852,0.2708999999999999,,
2026-02-20 02:00:00,,-6.452,92.7,0.852,,,
2026-02-20 03:00:00,1.4897,-5.885,93.2,0.825,0.2803,,
2026-02-20 04:00:00,1.474,-5.48,92.3,0.825,0.29600000000000004,,
2026-02-20 05:00:00,1.4897,-5.233,92.0,0.825,0.2803,,
2026-02-20 06:00:00,1.4897,-5.079,93.7,0.825,0.2803,,
2026-02-20 07:00:00,1.4897,-5.049,94.8,0.825,0.2803,,
2026-02-20 08:00:00,1.5022,-4.957,95.3,0.825,0.26780000000000004,,
2026-02-20 09:00:00,1.5054,-5.079,95.4,0.825,0.26459999999999995,,
2026-02-20 10:00:00,1.5054,-5.11,94.3,0.825,0.26459999999999995,,
2026-02-20 11:00:00,1.5054,-5.049,94.9,0.825,0.26459999999999995,,
2026-02-20 12:00:00,1.4991,-4.865,94.4,0.825,0.2708999999999999,,
2026-02-20 13:00:00,1.5651,-4.53,94.6,0.797,0.20490000000000008,,
2026-02-20 14:00:00,1.5211,-4.651,95.9,0.797,0.24890000000000012,,
2026-02-20 15:00:00,1.6593,-4.59,96.5,0.797,0.11070000000000002,,
2026-02-20 16:00:00,,-4.865,96.6,0.797,,,
2026-02-20 17:00:00,1.5022,-5.202,95.9,0.797,0.26780000000000004,,
2026-02-20 18:00:00,1.496,-5.885,95.8,0.825,0.274,,
2026-02-20 19:00:00,1.5022,-6.042,95.6,0.825,0.26780000000000004,,
2026-02-20 20:00:00,1.6876,-6.105,96.6,0.825,0.08240000000000003,,
2026-02-20 21:00:00,,-6.01,96.4,0.797,,,
2026-02-20 22:00:00,1.4928,-5.948,97.2,0.797,0.2772000000000001,,
2026-02-20 23:00:00,,-5.791,97.3,0.797,,,
2026-02-21 00:00:00,,-5.791,97.6,0.797,,,
2026-02-21 01:00:00,,-5.605,97.9,0.797,,,
2026-02-21 02:00:00,1.4771,-5.511,98.0,0.797,0.29289999999999994,,
2026-02-21 03:00:00,,-5.357,98.2,0.797,,,
2026-02-21 04:00:00,1.4551,-5.172,98.3,0.797,0.31489999999999996,,
2026-02-21 05:00:00,1.4803,-5.11,98.3,0.797,0.28970000000000007,,
2026-02-21 06:00:00,1.4489,-4.926,98.4,0.797,0.32109999999999994,,
2026-02-21 07:00:00,,-4.743,98.6,0.797,,,
2026-02-21 08:00:00,,-4.682,98.7,0.825,,,
2026-02-21 09:00:00,1.4457,-4.712,98.6,0.825,0.32430000000000003,,
2026-02-21 10:00:00,1.4331,-4.743,98.6,0.797,0.3369,,
2026-02-21 11:00:00,,-4.348,98.7,0.797,,,
2026-02-21 12:00:00,,-4.287,98.9,0.797,,,
2026-02-21 13:00:00,1.4206,-4.046,98.9,0.797,0.34939999999999993,,
2026-02-21 14:00:00,1.4174,-4.137,99.0,0.797,0.3526,,
2026-02-21 15:00:00,1.4457,-4.046,99.1,0.797,0.32430000000000003,,
2026-02-21 16:00:00,1.4457,-4.197,99.1,0.797,0.32430000000000003,,
2026-02-21 17:00:00,,-4.046,99.2,0.797,,,
2026-02-21 18:00:00,1.4049,-3.836,99.2,0.797,0.3651,,
2026-02-21 19:00:00,1.5337,-3.627,99.5,0.797,0.23629999999999995,,
2026-02-21 20:00:00,1.496,-3.598,99.5,0.797,0.274,,
2026-02-21 21:00:00,1.3578,-3.508,99.6,0.797,0.4122000000000001,,
2026-02-21 22:00:00,1.3546,-3.449,99.7,0.797,0.4154,,
2026-02-21 23:00:00,1.3515,-3.212,99.8,0.797,0.4185000000000001,,
2026-02-22 00:00:00,,-3.153,99.8,0.797,,,
2026-02-22 01:00:00,,-3.006,100.0,0.797,,,
2026-02-22 02:00:00,1.3201,-2.918,100.0,0.797,0.44989999999999997,,
2026-02-22 03:00:00,1.3075,-2.712,100.0,0.797,0.4624999999999999,,
2026-02-22 04:00:00,,-2.8,100.0,0.797,,,
2026-02-22 05:00:00,,-2.508,100.0,0.797,,,
2026-02-22 06:00:00,,-2.421,100.0,0.797,,,
2026-02-22 07:00:00,,-2.392,100.0,0.797,,,
2026-02-22 08:00:00,,-2.16,100.0,0.797,,,
2026-02-22 09:00:00,,-1.929,100.0,0.77,,,
2026-02-22 10:00:00,,-1.871,100.0,0.797,,,
2026-02-22 11:00:00,,-1.814,100.0,0.797,,,
2026-02-22 12:00:00,,-1.641,100.0,0.77,,,
2026-02-22 13:00:00,,-2.015,100.0,0.797,,,
2026-02-22 14:00:00,,-2.16,100.0,0.797,,,
2026-02-22 15:00:00,,-2.218,100.0,0.77,,,
2026-02-22 16:00:00,,-2.218,100.0,0.77,,,
2026-02-22 17:00:00,,-2.102,100.0,0.77,,,
2026-02-22 18:00:00,,-2.218,100.0,0.77,,,
2026-02-22 19:00:00,1.1442,-2.102,100.0,0.77,0.6257999999999999,,
2026-02-22 20:00:00,1.1693,-2.044,100.0,0.77,0.6007,,
2026-02-22 21:00:00,,-2.189,100.0,0.77,,,
2026-02-22 22:00:00,1.1096,-3.035,100.0,0.77,0.6604000000000001,,
2026-02-22 23:00:00,1.1222,-3.212,100.0,0.77,0.6477999999999999,,
2026-02-23 00:00:00,1.1411,-2.947,100.0,0.77,0.6289,,
2026-02-23 01:00:00,1.1913,-2.859,100.0,0.77,0.5787,,
2026-02-23 02:00:00,,-2.8,100.0,0.77,,,
2026-02-23 03:00:00,,-2.508,100.0,0.77,,,
2026-02-23 04:00:00,,-2.654,100.0,0.77,,,
2026-02-23 05:00:00,1.1662,-2.947,100.0,0.77,0.6038000000000001,,
2026-02-23 06:00:00,,-2.918,100.0,0.77,,,
2026-02-23 07:00:00,,-3.006,100.0,0.742,,,
2026-02-23 08:00:00,,-3.124,100.0,0.742,,,
2026-02-23 09:00:00,,-3.39,99.7,0.77,,,
2026-02-23 10:00:00,,-3.449,99.7,0.77,,,
2026-02-23 11:00:00,,-3.094,99.9,0.77,,,
2026-02-23 12:00:00,,-2.305,100.0,0.742,,,
2026-02-23 13:00:00,,-2.276,100.0,0.742,,,
2026-02-23 14:00:00,,-1.47,100.0,0.742,,,
2026-02-23 15:00:00,1.1976,-1.498,100.0,0.742,0.5724,,
2026-02-23 16:00:00,1.1976,-1.613,100.0,0.742,0.5724,,
2026-02-23 17:00:00,,-1.785,100.0,0.742,,,
2026-02-23 18:00:00,,-2.566,100.0,0.742,,,
2026-02-23 19:00:00,,-2.976,100.0,0.742,,,
2026-02-23 20:00:00,,-3.094,100.0,0.742,,,
2026-02-23 21:00:00,,-3.271,100.0,0.742,,,
2026-02-23 22:00:00,,-3.449,100.0,0.742,,,
2026-02-23 23:00:00,,-3.568,99.9,0.742,,,
2026-02-24 00:00:00,,-3.956,99.7,0.742,,,
2026-02-24 01:00:00,,-4.106,99.6,0.742,,,
2026-02-24 02:00:00,,-4.287,99.6,0.742,,,
2026-02-24 03:00:00,,-4.378,99.5,0.742,,,
2026-02-24 04:00:00,,-4.439,99.4,0.742,,,
2026-02-24 05:00:00,,-4.408,99.6,0.742,,,
2026-02-24 06:00:00,1.2353,-4.408,99.5,0.742,0.5347,,
2026-02-24 07:00:00,1.2227,-4.59,99.5,0.77,0.5473000000000001,,
2026-02-24 08:00:00,1.2196,-3.627,100.0,0.742,0.5504,,
2026-02-24 09:00:00,1.1725,-4.016,99.8,0.742,0.5974999999999999,,
2026-02-24 10:00:00,1.2196,-3.777,99.9,0.742,0.5504,,
2026-02-24 11:00:00,,-2.8,100.0,0.742,,,
2026-02-24 12:00:00,1.2353,-2.102,100.0,0.742,0.5347,,
2026-02-24 13:00:00,1.2416,-1.727,100.0,0.742,0.5284,,
2026-02-24 14:00:00,1.2164,-1.356,100.0,0.742,0.5536000000000001,,
2026-02-24 15:00:00,1.1819,-1.613,100.0,0.742,0.5881000000000001,,
2026-02-24 16:00:00,1.1787,-1.27,100.0,0.742,0.5912999999999999,,
2026-02-24 17:00:00,1.1787,-1.47,100.0,0.742,0.5912999999999999,,
2026-02-24 18:00:00,1.1882,-1.785,100.0,0.742,0.5818000000000001,,
2026-02-24 19:00:00,1.1882,-1.871,100.0,0.742,0.5818000000000001,,
2026-02-24 20:00:00,,-2.131,100.0,0.742,,,
2026-02-24 21:00:00,1.185,-2.16,100.0,0.742,0.585,,
2026-02-24 22:00:00,,-2.276,100.0,0.742,,,
2026-02-24 23:00:00,1.1882,-2.363,100.0,0.742,0.5818000000000001,,
2026-02-25 00:00:00,1.2007,-2.45,100.0,0.742,0.5692999999999999,,
2026-02-25 01:00:00,1.2102,-2.537,100.0,0.742,0.5598000000000001,,
2026-02-25 02:00:00,1.1944,-2.566,100.0,0.742,0.5756000000000001,,
2026-02-25 03:00:00,1.1976,-2.479,100.0,0.742,0.5724,,
2026-02-25 04:00:00,1.1913,-2.537,100.0,0.742,0.5787,,
2026-02-25 05:00:00,1.2133,-2.363,100.0,0.742,0.5567,,
2026-02-25 06:00:00,1.2133,-2.218,100.0,0.742,0.5567,,
2026-02-25 07:00:00,1.2133,-2.131,100.0,0.742,0.5567,,
2026-02-25 08:00:00,1.2007,-1.986,100.0,0.742,0.5692999999999999,,
2026-02-25 09:00:00,1.2039,-1.929,100.0,0.742,0.5661,,
2026-02-25 10:00:00,1.207,-1.527,100.0,0.742,0.563,,
2026-02-25 11:00:00,1.2039,-1.299,100.0,0.742,0.5661,,
2026-02-25 12:00:00,1.2353,-1.015,100.0,0.742,0.5347,,
2026-02-25 13:00:00,,-0.93,100.0,0.742,,,
2026-02-25 14:00:00,1.1976,-0.986,100.0,0.742,0.5724,,
2026-02-25 15:00:00,1.207,-0.648,100.0,0.742,0.563,,
2026-02-25 16:00:00,1.2007,-0.648,100.0,0.742,0.5692999999999999,,
2026-02-25 17:00:00,1.207,-0.789,100.0,0.742,0.563,,
2026-02-25 18:00:00,1.2039,-0.902,100.0,0.742,0.5661,,
2026-02-25 19:00:00,1.2164,-0.845,100.0,0.742,0.5536000000000001,,
2026-02-25 20:00:00,1.2039,-0.845,100.0,0.742,0.5661,,
2026-02-25 21:00:00,,-0.817,100.0,0.742,,,
2026-02-25 22:00:00,1.2039,-0.732,100.0,0.742,0.5661,,
2026-02-25 23:00:00,1.2039,-0.62,100.0,0.742,0.5661,,
2026-02-26 00:00:00,1.2416,-0.507,100.0,0.742,0.5284,,
2026-02-26 01:00:00,1.2447,-0.535,100.0,0.742,0.5253000000000001,,
2026-02-26 02:00:00,1.2384,-0.62,100.0,0.742,0.5316000000000001,,
2026-02-26 03:00:00,,-0.93,100.0,0.742,,,
2026-02-26 04:00:00,1.207,-1.128,100.0,0.742,0.563,,
2026-02-26 05:00:00,1.229,-1.242,100.0,0.742,0.5409999999999999,,
2026-02-26 06:00:00,,-1.327,100.0,0.742,,,
2026-02-26 07:00:00,1.1976,-1.441,100.0,0.742,0.5724,,
2026-02-26 08:00:00,1.1944,-1.356,100.0,0.742,0.5756000000000001,,
2026-02-26 09:00:00,1.1662,-1.356,100.0,0.742,0.6038000000000001,,
2026-02-26 10:00:00,1.2102,-1.242,100.0,0.742,0.5598000000000001,,
2026-02-26 11:00:00,1.1662,-1.1,100.0,0.742,0.6038000000000001,,
2026-02-26 12:00:00,1.1882,-1.043,100.0,0.742,0.5818000000000001,,
2026-02-26 13:00:00,,-0.958,100.0,0.742,,,
2026-02-26 14:00:00,1.1756,-0.958,100.0,0.742,0.5944,,
2026-02-26 15:00:00,1.2164,-1.015,100.0,0.742,0.5536000000000001,,
2026-02-26 16:00:00,1.3389,-1.043,100.0,0.742,0.43110000000000004,,
2026-02-26 17:00:00,1.3107,-1.185,100.0,0.742,0.45930000000000004,,
2026-02-26 18:00:00,,-1.441,100.0,0.742,,,
2026-02-26 19:00:00,,-1.584,100.0,0.742,,,
2026-02-26 20:00:00,1.1787,-1.641,100.0,0.742,0.5912999999999999,,
2026-02-26 21:00:00,,-1.641,100.0,0.742,,,
2026-02-26 22:00:00,,-1.842,100.0,0.742,,,
2026-02-26 23:00:00,1.207,-1.871,100.0,0.742,0.563,,
2026-02-27 00:00:00,1.2887,-2.102,100.0,0.742,0.48130000000000006,,
2026-02-27 01:00:00,1.1599,-2.305,100.0,0.742,0.6101000000000001,,
2026-02-27 02:00:00,1.1473,-2.305,100.0,0.742,0.6227,,
2026-02-27 03:00:00,1.1662,-2.247,100.0,0.742,0.6038000000000001,,
2026-02-27 04:00:00,1.163,-2.363,100.0,0.742,0.607,,
2026-02-27 05:00:00,1.1568,-2.479,100.0,0.742,0.6132,,
2026-02-27 06:00:00,1.1568,-2.537,100.0,0.742,0.6132,,
2026-02-27 07:00:00,1.1756,-2.566,100.0,0.742,0.5944,,
2026-02-27 08:00:00,1.1599,-2.625,100.0,0.742,0.6101000000000001,,
2026-02-27 09:00:00,1.163,-2.508,100.0,0.742,0.607,,
2026-02-27 10:00:00,,-2.392,100.0,0.742,,,
2026-02-27 11:00:00,,-2.421,100.0,0.742,,,
2026-02-27 12:00:00,1.1536,-2.16,100.0,0.742,0.6164000000000001,,
2026-02-27 13:00:00,1.2887,-1.958,100.0,0.742,0.48130000000000006,,
2026-02-27 14:00:00,,-2.131,100.0,0.742,,,
2026-02-27 15:00:00,1.1819,-2.102,100.0,0.742,0.5881000000000001,,
2026-02-27 16:00:00,,-1.986,100.0,0.742,,,
2026-02-27 17:00:00,,-2.131,100.0,0.742,,,
2026-02-27 18:00:00,1.1819,-2.392,100.0,0.742,0.5881000000000001,,
2026-02-27 19:00:00,1.1787,-2.45,100.0,0.742,0.5912999999999999,,
2026-02-27 20:00:00,1.1787,-2.742,100.0,0.742,0.5912999999999999,,
2026-02-27 21:00:00,1.3075,-2.947,100.0,0.742,0.4624999999999999,,
2026-02-27 22:00:00,1.3232,-3.035,100.0,0.742,0.4468000000000001,,
2026-02-27 23:00:00,1.163,-3.242,100.0,0.742,0.607,,
2026-02-28 00:00:00,1.1599,-3.538,100.0,0.742,0.6101000000000001,,
2026-02-28 01:00:00,1.1693,-3.896,100.0,0.742,0.6007,,
2026-02-28 02:00:00,1.3012,-4.834,99.6,0.77,0.4688000000000001,,
2026-02-28 03:00:00,1.2855,-4.957,99.7,0.77,0.48449999999999993,,
2026-02-28 04:00:00,1.1599,-5.233,99.5,0.77,0.6101000000000001,,
2026-02-28 05:00:00,1.1599,-5.295,99.5,0.77,0.6101000000000001,,
2026-02-28 06:00:00,1.1662,-5.449,99.3,0.77,0.6038000000000001,,
2026-02-28 07:00:00,,-5.948,98.8,0.77,,,
2026-02-28 08:00:00,1.1568,-6.231,98.8,0.77,0.6132,,
2026-02-28 09:00:00,1.163,-5.388,99.3,0.77,0.607,,
2026-02-28 10:00:00,,-4.804,99.3,0.742,,,
2026-02-28 11:00:00,,-4.016,99.4,0.742,,,
2026-02-28 12:00:00,,-2.508,99.1,0.742,,,
2026-02-28 13:00:00,1.1693,-1.157,96.7,0.742,0.6007,,
2026-02-28 14:00:00,1.163,-0.311,87.3,0.742,0.607,,
2026-02-28 15:00:00,1.163,-0.199,98.4,0.742,0.607,,
2026-02-28 16:00:00,1.1725,0.356,100.0,0.742,0.5974999999999999,,
2026-02-28 17:00:00,1.1725,0.273,98.4,0.742,0.5974999999999999,,
2026-02-28 18:00:00,1.1693,0.051,96.9,0.742,0.6007,,
2026-02-28 19:00:00,1.1756,-0.423,97.3,0.742,0.5944,,
2026-02-28 20:00:00,1.1693,-0.563,97.0,0.742,0.6007,,
2026-02-28 21:00:00,1.1693,-0.367,96.8,0.742,0.6007,,
2026-02-28 22:00:00,1.1756,-0.367,96.7,0.742,0.5944,,
2026-02-28 23:00:00,1.1693,0.273,92.8,0.742,0.6007,,
2026-03-01 00:00:00,1.1756,-0.032,95.3,0.742,0.5944,,
2026-03-01 01:00:00,1.185,-0.283,95.5,0.742,0.585,,
2026-03-01 02:00:00,,-0.395,94.3,0.742,,,
2026-03-01 03:00:00,,-0.62,90.0,0.742,,,
2026-03-01 04:00:00,,-1.556,84.2,0.742,,,
2026-03-01 05:00:00,1.1725,-1.441,78.9,0.742,0.5974999999999999,,
2026-03-01 06:00:00,1.1756,-0.704,77.8,0.742,0.5944,,
2026-03-01 07:00:00,,-0.507,75.9,0.742,,,
2026-03-01 08:00:00,1.3232,-0.423,76.3,0.742,0.4468000000000001,,
2026-03-01 09:00:00,1.1725,-0.76,79.2,0.742,0.5974999999999999,,
2026-03-01 10:00:00,,0.163,74.8,0.715,,,
2026-03-01 11:00:00,1.1693,1.48,65.6,0.715,0.6007,,
2026-03-01 12:00:00,1.1756,2.557,57.7,0.715,0.5944,,
2026-03-01 13:00:00,1.1756,3.168,63.3,0.715,0.5944,,
2026-03-01 14:00:00,1.1787,3.617,52.0,0.715,0.5912999999999999,,
2026-03-01 15:00:00,1.1756,4.428,48.4,0.715,0.5944,,
2026-03-01 16:00:00,1.1819,4.168,66.0,0.715,0.5881000000000001,,
2026-03-01 17:00:00,1.1882,3.485,71.4,0.715,0.5818000000000001,,
2026-03-01 18:00:00,1.1913,1.289,82.3,0.715,0.5787,,
2026-03-01 19:00:00,1.1913,1.534,68.1,0.715,0.5787,,
2026-03-01 20:00:00,1.1944,2.45,57.8,0.715,0.5756000000000001,,
2026-03-01 21:00:00,1.1882,2.477,62.5,0.687,0.5818000000000001,,
2026-03-01 22:00:00,1.1882,2.503,67.0,0.687,0.5818000000000001,,
2026-03-01 23:00:00,1.1819,2.903,63.7,0.687,0.5881000000000001,,
2026-03-02 00:00:00,1.1913,2.956,55.4,0.687,0.5787,,
2026-03-02 01:00:00,,3.406,55.1,0.687,,,
2026-03-02 02:00:00,1.1913,3.538,58.0,0.687,0.5787,,
2026-03-02 03:00:00,1.1944,5.128,47.2,0.687,0.5756000000000001,,
2026-03-02 04:00:00,1.1944,5.488,40.4,0.687,0.5756000000000001,,
2026-03-02 05:00:00,1.1944,3.036,52.0,0.687,0.5756000000000001,,
2026-03-02 06:00:00,1.1944,2.956,52.4,0.687,0.5756000000000001,,
2026-03-02 07:00:00,,2.182,57.3,0.687,,,
2026-03-02 08:00:00,1.1913,2.797,53.9,0.687,0.5787,,
2026-03-02 09:00:00,1.2039,3.274,54.5,0.687,0.5661,,
2026-03-02 10:00:00,1.1944,4.246,45.2,0.687,0.5756000000000001,,
2026-03-02 11:00:00,1.207,4.428,46.6,0.687,0.563,,
2026-03-02 12:00:00,,4.766,44.9,0.687,,,
2026-03-02 13:00:00,1.2133,4.844,53.4,0.687,0.5567,,
2026-03-02 14:00:00,1.207,5.282,56.2,0.687,0.563,,
2026-03-02 15:00:00,1.2164,5.385,55.7,0.687,0.5536000000000001,,
2026-03-02 16:00:00,,5.334,63.4,0.687,,,
2026-03-02 17:00:00,1.2133,4.636,69.1,0.687,0.5567,,
2026-03-02 18:00:00,1.2227,3.089,73.9,0.687,0.5473000000000001,,
2026-03-02 19:00:00,1.1882,2.584,71.4,0.687,0.5818000000000001,,
2026-03-02 20:00:00,1.2196,2.557,67.2,0.66,0.5504,,
2026-03-02 21:00:00,,2.797,61.2,0.66,,,
2026-03-02 22:00:00,1.207,2.744,68.3,0.66,0.563,,
2026-03-02 23:00:00,1.2259,2.956,83.6,0.66,0.5441,,
2026-03-03 00:00:00,1.2259,2.503,88.2,0.66,0.5441,,
2026-03-03 01:00:00,,2.343,92.4,0.66,,,
2026-03-03 02:00:00,1.2164,2.101,92.9,0.632,0.5536000000000001,,
2026-03-03 03:00:00,,1.751,94.9,0.632,,,
2026-03-03 04:00:00,1.2321,1.425,95.2,0.632,0.5379,,
2026-03-03 05:00:00,,1.235,95.8,0.632,,,
2026-03-03 06:00:00,1.2416,0.962,96.7,0.632,0.5284,,
2026-03-03 07:00:00,1.2447,0.577,96.9,0.632,0.5253000000000001,,
2026-03-03 08:00:00,1.2447,0.356,98.0,0.632,0.5253000000000001,,
2026-03-03 09:00:00,1.2478,0.715,96.8,0.632,0.5222,,
2026-03-03 10:00:00,1.2384,1.017,96.9,0.632,0.5316000000000001,,
2026-03-03 11:00:00,1.2447,1.507,96.8,0.605,0.5253000000000001,,
2026-03-03 12:00:00,1.2478,1.832,96.6,0.605,0.5222,,
2026-03-03 13:00:00,1.2259,1.697,96.4,0.605,0.5441,,
2026-03-03 14:00:00,1.2541,1.994,96.9,0.605,0.5159,,
2026-03-03 15:00:00,1.251,1.751,97.2,0.605,0.5190000000000001,,
2026-03-03 16:00:00,1.2635,2.155,96.7,0.605,0.5065,,
2026-03-03 17:00:00,1.2698,1.913,97.7,0.605,0.5002,,
2026-03-03 18:00:00,1.2635,1.886,96.3,0.577,0.5065,,
2026-03-03 19:00:00,,1.507,97.6,0.577,,,
2026-03-03 20:00:00,,0.742,98.0,0.577,,,
2026-03-03 21:00:00,1.2887,0.687,98.5,0.577,0.48130000000000006,,
2026-03-03 22:00:00,,0.77,98.6,0.577,,,
2026-03-03 23:00:00,1.273,0.715,98.0,0.577,0.4970000000000001,,
2026-03-04 00:00:00,1.2792,0.467,97.1,0.577,0.4908000000000001,,
2026-03-04 01:00:00,1.2824,0.329,96.7,0.577,0.48760000000000003,,
2026-03-04 02:00:00,1.2824,0.412,95.5,0.577,0.48760000000000003,,
2026-03-04 03:00:00,1.2761,-0.004,97.6,0.577,0.4939,,
2026-03-04 04:00:00,1.2761,-0.004,96.8,0.577,0.4939,,
2026-03-04 05:00:00,1.2792,-0.227,96.6,0.577,0.4908000000000001,,
2026-03-04 06:00:00,1.2761,-0.62,96.9,0.577,0.4939,,
2026-03-04 07:00:00,1.2792,-0.535,97.3,0.577,0.4908000000000001,,
2026-03-04 08:00:00,1.2824,-0.479,96.3,0.605,0.48760000000000003,,
2026-03-04 09:00:00,1.2824,0.051,96.3,0.577,0.48760000000000003,,
2026-03-04 10:00:00,1.2824,0.962,94.7,0.605,0.48760000000000003,,
2026-03-04 11:00:00,1.2855,1.153,94.3,0.605,0.48449999999999993,,
2026-03-04 12:00:00,1.2792,1.507,94.9,0.605,0.4908000000000001,,
2026-03-04 13:00:00,1.2761,0.907,95.0,0.605,0.4939,,
2026-03-04 14:00:00,,1.126,97.0,0.605,,,
2026-03-04 15:00:00,1.4206,1.18,98.6,0.605,0.34939999999999993,,
2026-03-04 16:00:00,1.2604,-0.507,100.0,0.605,0.5096,,
2026-03-04 17:00:00,1.2824,-0.563,100.0,0.632,0.48760000000000003,,
2026-03-04 18:00:00,1.2761,-0.76,100.0,0.632,0.4939,,
2026-03-04 19:00:00,1.2761,-0.93,100.0,0.632,0.4939,,
2026-03-04 20:00:00,1.4174,-0.902,100.0,0.632,0.3526,,
2026-03-04 21:00:00,1.3986,-1.1,100.0,0.632,0.37139999999999995,,
2026-03-04 22:00:00,1.2855,-1.185,100.0,0.632,0.48449999999999993,,
2026-03-04 23:00:00,1.2792,-1.441,100.0,0.632,0.4908000000000001,,
2026-03-05 00:00:00,1.2792,-1.641,100.0,0.66,0.4908000000000001,,
2026-03-05 01:00:00,1.2887,-2.015,100.0,0.66,0.48130000000000006,,
2026-03-05 02:00:00,1.2824,-2.537,100.0,0.66,0.48760000000000003,,
2026-03-05 03:00:00,1.2824,-2.654,99.9,0.66,0.48760000000000003,,
2026-03-05 04:00:00,1.2918,-2.918,99.9,0.66,0.47819999999999996,,
2026-03-05 05:00:00,1.2824,-3.124,99.7,0.66,0.48760000000000003,,
2026-03-05 06:00:00,1.2824,-3.094,99.7,0.66,0.48760000000000003,,
2026-03-05 07:00:00,1.2918,-3.035,99.6,0.66,0.47819999999999996,,
2026-03-05 08:00:00,1.2824,-2.742,99.7,0.66,0.48760000000000003,,
2026-03-05 09:00:00,1.2698,-2.305,100.0,0.66,0.5002,,
2026-03-05 10:00:00,1.2918,-1.929,100.0,0.66,0.47819999999999996,,
2026-03-05 11:00:00,1.2855,-1.327,100.0,0.66,0.48449999999999993,,
2026-03-05 12:00:00,1.2887,-0.06,100.0,0.66,0.48130000000000006,,
2026-03-05 13:00:00,1.2887,-0.451,100.0,0.687,0.48130000000000006,,
2026-03-05 14:00:00,1.2855,-0.171,100.0,0.687,0.48449999999999993,,
2026-03-05 15:00:00,1.2887,-0.06,100.0,0.66,0.48130000000000006,,
2026-03-05 16:00:00,1.295,0.051,100.0,0.687,0.4750000000000001,,
2026-03-05 17:00:00,1.2981,0.079,100.0,0.687,0.4719,,
2026-03-05 18:00:00,1.295,0.135,100.0,0.687,0.4750000000000001,,
2026-03-05 19:00:00,,0.301,100.0,0.687,,,
2026-03-05 20:00:00,1.2824,0.329,100.0,0.687,0.48760000000000003,,
2026-03-05 21:00:00,1.273,0.356,100.0,0.687,0.4970000000000001,,
2026-03-05 22:00:00,1.3012,0.495,100.0,0.66,0.4688000000000001,,
2026-03-05 23:00:00,1.2887,0.55,100.0,0.66,0.48130000000000006,,
2026-03-06 00:00:00,1.273,0.77,100.0,0.66,0.4970000000000001,,
2026-03-06 01:00:00,1.2604,0.825,100.0,0.66,0.5096,,
2026-03-06 02:00:00,1.2792,0.962,100.0,0.66,0.4908000000000001,,
2026-03-06 03:00:00,1.295,1.017,100.0,0.66,0.4750000000000001,,
2026-03-06 04:00:00,1.295,1.044,100.0,0.66,0.4750000000000001,,
2026-03-06 05:00:00,1.2981,1.017,100.0,0.66,0.4719,,
2026-03-06 06:00:00,1.2918,1.453,100.0,0.66,0.47819999999999996,,
2026-03-06 07:00:00,1.2981,1.588,100.0,0.66,0.4719,,
2026-03-06 08:00:00,1.2981,1.778,100.0,0.66,0.4719,,
2026-03-06 09:00:00,1.2541,1.94,100.0,0.66,0.5159,,
2026-03-06 10:00:00,1.2918,2.128,100.0,0.632,0.47819999999999996,,
2026-03-06 11:00:00,1.295,2.128,100.0,0.632,0.4750000000000001,,
2026-03-06 12:00:00,1.2981,2.074,100.0,0.632,0.4719,,
2026-03-06 13:00:00,1.2887,2.074,100.0,0.605,0.48130000000000006,,
2026-03-06 14:00:00,1.3075,2.396,100.0,0.577,0.4624999999999999,,
2026-03-06 15:00:00,,2.182,100.0,0.522,,,
2026-03-06 16:00:00,1.3232,2.128,100.0,0.522,0.4468000000000001,,
2026-03-06 17:00:00,1.3012,2.584,100.0,0.495,0.4688000000000001,,
2026-03-06 18:00:00,1.3075,2.128,100.0,0.467,0.4624999999999999,,
2026-03-06 19:00:00,1.3138,2.37,100.0,0.467,0.45619999999999994,,
2026-03-06 20:00:00,1.3107,2.69,100.0,0.439,0.45930000000000004,,
2026-03-06 21:00:00,1.3232,4.037,100.0,0.412,0.4468000000000001,,
2026-03-06 22:00:00,1.3138,4.376,100.0,0.412,0.45619999999999994,,
2026-03-06 23:00:00,1.2761,4.454,100.0,0.412,0.4939,,
2026-03-07 00:00:00,,4.74,100.0,0.412,,,
2026-03-07 01:00:00,1.3389,4.74,100.0,0.384,0.43110000000000004,,
2026-03-07 02:00:00,1.3389,4.246,100.0,0.384,0.43110000000000004,,
2026-03-07 03:00:00,1.3483,3.617,100.0,0.356,0.42169999999999996,,
2026-03-07 04:00:00,1.3421,3.274,100.0,0.356,0.42789999999999995,,
2026-03-07 05:00:00,1.3483,2.343,100.0,0.356,0.42169999999999996,,
2026-03-07 06:00:00,1.3578,2.101,100.0,0.356,0.4122000000000001,,
2026-03-07 07:00:00,1.3264,2.289,100.0,0.356,0.4436,,
2026-03-07 08:00:00,1.3515,2.53,100.0,0.356,0.4185000000000001,,
2026-03-07 09:00:00,1.364,2.37,100.0,0.356,0.4059999999999999,,
2026-03-07 10:00:00,1.3515,2.717,100.0,0.356,0.4185000000000001,,
2026-03-07 11:00:00,1.364,1.94,100.0,0.356,0.4059999999999999,,
2026-03-07 12:00:00,1.3421,2.637,100.0,0.356,0.42789999999999995,,
2026-03-07 13:00:00,1.3578,2.101,100.0,0.356,0.4122000000000001,,
2026-03-07 14:00:00,1.3703,3.221,100.0,0.329,0.39969999999999994,,
2026-03-07 15:00:00,,1.913,100.0,0.329,,,
2026-03-07 16:00:00,1.3609,2.047,100.0,0.329,0.4091,,
2026-03-07 17:00:00,1.3578,0.797,100.0,0.329,0.4122000000000001,,
2026-03-07 18:00:00,1.3766,0.301,100.0,0.301,0.39339999999999997,,
2026-03-07 19:00:00,1.3672,-0.255,100.0,0.301,0.40280000000000005,,
2026-03-07 20:00:00,1.3703,-0.367,100.0,0.301,0.39969999999999994,,
2026-03-07 21:00:00,1.3798,0.163,100.0,0.301,0.3902000000000001,,
2026-03-07 22:00:00,1.364,0.163,100.0,0.301,0.4059999999999999,,
2026-03-07 23:00:00,1.3609,-0.116,100.0,0.273,0.4091,,
2026-03-08 00:00:00,1.3672,-0.732,100.0,0.273,0.40280000000000005,,
2026-03-08 01:00:00,1.3578,-0.958,100.0,0.301,0.4122000000000001,,
2026-03-08 02:00:00,1.364,-2.247,100.0,0.301,0.4059999999999999,,
2026-03-08 03:00:00,1.3672,-2.625,100.0,0.301,0.40280000000000005,,
2026-03-08 04:00:00,1.3578,-2.947,100.0,0.301,0.4122000000000001,,
2026-03-08 05:00:00,1.3578,-3.896,100.0,0.356,0.4122000000000001,,
2026-03-08 06:00:00,1.3609,-3.986,100.0,0.356,0.4091,,
2026-03-08 07:00:00,1.364,-4.682,100.0,0.384,0.4059999999999999,,
2026-03-08 08:00:00,1.364,-5.667,99.7,0.384,0.4059999999999999,,
2026-03-08 09:00:00,1.3578,-5.172,99.1,0.412,0.4122000000000001,,
2026-03-08 10:00:00,1.3578,-4.865,98.9,0.412,0.4122000000000001,,
2026-03-08 11:00:00,1.3578,-4.499,99.2,0.412,0.4122000000000001,,
2026-03-08 12:00:00,1.3578,-3.896,99.5,0.439,0.4122000000000001,,
2026-03-08 13:00:00,1.3358,-4.016,99.8,0.439,0.4341999999999999,,
2026-03-08 14:00:00,,-4.257,99.8,0.467,,,
2026-03-08 15:00:00,1.3483,-3.896,99.8,0.467,0.42169999999999996,,
2026-03-08 16:00:00,1.3609,-4.197,99.7,0.467,0.4091,,
2026-03-08 17:00:00,1.364,-5.11,99.5,0.522,0.4059999999999999,,
2026-03-08 18:00:00,1.3389,-5.791,99.0,0.522,0.43110000000000004,,
2026-03-08 19:00:00,1.2918,-6.483,98.6,0.522,0.47819999999999996,,
2026-03-08 20:00:00,1.3169,-6.834,98.3,0.522,0.45310000000000006,,
2026-03-08 21:00:00,1.3012,-7.706,98.2,0.55,0.4688000000000001,,
2026-03-08 22:00:00,,-6.802,98.2,0.55,,,
2026-03-08 23:00:00,,-6.834,98.1,0.577,,,
2026-03-09 00:00:00,1.4237,-6.834,98.2,0.577,0.34630000000000005,,
2026-03-09 01:00:00,,-6.325,98.2,0.577,,,
2026-03-09 02:00:00,1.3389,-6.738,98.3,0.577,0.43110000000000004,,
2026-03-09 03:00:00,1.273,-6.898,98.1,0.577,0.4970000000000001,,
2026-03-09 04:00:00,1.4426,-7.026,98.1,0.577,0.3273999999999999,,
2026-03-09 05:00:00,1.452,-6.93,98.2,0.605,0.31800000000000006,,
2026-03-09 06:00:00,1.3138,-7.058,98.0,0.605,0.45619999999999994,,
2026-03-09 07:00:00,1.3138,-7.316,97.9,0.605,0.45619999999999994,,
2026-03-09 08:00:00,1.3138,-7.155,97.9,0.632,0.45619999999999994,,
2026-03-09 09:00:00,1.295,-6.77,98.0,0.632,0.4750000000000001,,
2026-03-09 10:00:00,1.3326,-6.579,98.1,0.632,0.4374,,
2026-03-09 11:00:00,,-6.199,98.2,0.632,,,
2026-03-09 12:00:00,1.4551,-5.885,98.3,0.632,0.31489999999999996,,
2026-03-09 13:00:00,1.3326,-5.574,98.6,0.632,0.4374,,
2026-03-09 14:00:00,1.3389,-5.449,98.3,0.632,0.43110000000000004,,
2026-03-09 15:00:00,1.4394,-6.105,98.3,0.66,0.3306,,
2026-03-09 16:00:00,1.3483,-5.823,98.7,0.66,0.42169999999999996,,
2026-03-09 17:00:00,1.3169,-6.199,98.4,0.66,0.45310000000000006,,
2026-03-09 18:00:00,1.3169,-6.579,98.1,0.66,0.45310000000000006,,
2026-03-09 19:00:00,,-7.026,97.9,0.687,,,
2026-03-09 20:00:00,,-7.026,98.0,0.687,,,
2026-03-09 21:00:00,,-7.251,97.8,0.687,,,
2026-03-09 22:00:00,1.4583,-7.316,97.8,0.687,0.3117000000000001,,
2026-03-09 23:00:00,,-6.866,98.0,0.687,,,
2026-03-10 00:00:00,1.4489,-6.77,98.1,0.687,0.32109999999999994,,
2026-03-10 01:00:00,1.4426,-6.515,98.2,0.687,0.3273999999999999,,
2026-03-10 02:00:00,1.452,-6.388,98.4,0.687,0.31800000000000006,,
2026-03-10 03:00:00,,-6.262,98.4,0.687,,,
2026-03-10 04:00:00,,-6.136,98.4,0.687,,,
2026-03-10 05:00:00,1.2698,-6.073,98.6,0.687,0.5002,,
2026-03-10 06:00:00,1.2761,-6.042,98.6,0.687,0.4939,,
2026-03-10 07:00:00,1.2384,-5.916,98.6,0.715,0.5316000000000001,,
2026-03-10 08:00:00,1.2667,-5.916,98.6,0.687,0.5033000000000001,,
2026-03-10 09:00:00,1.2792,-5.698,98.8,0.715,0.4908000000000001,,
2026-03-10 10:00:00,1.2196,-5.854,98.5,0.715,0.5504,,
2026-03-10 11:00:00,,-5.202,98.8,0.715,,,
2026-03-10 12:00:00,,-5.76,98.4,0.715,,,
2026-03-10 13:00:00,1.1756,-4.987,98.8,0.715,0.5944,,
2026-03-10 14:00:00,1.1662,-4.834,98.8,0.715,0.6038000000000001,,
2026-03-10 15:00:00,1.1756,-4.957,98.6,0.715,0.5944,,
2026-03-10 16:00:00,1.1725,-5.854,98.5,0.715,0.5974999999999999,,
2026-03-10 17:00:00,,-5.667,98.6,0.715,,,
2026-03-10 18:00:00,,-6.452,98.0,0.742,,,
2026-03-10 19:00:00,1.2541,-6.642,98.0,0.742,0.5159,,
2026-03-10 20:00:00,,-6.515,98.1,0.742,,,
2026-03-10 21:00:00,,-6.738,97.9,0.742,,,
2026-03-10 22:00:00,,-6.515,98.3,0.742,,,
2026-03-10 23:00:00,1.3201,-6.515,98.2,0.742,0.44989999999999997,,
2026-03-11 00:00:00,,-6.706,98.0,0.742,,,
2026-03-11 01:00:00,1.1568,-6.77,97.9,0.742,0.6132,,
2026-03-11 02:00:00,1.1756,-6.136,98.3,0.742,0.5944,,
2026-03-11 03:00:00,1.1599,-5.948,98.4,0.742,0.6101000000000001,,
2026-03-11 04:00:00,,-5.76,98.6,0.742,,,
2026-03-11 05:00:00,,-5.449,98.6,0.742,,,
2026-03-11 06:00:00,1.1505,-5.202,98.7,0.742,0.6194999999999999,,
2026-03-11 07:00:00,1.1316,-5.079,98.7,0.742,0.6384000000000001,,
2026-03-11 08:00:00,1.1348,-4.987,98.8,0.742,0.6352,,
2026-03-11 09:00:00,1.163,-4.56,98.9,0.742,0.607,,
2026-03-11 10:00:00,1.1662,-3.807,99.1,0.742,0.6038000000000001,,
2026-03-11 11:00:00,1.2541,-3.124,99.7,0.742,0.5159,,
2026-03-11 12:00:00,1.163,-2.742,99.9,0.742,0.607,,
2026-03-11 13:00:00,1.1285,-2.625,100.0,0.742,0.6415,,
2026-03-11 14:00:00,1.2353,-2.247,100.0,0.742,0.5347,,
2026-03-11 15:00:00,1.2384,-2.566,100.0,0.742,0.5316000000000001,,
2026-03-11 16:00:00,,-2.16,100.0,0.742,,,
2026-03-11 17:00:00,1.2102,-2.247,100.0,0.742,0.5598000000000001,,
2026-03-11 18:00:00,,-2.712,100.0,0.742,,,
2026-03-11 19:00:00,1.0405,-3.986,100.0,0.742,0.7295,,
2026-03-11 20:00:00,1.0248,-5.11,99.5,0.742,0.7452000000000001,,
2026-03-11 21:00:00,1.0186,-5.48,99.1,0.742,0.7514000000000001,,
2026-03-11 22:00:00,1.0217,-5.574,99.1,0.742,0.7483,,
2026-03-11 23:00:00,1.028,-5.885,98.9,0.77,0.742,,
2026-03-12 00:00:00,1.0311,-6.168,98.7,0.77,0.7389000000000001,,
2026-03-12 01:00:00,,-6.042,98.9,0.77,,,
2026-03-12 02:00:00,1.0437,-5.823,99.0,0.77,0.7263,,
2026-03-12 03:00:00,1.0531,-5.885,99.0,0.77,0.7169000000000001,,
2026-03-12 04:00:00,,-6.01,98.9,0.77,,,
2026-03-12 05:00:00,,-6.706,98.4,0.77,,,
2026-03-12 06:00:00,,-7.058,98.1,0.77,,,
2026-03-12 07:00:00,,-7.09,98.1,0.77,,,
2026-03-12 08:00:00,1.0531,-7.058,98.0,0.77,0.7169000000000001,,
2026-03-12 09:00:00,1.1976,-6.61,98.3,0.77,0.5724,,
2026-03-12 10:00:00,,-6.42,98.3,0.77,,,
2026-04-01 10:01:18,1.1913,537.327,99.4,0.632,0.5787,1.19,0.58
2026-04-01 11:01:18,,537.327,99.7,0.66,,,
2026-04-01 12:01:18,,537.327,99.8,0.66,,,
2026-04-01 13:01:18,1.1285,537.327,100.0,0.66,0.6415,,
2026-04-01 14:01:18,1.1442,537.327,100.0,0.66,0.6257999999999999,,
2026-04-01 15:01:18,,537.327,100.0,0.66,,,
2026-04-01 16:01:18,1.1285,537.327,100.0,0.66,0.6415,,
2026-04-01 17:01:18,1.1473,537.327,100.0,0.66,0.6227,,
2026-04-01 18:01:18,1.1442,537.327,100.0,0.66,0.6257999999999999,,
2026-04-01 19:01:18,,537.327,100.0,0.66,,,
2026-04-01 20:01:18,1.1379,537.327,100.0,0.66,0.6321000000000001,,
2026-04-01 21:01:18,1.1411,537.327,100.0,0.66,0.6289,,
2026-04-01 22:01:18,1.1002,537.327,100.0,0.66,0.6698,,
2026-04-01 23:01:18,,537.327,100.0,0.66,,,
2026-04-02 00:01:18,1.1442,537.327,100.0,0.66,0.6257999999999999,,
2026-04-02 01:01:18,1.1442,537.327,100.0,0.66,0.6257999999999999,,
2026-04-02 02:01:18,1.1159,537.327,100.0,0.66,0.6541000000000001,,
2026-04-02 03:01:18,1.1159,537.327,100.0,0.66,0.6541000000000001,,
2026-04-02 04:01:18,1.1316,537.327,100.0,0.66,0.6384000000000001,,
2026-04-02 05:01:18,1.2824,537.327,100.0,0.66,0.48760000000000003,,
2026-04-02 06:01:18,,537.327,100.0,0.66,,,
2026-04-02 07:01:18,1.1473,537.327,100.0,0.66,0.6227,,
2026-04-02 08:01:18,1.1473,537.327,100.0,0.66,0.6227,,
2026-04-02 09:01:18,1.1505,537.327,100.0,0.66,0.6194999999999999,,
2026-04-02 10:01:18,1.1505,537.327,100.0,0.632,0.6194999999999999,,
2026-04-02 11:01:18,1.1505,537.327,100.0,0.66,0.6194999999999999,,
2026-04-02 12:01:18,1.1442,537.327,100.0,0.66,0.6257999999999999,,
2026-04-02 13:01:18,,537.327,100.0,0.632,,,
2026-04-02 14:01:18,1.1536,537.327,99.2,0.66,0.6164000000000001,,
2026-04-02 15:01:18,1.1411,351.436,99.2,0.632,0.6289,,
2026-04-02 16:01:18,1.1442,40.085,97.9,0.66,0.6257999999999999,,
2026-04-02 17:01:18,1.1473,54.413,97.4,0.632,0.6227,,
2026-04-02 18:01:18,1.1505,38.143,99.4,0.66,0.6194999999999999,,
2026-04-02 19:01:18,1.1568,46.673,98.5,0.66,0.6132,,
2026-04-02 20:01:18,1.1568,537.327,98.2,0.66,0.6132,,
2026-04-02 21:01:18,1.1505,537.327,96.7,0.66,0.6194999999999999,,
2026-04-02 22:01:18,1.1505,537.327,92.5,0.66,0.6194999999999999,,
2026-04-02 23:01:18,1.1568,537.327,95.1,0.66,0.6132,,
2026-04-03 00:01:18,1.1505,537.327,96.1,0.66,0.6194999999999999,,
2026-04-03 01:01:18,1.1505,537.327,95.6,0.632,0.6194999999999999,,
2026-04-03 02:01:18,1.1348,537.327,95.6,0.632,0.6352,,
2026-04-03 03:01:18,1.1159,537.327,95.2,0.632,0.6541000000000001,,
2026-04-03 04:01:18,,537.327,93.4,0.632,,,
2026-04-03 05:01:18,1.1505,221.373,95.0,0.632,0.6194999999999999,,
2026-04-03 06:01:18,1.1536,52.528,96.2,0.632,0.6164000000000001,,
2026-04-03 07:01:18,1.1536,53.258,97.0,0.632,0.6164000000000001,,
2026-04-03 08:01:18,1.1096,36.039,97.0,0.632,0.6604000000000001,,
2026-04-03 09:01:18,1.163,35.049,96.3,0.632,0.607,,
2026-04-03 10:01:18,1.1568,28.097,96.8,0.632,0.6132,,
2026-04-03 11:01:18,1.1568,32.098,97.9,0.632,0.6132,,
2026-04-03 12:01:18,1.1505,28.097,98.8,0.632,0.6194999999999999,,
2026-04-03 13:01:18,1.1536,23.304,99.9,0.632,0.6164000000000001,,
2026-04-03 14:01:18,,26.231,99.3,0.632,,,
2026-04-03 15:01:18,1.1662,31.663,100.0,0.632,0.6038000000000001,,
2026-04-03 16:01:18,1.1536,16.177,100.0,0.632,0.6164000000000001,,
2026-04-03 17:01:18,1.1599,1.017,100.0,0.632,0.6101000000000001,,
2026-04-03 18:01:18,1.1662,1.126,100.0,0.632,0.6038000000000001,,
2026-04-03 19:01:18,1.1725,2.983,100.0,0.632,0.5974999999999999,,
2026-04-03 20:01:18,,0.88,100.0,0.632,,,
2026-04-03 21:01:18,1.1756,0.88,100.0,0.632,0.5944,,
2026-04-03 22:01:18,1.1693,0.412,100.0,0.632,0.6007,,
2026-04-03 23:01:18,1.1756,0.577,100.0,0.632,0.5944,,
2026-04-04 00:01:18,1.1819,537.327,100.0,0.632,0.5881000000000001,,
2026-04-04 01:01:18,,537.327,100.0,0.632,,,
2026-04-04 02:01:18,1.1756,537.327,100.0,0.605,0.5944,,
2026-04-04 03:01:18,1.1819,537.327,100.0,0.605,0.5881000000000001,,
2026-04-04 04:01:18,1.1819,136.576,100.0,0.605,0.5881000000000001,,
2026-04-04 05:01:18,,537.327,99.6,0.577,,,
2026-04-04 06:01:18,1.1819,537.327,100.0,0.577,0.5881000000000001,,
2026-04-04 07:01:18,1.1819,537.327,100.0,0.577,0.5881000000000001,,
2026-04-04 08:01:18,,537.327,99.7,0.577,,,
2026-04-04 09:01:18,1.1882,537.327,99.6,0.577,0.5818000000000001,,
2026-04-04 10:01:18,1.1819,537.327,100.0,0.577,0.5881000000000001,,
2026-04-04 11:01:18,1.185,537.327,100.0,0.577,0.585,,
2026-04-04 12:01:18,1.185,537.327,100.0,0.577,0.585,,
2026-04-04 13:01:18,1.1944,537.327,99.6,0.577,0.5756000000000001,,
2026-04-04 14:01:18,1.2007,537.327,99.5,0.577,0.5692999999999999,,
2026-04-04 15:01:18,1.2039,537.327,97.6,0.577,0.5661,,
2026-04-04 16:01:18,1.1442,537.327,99.2,0.577,0.6257999999999999,,
2026-04-04 17:01:18,1.2039,537.327,98.9,0.55,0.5661,,
2026-04-04 18:01:18,1.2102,537.327,98.5,0.577,0.5598000000000001,,
2026-04-04 19:01:18,1.207,537.327,98.8,0.55,0.563,,
2026-04-04 20:01:18,1.2133,537.327,99.4,0.55,0.5567,,
2026-04-04 21:01:18,1.207,537.327,98.0,0.55,0.563,,
2026-04-04 22:01:18,1.207,537.327,97.9,0.522,0.563,,
2026-04-04 23:01:18,1.2102,537.327,91.9,0.522,0.5598000000000001,,
2026-04-05 00:01:18,1.2196,537.327,85.2,0.522,0.5504,,
2026-04-05 01:01:18,1.2196,537.327,84.0,0.522,0.5504,,
2026-04-05 02:01:18,1.2259,537.327,80.9,0.522,0.5441,,
2026-04-05 03:01:18,1.1944,537.327,76.5,0.522,0.5756000000000001,,
2026-04-05 04:01:18,1.2133,537.327,73.0,0.522,0.5567,,
2026-04-05 05:01:18,1.2133,537.327,70.6,0.522,0.5567,,
2026-04-05 06:01:18,1.2196,537.327,66.7,0.522,0.5504,,
2026-04-05 07:01:18,,537.327,63.6,0.522,,,
2026-04-05 08:01:18,1.2196,537.327,64.3,0.522,0.5504,,
2026-04-05 09:01:18,1.1787,537.327,60.2,0.522,0.5912999999999999,,
2026-04-05 10:01:18,1.2196,537.327,56.4,0.522,0.5504,,
2026-04-05 11:01:18,1.2384,537.327,53.5,0.522,0.5316000000000001,,
2026-04-05 12:01:18,1.229,537.327,57.1,0.495,0.5409999999999999,,
2026-04-05 13:01:18,1.2321,537.327,53.9,0.467,0.5379,,
2026-04-05 14:01:18,1.2353,537.327,58.5,0.467,0.5347,,
2026-04-05 15:01:18,1.2447,537.327,57.9,0.467,0.5253000000000001,,
2026-04-05 16:01:18,1.2573,537.327,50.4,0.439,0.5126999999999999,,
2026-04-05 17:01:18,1.2635,537.327,61.2,0.412,0.5065,,
2026-04-05 18:01:18,1.3735,537.327,67.4,0.412,0.3965000000000001,,
2026-04-05 19:01:18,1.4017,537.327,65.5,0.384,0.36830000000000007,,
2026-04-05 20:01:18,1.2604,537.327,68.7,0.356,0.5096,,
2026-04-05 21:01:18,1.2573,537.327,68.9,0.356,0.5126999999999999,,
2026-04-05 22:01:18,1.273,537.327,64.7,0.329,0.4970000000000001,,
2026-04-05 23:01:18,1.2855,537.327,57.4,0.329,0.48449999999999993,,
2026-04-06 00:01:18,1.2761,537.327,54.9,0.329,0.4939,,
2026-04-06 01:01:18,,537.327,51.5,0.329,,,
2026-04-06 02:01:18,1.2918,537.327,61.1,0.301,0.47819999999999996,,
2026-04-06 03:01:18,1.2887,537.327,56.8,0.301,0.48130000000000006,,
2026-04-06 04:01:18,1.2887,537.327,61.3,0.301,0.48130000000000006,,
2026-04-06 05:01:18,1.2855,537.327,59.6,0.301,0.48449999999999993,,
2026-04-06 06:01:18,1.2918,537.327,62.3,0.301,0.47819999999999996,,
2026-04-06 07:01:18,,537.327,62.7,0.301,,,
2026-04-06 08:01:18,1.3107,537.327,83.3,0.301,0.45930000000000004,,
2026-04-06 09:01:18,1.2981,537.327,71.8,0.301,0.4719,,
2026-04-06 10:01:18,,537.327,91.5,0.301,,,
2026-04-06 11:01:18,1.3044,537.327,91.1,0.301,0.4656,,
2026-04-06 12:01:18,,537.327,90.8,0.301,,,
2026-04-06 13:01:18,1.295,537.327,94.0,0.301,0.4750000000000001,,
2026-04-06 14:01:18,1.3012,537.327,96.9,0.301,0.4688000000000001,,
2026-04-06 15:01:18,1.2824,537.327,97.8,0.329,0.48760000000000003,,
2026-04-06 16:01:18,1.2887,537.327,98.1,0.329,0.48130000000000006,,
2026-04-06 17:01:18,1.2981,537.327,98.1,0.329,0.4719,,
2026-04-06 18:01:18,1.2887,537.327,96.6,0.329,0.48130000000000006,,
2026-04-06 19:01:18,1.2981,537.327,90.9,0.329,0.4719,,
2026-04-06 20:01:18,1.295,537.327,86.3,0.356,0.4750000000000001,,
2026-04-06 21:01:18,,537.327,88.2,0.356,,,
2026-04-06 22:01:18,1.2698,537.327,91.0,0.356,0.5002,,
2026-04-06 23:01:18,1.295,537.327,92.0,0.356,0.4750000000000001,,
2026-04-07 00:01:18,1.2887,537.327,90.9,0.384,0.48130000000000006,,
2026-04-07 01:01:18,1.295,537.327,87.8,0.384,0.4750000000000001,,
2026-04-07 02:01:18,1.251,537.327,88.6,0.384,0.5190000000000001,,
2026-04-07 03:01:18,1.2887,537.327,89.2,0.412,0.48130000000000006,,
2026-04-07 04:01:18,,537.327,87.0,0.412,,,
2026-04-07 05:01:18,,537.327,85.1,0.412,,,
2026-04-07 06:01:18,1.2918,537.327,75.3,0.412,0.47819999999999996,,
2026-04-07 07:01:18,,537.327,84.1,0.412,,,
2026-04-07 08:01:18,1.2887,537.327,83.3,0.439,0.48130000000000006,,
2026-04-07 09:01:18,1.2887,537.327,82.3,0.439,0.48130000000000006,,
2026-04-07 10:01:18,1.2887,537.327,82.8,0.412,0.48130000000000006,,
2026-04-07 11:01:18,1.2887,537.327,83.9,0.412,0.48130000000000006,,
2026-04-07 12:01:18,1.295,537.327,80.1,0.412,0.4750000000000001,,
2026-04-07 13:01:18,1.4269,537.327,81.1,0.439,0.34309999999999996,,
2026-04-07 14:01:18,,537.327,79.2,0.439,,,
2026-04-07 15:01:18,1.3044,537.327,78.1,0.439,0.4656,,
2026-04-07 16:01:18,1.295,537.327,78.4,0.439,0.4750000000000001,,
2026-04-07 17:01:18,1.3044,537.327,77.3,0.439,0.4656,,
2026-04-07 18:01:18,1.2635,537.327,84.9,0.467,0.5065,,
2026-04-07 19:01:18,,537.327,90.2,0.467,,,
2026-04-07 20:01:18,1.3012,537.327,88.8,0.467,0.4688000000000001,,
2026-04-07 21:01:18,1.3012,537.327,83.0,0.467,0.4688000000000001,,
2026-04-07 22:01:18,1.3075,537.327,79.7,0.467,0.4624999999999999,,
2026-04-07 23:01:18,1.2981,537.327,78.2,0.467,0.4719,,
2026-04-08 00:01:18,,537.327,81.7,0.467,,,
2026-04-08 01:01:18,1.2416,537.327,75.2,0.467,0.5284,,
2026-04-08 02:01:18,,537.327,73.3,0.467,,,
2026-04-08 03:01:18,1.2981,537.327,73.5,0.467,0.4719,,
2026-04-08 04:01:18,1.2981,537.327,70.5,0.495,0.4719,,
2026-04-08 05:01:18,1.295,537.327,72.7,0.495,0.4750000000000001,,
2026-04-08 06:01:18,1.295,537.327,67.6,0.495,0.4750000000000001,,
2026-04-08 07:01:18,1.295,537.327,69.8,0.522,0.4750000000000001,,
2026-04-08 08:01:18,1.295,537.327,65.5,0.522,0.4750000000000001,,
2026-04-08 09:01:18,1.3044,537.327,70.6,0.495,0.4656,,
2026-04-08 10:01:18,1.3012,537.327,76.5,0.522,0.4688000000000001,,
2026-04-08 11:01:18,1.2918,537.327,76.4,0.522,0.47819999999999996,,
2026-04-08 12:01:18,1.2635,537.327,69.9,0.522,0.5065,,
2026-04-08 13:01:18,1.2981,537.327,70.0,0.522,0.4719,,
2026-04-08 14:01:18,1.2981,537.327,70.8,0.522,0.4719,,
2026-04-08 15:01:18,,537.327,69.2,0.522,,,
2026-04-08 16:01:18,1.3107,537.327,78.2,0.522,0.45930000000000004,,
2026-04-08 17:01:18,1.3075,537.327,73.9,0.522,0.4624999999999999,,
2026-04-08 18:01:18,,537.327,72.9,0.522,,,
2026-04-08 19:01:18,1.3107,537.327,73.1,0.522,0.45930000000000004,,
2026-04-08 20:01:18,1.3044,537.327,76.4,0.522,0.4656,,
2026-04-08 21:01:18,1.4331,537.327,75.3,0.522,0.3369,,
2026-04-08 22:01:18,1.4394,537.327,72.7,0.522,0.3306,,
2026-04-08 23:01:18,1.3044,537.327,73.0,0.522,0.4656,,
2026-04-09 00:01:18,1.3044,537.327,69.7,0.522,0.4656,,
2026-04-09 01:01:18,1.3107,537.327,61.9,0.522,0.45930000000000004,,
2026-04-09 02:01:18,1.3044,537.327,56.1,0.522,0.4656,,
2026-04-09 03:01:18,1.3012,537.327,51.5,0.522,0.4688000000000001,,
2026-04-09 04:01:18,,537.327,52.9,0.522,,,
2026-04-09 05:01:18,1.3075,537.327,50.5,0.522,0.4624999999999999,,
2026-04-09 06:01:18,1.3107,537.327,49.3,0.522,0.45930000000000004,,
2026-04-09 07:01:18,1.3012,537.327,49.8,0.522,0.4688000000000001,,
2026-04-09 08:01:18,1.3012,537.327,50.5,0.522,0.4688000000000001,,
2026-04-09 09:01:18,1.3012,537.327,53.0,0.522,0.4688000000000001,,
2026-04-09 10:01:18,1.3169,537.327,50.2,0.522,0.45310000000000006,,
2026-04-09 11:01:18,1.3138,537.327,60.1,0.522,0.45619999999999994,,
2026-04-09 12:01:18,1.3075,537.327,60.8,0.522,0.4624999999999999,,
2026-04-09 13:01:18,1.3169,537.327,62.6,0.522,0.45310000000000006,,
2026-04-09 14:01:18,1.3264,537.327,62.3,0.522,0.4436,,
2026-04-09 15:01:18,,537.327,61.4,0.522,,,
2026-04-09 16:01:18,1.3326,537.327,63.1,0.522,0.4374,,
2026-04-09 17:01:18,1.3389,537.327,62.6,0.522,0.43110000000000004,,
2026-04-09 18:01:18,1.3295,537.327,65.7,0.522,0.4405000000000001,,
2026-04-09 19:01:18,1.3326,537.327,72.1,0.522,0.4374,,
2026-04-09 20:01:18,1.3326,537.327,64.6,0.522,0.4374,,
2026-04-09 21:01:18,1.3452,537.327,60.0,0.495,0.42480000000000007,,
2026-04-09 22:01:18,1.3326,537.327,56.6,0.467,0.4374,,
2026-04-09 23:01:18,1.3515,537.327,49.3,0.467,0.4185000000000001,,
2026-04-10 00:01:18,1.3452,537.327,37.1,0.467,0.42480000000000007,,
2026-04-10 01:01:18,1.3389,537.327,36.9,0.467,0.43110000000000004,,
2026-04-10 02:01:18,1.3326,537.327,41.3,0.439,0.4374,,
2026-04-10 03:01:18,1.3358,537.327,48.5,0.439,0.4341999999999999,,
2026-04-10 04:01:18,1.3389,537.327,52.1,0.439,0.43110000000000004,,
2026-04-10 05:01:18,1.3421,537.327,56.0,0.439,0.42789999999999995,,
2026-04-10 06:01:18,1.3421,537.327,56.3,0.439,0.42789999999999995,,
2026-04-10 07:01:18,,537.327,64.0,0.439,,,
2026-04-10 08:01:18,1.3515,537.327,67.2,0.439,0.4185000000000001,,
2026-04-10 09:01:18,1.3389,537.327,67.0,0.439,0.43110000000000004,,
2026-04-10 10:01:18,1.3483,537.327,58.2,0.412,0.42169999999999996,,
2026-04-10 11:01:18,1.364,537.327,57.5,0.439,0.4059999999999999,,
2026-04-10 12:01:18,1.3578,537.327,55.3,0.412,0.4122000000000001,,
2026-04-10 13:01:18,1.3483,537.327,56.7,0.412,0.42169999999999996,,
2026-04-10 14:01:18,1.3515,537.327,50.9,0.412,0.4185000000000001,,
2026-04-10 15:01:18,1.3578,537.327,47.9,0.412,0.4122000000000001,,
2026-04-10 16:01:18,1.3609,537.327,50.4,0.412,0.4091,,
2026-04-10 17:01:18,1.3483,537.327,53.3,0.412,0.42169999999999996,,
2026-04-10 18:01:18,1.3483,537.327,58.8,0.384,0.42169999999999996,,
2026-04-10 19:01:18,1.364,537.327,72.0,0.384,0.4059999999999999,,
2026-04-10 20:01:18,1.3609,537.327,77.1,0.356,0.4091,,
2026-04-10 21:01:18,1.3578,537.327,73.9,0.356,0.4122000000000001,,
2026-04-10 22:01:18,1.3703,537.327,76.8,0.356,0.39969999999999994,,
2026-04-10 23:01:18,,537.327,92.3,0.356,,,
2026-04-11 00:01:18,1.3703,537.327,92.0,0.329,0.39969999999999994,,
2026-04-11 01:01:18,1.3798,537.327,92.0,0.329,0.3902000000000001,,
2026-04-11 02:01:18,1.4017,537.327,90.4,0.329,0.36830000000000007,,
2026-04-11 03:01:18,1.3829,537.327,90.7,0.329,0.3871,,
2026-04-11 04:01:18,1.3766,537.327,90.8,0.329,0.39339999999999997,,
2026-04-11 05:01:18,1.3766,537.327,89.3,0.329,0.39339999999999997,,
2026-04-11 06:01:18,1.3735,537.327,88.7,0.329,0.3965000000000001,,
2026-04-11 07:01:18,1.386,537.327,89.3,0.329,0.3840000000000001,,
2026-04-11 08:01:18,1.3735,537.327,88.3,0.329,0.3965000000000001,,
2026-04-11 09:01:18,1.3955,537.327,85.4,0.301,0.37450000000000006,,
2026-04-11 10:01:18,1.3986,537.327,88.7,0.301,0.37139999999999995,,
2026-04-11 11:01:18,1.3672,537.327,84.0,0.301,0.40280000000000005,,
2026-04-11 12:01:18,1.3452,537.327,83.5,0.301,0.42480000000000007,,
2026-04-11 13:01:18,1.4143,537.327,78.0,0.301,0.3557000000000001,,
2026-04-11 14:01:18,1.3986,537.327,74.3,0.301,0.37139999999999995,,
2026-04-11 15:01:18,,537.327,82.0,0.301,,,
2026-04-11 16:01:18,1.4017,537.327,91.3,0.301,0.36830000000000007,,
2026-04-11 17:01:18,1.408,537.327,92.6,0.301,0.3620000000000001,,
2026-04-11 18:01:18,1.4237,537.327,94.4,0.301,0.34630000000000005,,
2026-04-11 19:01:18,1.4269,537.327,95.8,0.301,0.34309999999999996,,
2026-04-11 20:01:18,1.4143,537.327,96.5,0.301,0.3557000000000001,,
2026-04-11 21:01:18,1.4206,537.327,96.0,0.301,0.34939999999999993,,
2026-04-11 22:01:18,1.4143,537.327,96.3,0.301,0.3557000000000001,,
2026-04-11 23:01:18,1.4174,537.327,97.9,0.301,0.3526,,
2026-04-12 00:01:18,1.4237,537.327,97.3,0.301,0.34630000000000005,,
2026-04-12 01:01:18,1.4269,537.327,97.0,0.301,0.34309999999999996,,
2026-04-12 02:01:18,1.43,537.327,97.4,0.301,0.3400000000000001,,
2026-04-12 03:01:18,1.4143,537.327,97.3,0.329,0.3557000000000001,,
2026-04-12 04:01:18,1.4237,537.327,97.6,0.329,0.34630000000000005,,
2026-04-12 05:01:18,1.4237,537.327,97.5,0.329,0.34630000000000005,,
2026-04-12 06:01:18,,537.327,97.9,0.356,,,
2026-04-12 07:01:18,1.4143,537.327,97.7,0.356,0.3557000000000001,,
2026-04-12 08:01:18,1.4237,537.327,98.6,0.356,0.34630000000000005,,
2026-04-12 09:01:18,,537.327,99.6,0.356,,,
2026-04-12 10:01:18,1.4331,537.327,99.1,0.356,0.3369,,
2026-04-12 11:01:18,,537.327,100.0,0.356,,,
2026-04-12 12:01:18,1.4237,537.327,100.0,0.356,0.34630000000000005,,
2026-04-12 13:01:18,1.4331,537.327,100.0,0.356,0.3369,,
2026-04-12 14:01:18,,537.327,100.0,0.384,,,
2026-04-12 15:01:18,,537.327,100.0,0.384,,,
2026-04-12 16:01:18,,537.327,100.0,0.384,,,
2026-04-12 17:01:18,,537.327,100.0,0.384,,,
2026-04-12 18:01:18,1.4331,537.327,100.0,0.412,0.3369,,
2026-04-12 19:01:18,1.43,537.327,100.0,0.412,0.3400000000000001,,
2026-04-12 20:01:18,1.4363,537.327,100.0,0.412,0.3337000000000001,,
2026-04-12 21:01:18,,537.327,100.0,0.412,,,
2026-04-12 22:01:18,1.4426,537.327,100.0,0.412,0.3273999999999999,,
2026-04-12 23:01:18,1.4551,537.327,100.0,0.412,0.31489999999999996,,
2026-04-13 00:01:18,1.4551,537.327,100.0,0.412,0.31489999999999996,,
2026-04-13 01:01:18,1.4551,537.327,100.0,0.412,0.31489999999999996,,
2026-04-13 02:01:18,,537.327,100.0,0.412,,,
2026-04-13 03:01:18,1.4489,537.327,100.0,0.439,0.32109999999999994,,
2026-04-13 04:01:18,1.4174,537.327,100.0,0.412,0.3526,,
2026-04-13 05:01:18,1.5682,537.327,100.0,0.439,0.20179999999999998,,
2026-04-13 06:01:18,,537.327,100.0,0.439,,,
2026-04-13 07:01:18,,537.327,100.0,0.439,,,
2026-04-13 08:01:18,1.4174,537.327,100.0,0.467,0.3526,,
2026-04-13 09:01:18,1.4363,537.327,99.9,0.467,0.3337000000000001,,
2026-04-13 10:01:18,,537.327,99.5,0.467,,,
2026-04-13 11:01:18,,537.327,96.8,0.467,,,
2026-04-13 12:01:18,,537.327,98.1,0.467,,,
2026-04-13 13:01:18,1.4394,537.327,91.8,0.467,0.3306,,
2026-04-13 14:01:18,1.4457,537.327,95.7,0.467,0.32430000000000003,,
2026-04-13 15:01:18,1.4394,537.327,97.3,0.467,0.3306,,
2026-04-13 16:01:18,1.4489,537.327,95.5,0.495,0.32109999999999994,,
2026-04-13 17:01:18,1.4551,537.327,95.7,0.495,0.31489999999999996,,
2026-04-13 18:01:18,1.408,537.327,98.1,0.522,0.3620000000000001,,
2026-04-13 19:01:18,,537.327,98.0,0.522,,,
2026-04-13 20:01:18,1.4426,537.327,97.3,0.522,0.3273999999999999,,
2026-04-13 21:01:18,1.452,537.327,96.8,0.522,0.31800000000000006,,
2026-04-13 22:01:18,1.5808,537.327,95.7,0.522,0.18920000000000003,,
2026-04-13 23:01:18,1.5619,537.327,93.4,0.522,0.20809999999999995,,
2026-04-14 00:01:18,,537.327,94.7,0.522,,,
2026-04-14 01:01:18,1.587,537.327,96.5,0.522,0.18300000000000005,,
2026-04-14 02:01:18,,537.327,98.5,0.522,,,
2026-04-14 03:01:18,1.4394,537.327,98.9,0.522,0.3306,,
2026-04-14 04:01:18,1.4551,537.327,99.1,0.522,0.31489999999999996,,
2026-04-14 05:01:18,1.4646,537.327,99.0,0.522,0.3054000000000001,,
2026-04-14 06:01:18,1.4237,537.327,99.0,0.522,0.34630000000000005,,
2026-04-14 07:01:18,,537.327,99.6,0.55,,,
2026-04-14 08:01:18,1.4551,537.327,99.7,0.55,0.31489999999999996,,
2026-04-14 09:01:18,1.4677,537.327,100.0,0.55,0.3023,,
2026-04-14 10:01:18,1.4551,537.327,100.0,0.55,0.31489999999999996,,
2026-04-14 11:01:18,1.5588,537.327,100.0,0.55,0.21120000000000005,,
2026-04-14 12:01:18,1.4771,537.327,100.0,0.55,0.29289999999999994,,
2026-04-14 13:01:18,,537.327,100.0,0.577,,,
2026-04-14 14:01:18,1.474,537.327,99.9,0.577,0.29600000000000004,,
2026-04-14 15:01:18,1.43,537.327,100.0,0.577,0.3400000000000001,,
2026-04-14 16:01:18,1.4489,537.327,99.9,0.577,0.32109999999999994,,
2026-04-14 17:01:18,1.4269,537.327,100.0,0.577,0.34309999999999996,,
2026-04-14 18:01:18,1.4614,537.327,99.2,0.577,0.3086,,
2026-04-14 19:01:18,1.4489,537.327,99.3,0.605,0.32109999999999994,,
2026-04-14 20:01:18,1.4457,537.327,98.9,0.605,0.32430000000000003,,
2026-04-14 21:01:18,1.4426,537.327,98.6,0.605,0.3273999999999999,,
2026-04-14 22:01:18,1.4394,537.327,98.3,0.605,0.3306,,
2026-04-14 23:01:18,,537.327,98.3,0.632,,,
2026-04-15 00:01:18,1.4426,537.327,98.6,0.605,0.3273999999999999,,
2026-04-15 01:01:18,1.452,537.327,98.4,0.632,0.31800000000000006,,
2026-04-15 02:01:18,1.4614,537.327,98.7,0.605,0.3086,,
2026-04-15 03:01:18,,537.327,99.0,0.605,,,
2026-04-15 04:01:18,1.4771,537.327,98.8,0.632,0.29289999999999994,,
2026-04-15 05:01:18,1.4771,537.327,98.8,0.605,0.29289999999999994,,
2026-04-15 06:01:18,1.5713,537.327,98.9,0.632,0.1987000000000001,,
2026-04-15 07:01:18,1.4583,537.327,98.8,0.632,0.3117000000000001,,
2026-04-15 08:01:18,1.4551,537.327,99.2,0.632,0.31489999999999996,,
2026-04-15 09:01:18,1.452,537.327,99.5,0.632,0.31800000000000006,,
2026-04-15 10:01:18,,537.327,99.5,0.632,,,
2026-04-15 11:01:18,1.4174,537.327,99.8,0.632,0.3526,,
2026-04-15 12:01:18,,537.327,99.9,0.632,,,
2026-04-15 13:01:18,1.4237,537.327,99.9,0.632,0.34630000000000005,,
2026-04-15 14:01:18,,537.327,99.7,0.632,,,
2026-04-15 15:01:18,,537.327,99.7,0.632,,,
2026-04-15 16:01:18,1.5556,537.327,99.3,0.632,0.21439999999999992,,
2026-04-15 17:01:18,1.5682,537.327,99.1,0.632,0.20179999999999998,,
2026-04-15 18:01:18,1.4237,537.327,99.5,0.632,0.34630000000000005,,
2026-04-15 19:01:18,1.3735,537.327,99.8,0.632,0.3965000000000001,,
2026-04-15 20:01:18,1.4206,537.327,99.5,0.632,0.34939999999999993,,
2026-04-15 21:01:18,1.4237,537.327,99.3,0.632,0.34630000000000005,,
2026-04-15 22:01:18,1.43,537.327,98.5,0.632,0.3400000000000001,,
2026-04-15 23:01:18,,537.327,97.9,0.632,,,
2026-04-16 00:01:18,1.4112,537.327,97.3,0.632,0.3588,,
2026-04-16 01:01:18,,537.327,96.2,0.632,,,
2026-04-16 02:01:18,1.4112,537.327,96.1,0.632,0.3588,,
2026-04-16 03:01:18,,537.327,95.8,0.632,,,
2026-04-16 04:01:18,1.4206,537.327,94.3,0.632,0.34939999999999993,,
2026-04-16 05:01:18,1.4112,537.327,95.6,0.632,0.3588,,
2026-04-16 06:01:18,1.4112,537.327,96.9,0.632,0.3588,,
2026-04-16 07:01:18,1.4112,537.327,97.6,0.632,0.3588,,
2026-04-16 08:01:18,1.4174,537.327,95.2,0.632,0.3526,,
2026-04-16 09:01:18,1.5525,537.327,97.6,0.632,0.21750000000000003,,
2026-04-16 10:01:18,,537.327,96.8,0.632,,,
2026-04-16 11:01:18,1.364,537.327,95.5,0.632,0.4059999999999999,,
2026-04-16 12:01:18,1.408,537.327,96.5,0.632,0.3620000000000001,,
2026-04-16 13:01:18,1.4112,537.327,93.6,0.632,0.3588,,
2026-04-16 14:01:18,,537.327,95.8,0.632,,,
2026-04-16 15:01:18,1.4206,537.327,94.4,0.632,0.34939999999999993,,
2026-04-16 16:01:18,1.4017,537.327,95.5,0.632,0.36830000000000007,,
2026-04-16 17:01:18,,537.327,97.0,0.632,,,
2026-04-16 18:01:18,1.4269,537.327,98.1,0.632,0.34309999999999996,,
2026-04-16 19:01:18,1.4426,537.327,98.1,0.632,0.3273999999999999,,
2026-04-16 20:01:18,1.4331,537.327,99.5,0.632,0.3369,,
2026-04-16 21:01:18,1.4331,537.327,97.9,0.632,0.3369,,
2026-04-16 22:01:18,1.4394,537.327,97.4,0.632,0.3306,,
2026-04-16 23:01:18,,537.327,95.8,0.632,,,
2026-04-17 00:01:18,1.4331,537.327,94.5,0.632,0.3369,,
2026-04-17 01:01:18,1.4331,537.327,93.4,0.632,0.3369,,
2026-04-17 02:01:18,1.4017,537.327,94.2,0.632,0.36830000000000007,,
2026-04-17 03:01:18,1.3766,537.327,94.3,0.632,0.39339999999999997,,
2026-04-17 04:01:18,1.43,537.327,93.1,0.632,0.3400000000000001,,
2026-04-17 05:01:18,,537.327,93.0,0.632,,,
2026-04-17 06:01:18,1.43,537.327,93.0,0.632,0.3400000000000001,,
2026-04-17 07:01:18,1.4237,537.327,93.3,0.632,0.34630000000000005,,
2026-04-17 08:01:18,1.4363,537.327,94.5,0.632,0.3337000000000001,,
2026-04-17 09:01:18,1.4269,537.327,92.0,0.632,0.34309999999999996,,
2026-04-17 10:01:18,,537.327,92.6,0.632,,,
2026-04-17 11:01:18,1.4394,537.327,93.3,0.632,0.3306,,
2026-04-17 12:01:18,1.43,537.327,92.1,0.632,0.3400000000000001,,
2026-04-17 13:01:18,1.4363,537.327,91.9,0.632,0.3337000000000001,,
2026-04-17 14:01:18,1.4174,537.327,93.2,0.632,0.3526,,
2026-04-17 15:01:18,,537.327,93.4,0.632,,,
2026-04-17 16:01:18,1.4237,537.327,95.2,0.632,0.34630000000000005,,
2026-04-17 17:01:18,1.4143,537.327,96.9,0.632,0.3557000000000001,,
2026-04-17 18:01:18,1.4174,537.327,98.4,0.632,0.3526,,
2026-04-17 19:01:18,1.4206,537.327,98.4,0.632,0.34939999999999993,,
2026-04-17 20:01:18,1.4331,537.327,97.1,0.632,0.3369,,
2026-04-17 21:01:18,1.4206,537.327,93.7,0.632,0.34939999999999993,,
2026-04-17 22:01:18,1.4206,537.327,94.0,0.632,0.34939999999999993,,
2026-04-17 23:01:18,1.3578,537.327,92.4,0.632,0.4122000000000001,,
2026-04-18 00:01:18,1.4174,537.327,89.7,0.632,0.3526,,
2026-04-18 01:01:18,1.43,537.327,90.8,0.632,0.3400000000000001,,
2026-04-18 02:01:18,1.4206,537.327,87.8,0.632,0.34939999999999993,,
2026-04-18 03:01:18,,537.327,86.2,0.632,,,
2026-04-18 04:01:18,1.4174,537.327,86.7,0.632,0.3526,,
2026-04-18 05:01:18,1.4269,537.327,86.3,0.632,0.34309999999999996,,
2026-04-18 06:01:18,1.4174,537.327,84.0,0.632,0.3526,,
2026-04-18 07:01:18,1.4269,537.327,80.8,0.632,0.34309999999999996,,
2026-04-18 08:01:18,1.4269,537.327,81.0,0.632,0.34309999999999996,,
2026-04-18 09:01:18,1.43,537.327,83.4,0.632,0.3400000000000001,,
2026-04-18 10:01:18,1.4206,537.327,82.2,0.632,0.34939999999999993,,
2026-04-18 11:01:18,1.4269,537.327,82.4,0.632,0.34309999999999996,,
2026-04-18 12:01:18,,537.327,83.9,0.632,,,
2026-04-18 13:01:18,1.5619,537.327,85.6,0.632,0.20809999999999995,,
2026-04-18 14:01:18,1.5588,537.327,85.7,0.632,0.21120000000000005,,
2026-04-18 15:01:18,,537.327,96.0,0.632,,,
2026-04-18 16:01:18,1.4174,537.327,96.7,0.632,0.3526,,
2026-04-18 17:01:18,1.4206,537.327,97.0,0.632,0.34939999999999993,,
2026-04-18 18:01:18,1.4331,537.327,97.5,0.632,0.3369,,
2026-04-18 19:01:18,1.4426,537.327,98.2,0.632,0.3273999999999999,,
2026-04-18 20:01:18,1.4269,537.327,98.6,0.632,0.34309999999999996,,
2026-04-18 21:01:18,1.4363,537.327,98.9,0.632,0.3337000000000001,,
2026-04-18 22:01:18,,537.327,99.3,0.632,,,
2026-04-18 23:01:18,1.4206,537.327,99.6,0.632,0.34939999999999993,,
2026-04-19 00:01:18,1.43,537.327,99.2,0.632,0.3400000000000001,,
2026-04-19 01:01:18,1.4363,537.327,99.7,0.632,0.3337000000000001,,
2026-04-19 02:01:18,1.4331,537.327,99.7,0.632,0.3369,,
2026-04-19 03:01:18,1.4363,537.327,99.7,0.632,0.3337000000000001,,
2026-04-19 04:01:18,1.4457,537.327,100.0,0.605,0.32430000000000003,,
2026-04-19 05:01:18,,537.327,100.0,0.605,,,
2026-04-19 06:01:18,1.4174,537.327,100.0,0.605,0.3526,,
2026-04-19 07:01:18,1.4583,537.327,100.0,0.577,0.3117000000000001,,
2026-04-19 08:01:18,1.4489,537.327,98.3,0.577,0.32109999999999994,,
2026-04-19 09:01:18,1.4551,537.327,94.1,0.55,0.31489999999999996,,
2026-04-19 10:01:18,1.4583,537.327,88.9,0.55,0.3117000000000001,,
2026-04-19 11:01:18,1.4583,537.327,81.5,0.522,0.3117000000000001,,
2026-04-19 12:01:18,1.4646,537.327,80.4,0.522,0.3054000000000001,,
2026-04-19 13:01:18,1.4583,537.327,72.7,0.522,0.3117000000000001,,
2026-04-19 14:01:18,1.4394,537.327,73.1,0.522,0.3306,,
2026-04-19 15:01:18,1.4583,537.327,69.6,0.467,0.3117000000000001,,
2026-04-19 16:01:18,1.4708,537.327,72.2,0.467,0.2991999999999999,,
2026-04-19 17:01:18,1.474,537.327,69.5,0.439,0.29600000000000004,,
2026-04-19 18:01:18,,537.327,72.5,0.412,,,
2026-04-19 19:01:18,1.4834,537.327,76.1,0.412,0.28659999999999997,,
2026-04-19 20:01:18,1.4834,537.327,82.5,0.384,0.28659999999999997,,
2026-04-19 21:01:18,,537.327,82.4,0.356,,,
2026-04-19 22:01:18,,537.327,83.7,0.329,,,
2026-04-19 23:01:18,1.6279,537.327,83.3,0.329,0.14210000000000012,,
2026-04-20 00:01:18,1.4897,537.327,84.0,0.301,0.2803,,
2026-04-20 01:01:18,,537.327,84.5,0.301,,,
2026-04-20 02:01:18,1.6279,537.327,84.2,0.301,0.14210000000000012,,
2026-04-20 03:01:18,1.4677,537.327,84.6,0.273,0.3023,,
2026-04-20 04:01:18,1.5054,537.327,85.0,0.273,0.26459999999999995,,
2026-04-20 05:01:18,1.4771,537.327,82.0,0.273,0.29289999999999994,,
2026-04-20 06:01:18,1.5179,537.327,77.3,0.246,0.2521,,
2026-04-20 07:01:18,1.496,537.327,75.9,0.246,0.274,,
2026-04-20 08:01:18,1.5022,537.327,75.6,0.246,0.26780000000000004,,
2026-04-20 09:01:18,1.5054,537.327,71.4,0.246,0.26459999999999995,,
2026-04-20 10:01:18,1.5085,537.327,70.5,0.246,0.26150000000000007,,
2026-04-20 11:01:18,1.5148,537.327,68.6,0.246,0.2552000000000001,,
2026-04-20 12:01:18,1.5148,537.327,75.6,0.246,0.2552000000000001,,
2026-04-20 13:01:18,1.4646,537.327,71.4,0.246,0.3054000000000001,,
2026-04-20 14:01:18,1.5431,537.327,68.9,0.246,0.2269000000000001,,
2026-04-20 15:01:18,,537.327,67.2,0.218,,,
2026-04-20 16:01:18,1.5274,537.327,71.6,0.218,0.24259999999999993,,
2026-04-20 17:01:18,1.5368,537.327,83.0,0.218,0.23320000000000007,,
2026-04-20 18:01:18,1.6876,537.327,84.0,0.218,0.08240000000000003,,
2026-04-20 19:01:18,1.6624,537.327,80.0,0.218,0.10759999999999992,,
2026-04-20 20:01:18,1.5525,537.327,81.4,0.218,0.21750000000000003,,
2026-04-20 21:01:18,1.5431,537.327,80.2,0.19,0.2269000000000001,,
2026-04-20 22:01:18,,537.327,76.9,0.19,,,
2026-04-20 23:01:18,1.5337,537.327,77.3,0.19,0.23629999999999995,,
2026-04-21 00:01:18,1.5494,537.327,78.7,0.19,0.2205999999999999,,
2026-04-21 01:01:18,,537.327,72.0,0.19,,,
2026-04-21 02:01:18,1.5619,537.327,72.8,0.19,0.20809999999999995,,
2026-04-21 03:01:18,1.5588,537.327,75.4,0.19,0.21120000000000005,,
2026-04-21 04:01:18,1.5619,537.327,76.1,0.19,0.20809999999999995,,
2026-04-21 05:01:18,1.5651,537.327,74.2,0.218,0.20490000000000008,,
2026-04-21 06:01:18,1.5619,537.327,77.1,0.218,0.20809999999999995,,
2026-04-21 07:01:18,1.5713,537.327,77.6,0.218,0.1987000000000001,,
2026-04-21 08:01:18,1.5745,537.327,80.0,0.218,0.1955,,
2026-04-21 09:01:18,1.5682,537.327,76.5,0.218,0.20179999999999998,,
2026-04-21 10:01:18,1.5776,537.327,73.8,0.218,0.19240000000000013,,
2026-04-21 11:01:18,1.5839,537.327,76.2,0.218,0.18609999999999993,,
2026-04-21 12:01:18,,537.327,80.9,0.246,,,
2026-04-21 13:01:18,1.5839,537.327,86.1,0.246,0.18609999999999993,,
2026-04-21 14:01:18,,537.327,87.1,0.246,,,
2026-04-21 15:01:18,1.587,537.327,89.7,0.273,0.18300000000000005,,
2026-04-21 16:01:18,1.5965,537.327,86.6,0.301,0.1735,,
2026-04-21 17:01:18,1.6122,537.327,89.0,0.301,0.15779999999999994,,
2026-04-21 18:01:18,1.6059,537.327,91.9,0.329,0.1640999999999999,,
2026-04-21 19:01:18,1.6028,537.327,90.0,0.356,0.16720000000000002,,
2026-04-21 20:01:18,1.5965,537.327,78.9,0.384,0.1735,,
2026-04-21 21:01:18,1.5933,537.327,73.0,0.412,0.17670000000000008,,
2026-04-21 22:01:18,1.6028,537.327,74.9,0.439,0.16720000000000002,,
2026-04-21 23:01:18,1.6153,537.327,74.1,0.467,0.15470000000000006,,
2026-04-22 00:01:18,1.6028,537.327,76.0,0.522,0.16720000000000002,,
2026-04-22 01:01:18,1.609,537.327,80.8,0.522,0.16100000000000003,,
2026-04-22 02:01:18,1.5996,537.327,85.3,0.577,0.1704000000000001,,
2026-04-22 03:01:18,,537.327,71.6,0.577,,,
2026-04-22 04:01:18,1.5996,537.327,66.2,0.605,0.1704000000000001,,
2026-04-22 05:01:18,1.6122,537.327,55.2,0.632,0.15779999999999994,,
2026-04-22 06:01:18,1.5996,537.327,63.0,0.66,0.1704000000000001,,
2026-04-22 07:01:18,1.609,537.327,73.1,0.687,0.16100000000000003,,
2026-04-22 08:01:18,1.5588,537.327,77.7,0.687,0.21120000000000005,,
2026-04-22 09:01:18,1.5965,537.327,69.2,0.715,0.1735,,
2026-04-22 10:01:18,1.5996,537.327,69.2,0.715,0.1704000000000001,,
2026-04-22 11:01:18,1.5996,537.327,74.0,0.742,0.1704000000000001,,
